date,detections,detections_snpp,detections_noaa20,detections_noaa21,active_events,frp_sum,product_status,new_events,active_events_7d,detections_7d
2012-01-20,0,0,0,0,0,0.0,,0,0.0,0.0
2012-01-21,0,0,0,0,0,0.0,,0,0.0,0.0
2012-01-22,1,1,0,0,1,3.1,SP,1,0.33,0.33
2012-01-23,5,5,0,0,4,21.5,SP,4,1.25,1.5
2012-01-24,0,0,0,0,0,0.0,,0,1.0,1.2
2012-01-25,0,0,0,0,0,0.0,,0,0.83,1.0
2012-01-26,1,1,0,0,1,2.4,SP,1,0.86,1.0
2012-01-27,0,0,0,0,0,0.0,,0,0.86,1.0
2012-01-28,1,1,0,0,1,1.1,SP,1,1.0,1.14
2012-01-29,0,0,0,0,0,0.0,,0,0.86,1.0
2012-01-30,0,0,0,0,0,0.0,,0,0.29,0.29
2012-01-31,0,0,0,0,0,0.0,,0,0.29,0.29
2012-02-01,7,7,0,0,7,31.4,SP,7,1.29,1.29
2012-02-02,3,3,0,0,3,12.3,SP,3,1.57,1.57
2012-02-03,18,18,0,0,10,97.0,SP,10,3.0,4.14
2012-02-04,0,0,0,0,0,0.0,,0,2.86,4.0
2012-02-05,0,0,0,0,0,0.0,,0,2.86,4.0
2012-02-06,0,0,0,0,0,0.0,,0,2.86,4.0
2012-02-07,0,0,0,0,0,0.0,,0,2.86,4.0
2012-02-08,2,2,0,0,2,8.2,SP,2,2.14,3.29
2012-02-09,0,0,0,0,0,0.0,,0,1.71,2.86
2012-02-10,0,0,0,0,0,0.0,,0,0.29,0.29
2012-02-11,1,1,0,0,1,1.0,SP,1,0.43,0.43
2012-02-12,0,0,0,0,0,0.0,,0,0.43,0.43
2012-02-13,0,0,0,0,0,0.0,,0,0.43,0.43
2012-02-14,0,0,0,0,0,0.0,,0,0.43,0.43
2012-02-15,2,2,0,0,2,8.7,SP,2,0.43,0.43
2012-02-16,11,11,0,0,6,116.8,SP,6,1.29,2.0
2012-02-17,0,0,0,0,0,0.0,,0,1.29,2.0
2012-02-18,0,0,0,0,0,0.0,,0,1.14,1.86
2012-02-19,10,10,0,0,8,25.8,SP,8,2.29,3.29
2012-02-20,0,0,0,0,0,0.0,,0,2.29,3.29
2012-02-21,1,1,0,0,1,2.1,SP,1,2.43,3.43
2012-02-22,1,1,0,0,1,4.3,SP,1,2.29,3.29
2012-02-23,1,1,0,0,1,2.6,SP,1,1.57,1.86
2012-02-24,14,14,0,0,6,327.8,SP,5,2.43,3.86
2012-02-25,8,8,0,0,3,74.6,SP,3,2.86,5.0
2012-02-26,3,3,0,0,3,1.8,SP,2,2.14,4.0
2012-02-27,0,0,0,0,0,0.0,,0,2.14,4.0
2012-02-28,5,5,0,0,4,23.0,SP,4,2.57,4.57
2012-02-29,7,7,0,0,4,78.5,SP,4,3.0,5.43
2012-03-01,27,27,0,0,19,116.0,SP,19,5.57,9.14
2012-03-02,2,2,0,0,2,3.6,SP,2,5.0,7.43
2012-03-03,0,0,0,0,0,0.0,,0,4.57,6.29
2012-03-04,2,2,0,0,2,10.5,SP,2,4.43,6.14
2012-03-05,13,13,0,0,9,66.6,SP,9,5.71,8.0
2012-03-06,8,8,0,0,7,38.9,SP,7,6.14,8.43
2012-03-07,0,0,0,0,0,0.0,,0,5.57,7.43
2012-03-08,9,9,0,0,3,90.0,SP,3,3.29,4.86
2012-03-09,4,4,0,0,3,11.9,SP,3,3.43,5.14
2012-03-10,1,1,0,0,1,7.1,SP,1,3.57,5.29
2012-03-11,29,29,0,0,11,300.8,SP,10,4.86,9.14
2012-03-12,65,65,0,0,36,411.4,SP,35,8.71,16.57
2012-03-13,18,18,0,0,15,94.5,SP,13,9.86,18.0
2012-03-14,37,37,0,0,24,238.8,SP,21,13.29,23.29
2012-03-15,14,14,0,0,11,62.9,SP,10,14.43,24.0
2012-03-16,0,0,0,0,0,0.0,,0,14.0,23.43
2012-03-17,4,4,0,0,3,13.9,SP,3,14.29,23.86
2012-03-18,10,10,0,0,8,71.3,SP,8,13.86,21.14
2012-03-19,17,17,0,0,12,79.7,SP,12,10.43,14.29
2012-03-20,7,7,0,0,6,42.8,SP,5,9.14,12.71
2012-03-21,30,30,0,0,19,167.9,SP,19,8.43,11.71
2012-03-22,124,124,0,0,78,724.2,SP,75,18.0,27.43
2012-03-23,30,30,0,0,23,176.7,SP,18,21.29,31.71
2012-03-24,6,6,0,0,1,8.4,SP,1,21.0,32.0
2012-03-25,0,0,0,0,0,0.0,,0,19.86,30.57
2012-03-26,0,0,0,0,0,0.0,,0,18.14,28.14
2012-03-27,321,321,0,0,129,1886.5,SP,129,35.71,73.0
2012-03-28,57,57,0,0,14,134.6,SP,7,35.0,76.86
2012-03-29,87,87,0,0,46,542.1,SP,42,30.43,71.57
2012-03-30,81,81,0,0,31,610.2,SP,30,31.57,78.86
2012-03-31,63,63,0,0,22,599.2,SP,20,34.57,87.0
2012-04-01,25,25,0,0,14,97.1,SP,12,36.57,90.57
2012-04-02,0,0,0,0,0,0.0,,0,36.57,90.57
2012-04-03,0,0,0,0,0,0.0,,0,18.14,44.71
2012-04-04,3,3,0,0,3,2.8,SP,3,16.57,37.0
2012-04-05,4,4,0,0,4,12.7,SP,4,10.57,25.14
2012-04-06,1,1,0,0,1,0.8,SP,1,6.29,13.71
2012-04-07,0,0,0,0,0,0.0,,0,3.14,4.71
2012-04-08,0,0,0,0,0,0.0,,0,1.14,1.14
2012-04-09,0,0,0,0,0,0.0,,0,1.14,1.14
2012-04-10,0,0,0,0,0,0.0,,0,1.14,1.14
2012-04-11,2,2,0,0,2,1.0,SP,2,1.0,1.0
2012-04-12,1,1,0,0,1,0.7,SP,1,0.57,0.57
2012-04-13,3,3,0,0,3,10.1,SP,3,0.86,0.86
2012-04-14,0,0,0,0,0,0.0,,0,0.86,0.86
2012-04-15,7,7,0,0,4,10.1,SP,4,1.43,1.86
2012-04-16,15,15,0,0,7,124.8,SP,7,2.43,4.0
2012-04-17,0,0,0,0,0,0.0,,0,2.43,4.0
2012-04-18,0,0,0,0,0,0.0,,0,2.14,3.71
2012-04-19,2,2,0,0,1,14.3,SP,1,2.14,3.86
2012-04-20,2,2,0,0,1,8.3,SP,1,1.86,3.71
2012-04-21,3,3,0,0,3,3.9,SP,2,2.29,4.14
2012-04-22,0,0,0,0,0,0.0,,0,1.71,3.14
2012-04-23,0,0,0,0,0,0.0,,0,0.71,1.0
2012-04-24,1,1,0,0,1,3.0,SP,1,0.86,1.14
2012-04-25,0,0,0,0,0,0.0,,0,0.86,1.14
2012-04-26,0,0,0,0,0,0.0,,0,0.71,0.86
2012-04-27,0,0,0,0,0,0.0,,0,0.57,0.57
2012-04-28,1,1,0,0,1,6.6,SP,1,0.29,0.29
2012-04-29,1,1,0,0,1,11.8,SP,1,0.43,0.43
2012-04-30,2,2,0,0,2,6.2,SP,2,0.71,0.71
2012-05-01,0,0,0,0,0,0.0,,0,0.57,0.57
2012-05-02,3,3,0,0,1,93.8,SP,1,0.71,1.0
2012-05-03,5,5,0,0,4,15.5,SP,4,1.29,1.71
2012-05-04,0,0,0,0,0,0.0,,0,1.29,1.71
2012-05-05,2,2,0,0,2,7.9,SP,2,1.43,1.86
2012-05-06,1,1,0,0,1,4.0,SP,1,1.43,1.86
2012-05-07,2,2,0,0,1,2.6,SP,1,1.29,1.86
2012-05-08,0,0,0,0,0,0.0,,0,1.29,1.86
2012-05-09,0,0,0,0,0,0.0,,0,1.14,1.43
2012-05-10,0,0,0,0,0,0.0,,0,0.57,0.71
2012-05-11,2,2,0,0,2,3.6,SP,2,0.86,1.0
2012-05-12,4,4,0,0,4,4.1,SP,4,1.14,1.29
2012-05-13,6,6,0,0,4,168.1,SP,3,1.57,2.0
2012-05-14,3,3,0,0,3,3.7,SP,3,1.86,2.14
2012-05-15,4,4,0,0,1,27.4,SP,1,2.0,2.71
2012-05-16,2,2,0,0,2,0.8,SP,2,2.29,3.0
2012-05-17,0,0,0,0,0,0.0,,0,2.29,3.0
2012-05-18,0,0,0,0,0,0.0,,0,2.0,2.71
2012-05-19,1,1,0,0,1,0.5,SP,1,1.57,2.29
2012-05-20,1,1,0,0,1,5.1,SP,1,1.14,1.57
2012-05-21,0,0,0,0,0,0.0,,0,0.71,1.14
2012-05-22,4,4,0,0,4,5.7,SP,4,1.14,1.14
2012-05-23,6,6,0,0,6,5.3,SP,5,1.71,1.71
2012-05-24,5,5,0,0,5,11.9,SP,4,2.43,2.43
2012-05-25,12,12,0,0,7,23.4,SP,6,3.43,4.14
2012-05-26,33,33,0,0,16,277.9,SP,15,5.57,8.71
2012-05-27,5,5,0,0,5,15.5,SP,5,6.14,9.29
2012-05-28,13,13,0,0,11,46.3,SP,9,7.71,11.14
2012-05-29,9,9,0,0,5,8.8,SP,4,7.86,11.86
2012-05-30,1,1,0,0,1,1.7,SP,1,7.14,11.14
2012-05-31,0,0,0,0,0,0.0,,0,6.43,10.43
2012-06-01,2,2,0,0,2,3.7,SP,2,5.71,9.0
2012-06-02,1,1,0,0,1,3.4,SP,1,3.57,4.43
2012-06-03,1,1,0,0,1,2.1,SP,1,3.0,3.86
2012-06-04,15,15,0,0,6,200.2,SP,6,2.29,4.14
2012-06-05,4,4,0,0,4,4.1,SP,4,2.14,3.43
2012-06-06,3,3,0,0,2,11.2,SP,2,2.29,3.71
2012-06-07,0,0,0,0,0,0.0,,0,2.29,3.71
2012-06-08,0,0,0,0,0,0.0,,0,2.0,3.43
2012-06-09,0,0,0,0,0,0.0,,0,1.86,3.29
2012-06-10,0,0,0,0,0,0.0,,0,1.71,3.14
2012-06-11,0,0,0,0,0,0.0,,0,0.86,1.0
2012-06-12,0,0,0,0,0,0.0,,0,0.29,0.43
2012-06-13,2,2,0,0,1,9.6,SP,1,0.14,0.29
2012-06-14,5,5,0,0,4,12.1,SP,4,0.71,1.0
2012-06-15,0,0,0,0,0,0.0,,0,0.71,1.0
2012-06-16,0,0,0,0,0,0.0,,0,0.71,1.0
2012-06-17,0,0,0,0,0,0.0,,0,0.71,1.0
2012-06-18,0,0,0,0,0,0.0,,0,0.71,1.0
2012-06-19,5,5,0,0,4,12.7,SP,4,1.29,1.71
2012-06-20,0,0,0,0,0,0.0,,0,1.14,1.43
2012-06-21,0,0,0,0,0,0.0,,0,0.57,0.71
2012-06-22,0,0,0,0,0,0.0,,0,0.57,0.71
2012-06-23,0,0,0,0,0,0.0,,0,0.57,0.71
2012-06-24,0,0,0,0,0,0.0,,0,0.57,0.71
2012-06-25,2,2,0,0,2,1.3,SP,2,0.86,1.0
2012-06-26,0,0,0,0,0,0.0,,0,0.29,0.29
2012-06-27,0,0,0,0,0,0.0,,0,0.29,0.29
2012-06-28,0,0,0,0,0,0.0,,0,0.29,0.29
2012-06-29,1,1,0,0,1,0.6,SP,1,0.43,0.43
2012-06-30,1,1,0,0,1,0.5,SP,1,0.57,0.57
2012-07-01,2,2,0,0,1,2.6,SP,1,0.71,0.86
2012-07-02,0,0,0,0,0,0.0,,0,0.43,0.57
2012-07-03,0,0,0,0,0,0.0,,0,0.43,0.57
2012-07-04,0,0,0,0,0,0.0,,0,0.43,0.57
2012-07-05,0,0,0,0,0,0.0,,0,0.43,0.57
2012-07-06,0,0,0,0,0,0.0,,0,0.29,0.43
2012-07-07,0,0,0,0,0,0.0,,0,0.14,0.29
2012-07-08,0,0,0,0,0,0.0,,0,0.0,0.0
2012-07-09,1,1,0,0,1,0.3,SP,1,0.14,0.14
2012-07-10,0,0,0,0,0,0.0,,0,0.14,0.14
2012-07-11,1,1,0,0,1,1.6,SP,1,0.29,0.29
2012-07-12,133,133,0,0,50,204.0,SP,50,7.43,19.29
2012-07-13,0,0,0,0,0,0.0,,0,7.43,19.29
2012-07-14,0,0,0,0,0,0.0,,0,7.43,19.29
2012-07-15,1,1,0,0,1,0.4,SP,1,7.57,19.43
2012-07-16,0,0,0,0,0,0.0,,0,7.43,19.29
2012-07-17,0,0,0,0,0,0.0,,0,7.43,19.29
2012-07-18,1,1,0,0,1,0.5,SP,1,7.43,19.29
2012-07-19,0,0,0,0,0,0.0,,0,0.29,0.29
2012-07-20,0,0,0,0,0,0.0,,0,0.29,0.29
2012-07-21,1,1,0,0,1,1.0,SP,1,0.43,0.43
2012-07-22,0,0,0,0,0,0.0,,0,0.29,0.29
2012-07-23,0,0,0,0,0,0.0,,0,0.29,0.29
2012-07-24,5,5,0,0,3,24.5,SP,3,0.71,1.0
2012-07-25,4,4,0,0,2,4.3,SP,2,0.86,1.43
2012-07-26,1,1,0,0,1,2.6,SP,1,1.0,1.57
2012-07-27,5,5,0,0,3,2.3,SP,3,1.43,2.29
2012-07-28,0,0,0,0,0,0.0,,0,1.29,2.14
2012-07-29,1,1,0,0,1,1.5,SP,1,1.43,2.29
2012-07-30,4,4,0,0,4,5.3,SP,4,2.0,2.86
2012-07-31,1,1,0,0,1,3.9,SP,1,1.71,2.29
2012-08-01,3,3,0,0,3,1.2,SP,3,1.86,2.14
2012-08-02,0,0,0,0,0,0.0,,0,1.71,2.0
2012-08-03,1,1,0,0,1,0.5,SP,1,1.43,1.43
2012-08-04,1,1,0,0,1,1.5,SP,1,1.57,1.57
2012-08-05,1,1,0,0,1,3.0,SP,1,1.57,1.57
2012-08-06,0,0,0,0,0,0.0,,0,1.0,1.0
2012-08-07,0,0,0,0,0,0.0,,0,0.86,0.86
2012-08-08,1,1,0,0,1,2.6,SP,1,0.57,0.57
2012-08-09,6,6,0,0,3,35.1,SP,3,1.0,1.43
2012-08-10,5,5,0,0,3,7.4,SP,3,1.29,2.0
2012-08-11,11,11,0,0,5,15.3,SP,5,1.86,3.43
2012-08-12,8,8,0,0,6,10.0,SP,5,2.57,4.43
2012-08-13,2,2,0,0,2,1.0,SP,2,2.86,4.71
2012-08-14,2,2,0,0,2,3.1,SP,2,3.14,5.0
2012-08-15,1,1,0,0,1,2.0,SP,0,3.14,5.0
2012-08-16,4,4,0,0,4,2.6,SP,4,3.29,4.71
2012-08-17,0,0,0,0,0,0.0,,0,2.86,4.0
2012-08-18,1,1,0,0,1,4.6,SP,1,2.29,2.57
2012-08-19,6,6,0,0,3,4.4,SP,3,1.86,2.29
2012-08-20,2,2,0,0,2,13.0,SP,2,1.86,2.29
2012-08-21,0,0,0,0,0,0.0,,0,1.57,2.0
2012-08-22,7,7,0,0,5,10.4,SP,5,2.14,2.86
2012-08-23,0,0,0,0,0,0.0,,0,1.57,2.29
2012-08-24,0,0,0,0,0,0.0,,0,1.57,2.29
2012-08-25,6,6,0,0,3,12.7,SP,3,1.86,3.0
2012-08-26,1,1,0,0,1,1.1,SP,1,1.57,2.29
2012-08-27,1,1,0,0,1,3.0,SP,1,1.43,2.14
2012-08-28,2,2,0,0,2,2.2,SP,2,1.71,2.43
2012-08-29,4,4,0,0,3,2.7,SP,3,1.43,2.0
2012-08-30,0,0,0,0,0,0.0,,0,1.43,2.0
2012-08-31,1,1,0,0,1,1.0,SP,1,1.57,2.14
2012-09-01,2,2,0,0,1,4.8,SP,1,1.29,1.57
2012-09-02,3,3,0,0,2,9.0,SP,2,1.43,1.86
2012-09-03,4,4,0,0,2,7.7,SP,2,1.57,2.29
2012-09-04,3,3,0,0,3,7.0,SP,3,1.71,2.43
2012-09-05,7,7,0,0,5,22.4,SP,5,2.0,2.86
2012-09-06,5,5,0,0,5,32.0,SP,5,2.71,3.57
2012-09-07,17,17,0,0,15,41.2,SP,14,4.71,5.86
2012-09-08,10,10,0,0,7,15.8,SP,7,5.57,7.0
2012-09-09,10,10,0,0,5,13.2,SP,5,6.0,8.0
2012-09-10,3,3,0,0,3,6.3,SP,3,6.14,7.86
2012-09-11,5,5,0,0,5,19.3,SP,5,6.43,8.14
2012-09-12,4,4,0,0,2,5.6,SP,2,6.0,7.71
2012-09-13,1,1,0,0,1,3.3,SP,1,5.43,7.14
2012-09-14,0,0,0,0,0,0.0,,0,3.29,4.71
2012-09-15,10,10,0,0,6,169.4,SP,6,3.14,4.71
2012-09-16,1,1,0,0,1,1.1,SP,1,2.57,3.43
2012-09-17,15,15,0,0,6,68.7,SP,6,3.0,5.14
2012-09-18,19,19,0,0,13,65.2,SP,11,4.14,7.14
2012-09-19,4,4,0,0,3,12.3,SP,2,4.29,7.14
2012-09-20,4,4,0,0,3,13.8,SP,3,4.57,7.57
2012-09-21,0,0,0,0,0,0.0,,0,4.57,7.57
2012-09-22,10,10,0,0,6,42.8,SP,6,4.57,7.57
2012-09-23,3,3,0,0,3,11.7,SP,2,4.86,7.86
2012-09-24,0,0,0,0,0,0.0,,0,4.0,5.71
2012-09-25,0,0,0,0,0,0.0,,0,2.14,3.0
2012-09-26,2,2,0,0,2,6.5,SP,2,2.0,2.71
2012-09-27,1,1,0,0,1,2.6,SP,1,1.71,2.29
2012-09-28,0,0,0,0,0,0.0,,0,1.71,2.29
2012-09-29,8,8,0,0,8,11.8,SP,8,2.0,2.0
2012-09-30,1,1,0,0,1,0.9,SP,1,1.71,1.71
2012-10-01,1,1,0,0,1,9.4,SP,1,1.86,1.86
2012-10-02,2,2,0,0,1,16.2,SP,1,2.0,2.14
2012-10-03,3,3,0,0,3,8.3,SP,3,2.14,2.29
2012-10-04,4,4,0,0,4,15.1,SP,4,2.57,2.71
2012-10-05,0,0,0,0,0,0.0,,0,2.57,2.71
2012-10-06,2,2,0,0,1,5.5,SP,1,1.57,1.86
2012-10-07,20,20,0,0,9,63.8,SP,9,2.71,4.57
2012-10-08,5,5,0,0,3,7.4,SP,2,3.0,5.14
2012-10-09,6,6,0,0,5,23.9,SP,4,3.57,5.71
2012-10-10,18,18,0,0,14,83.6,SP,14,5.14,7.86
2012-10-11,0,0,0,0,0,0.0,,0,4.57,7.29
2012-10-12,3,3,0,0,2,4.3,SP,2,4.86,7.71
2012-10-13,3,3,0,0,2,6.6,SP,2,5.0,7.86
2012-10-14,1,1,0,0,1,1.0,SP,1,3.86,5.14
2012-10-15,0,0,0,0,0,0.0,,0,3.43,4.43
2012-10-16,0,0,0,0,0,0.0,,0,2.71,3.57
2012-10-17,0,0,0,0,0,0.0,,0,0.71,1.0
2012-10-18,2,2,0,0,2,3.8,SP,2,1.0,1.29
2012-10-19,1,1,0,0,1,5.0,SP,1,0.86,1.0
2012-10-20,5,5,0,0,3,8.6,SP,2,1.0,1.29
2012-10-21,4,4,0,0,2,11.5,SP,1,1.14,1.71
2012-10-22,0,0,0,0,0,0.0,,0,1.14,1.71
2012-10-23,0,0,0,0,0,0.0,,0,1.14,1.71
2012-10-24,0,0,0,0,0,0.0,,0,1.14,1.71
2012-10-25,0,0,0,0,0,0.0,,0,0.86,1.43
2012-10-26,0,0,0,0,0,0.0,,0,0.71,1.29
2012-10-27,5,5,0,0,3,88.7,SP,3,0.71,1.29
2012-10-28,4,4,0,0,3,5.6,SP,3,0.86,1.29
2012-10-29,0,0,0,0,0,0.0,,0,0.86,1.29
2012-10-30,0,0,0,0,0,0.0,,0,0.86,1.29
2012-10-31,1,1,0,0,1,0.6,SP,1,1.0,1.43
2012-11-01,0,0,0,0,0,0.0,,0,1.0,1.43
2012-11-02,0,0,0,0,0,0.0,,0,1.0,1.43
2012-11-03,21,21,0,0,13,29.1,SP,13,2.43,3.71
2012-11-04,56,56,0,0,38,124.9,SP,37,7.43,11.14
2012-11-05,18,18,0,0,14,24.8,SP,12,9.43,13.71
2012-11-06,51,51,0,0,35,78.7,SP,34,14.43,21.0
2012-11-07,0,0,0,0,0,0.0,,0,14.29,20.86
2012-11-08,1,1,0,0,1,0.9,SP,1,14.43,21.0
2012-11-09,0,0,0,0,0,0.0,,0,14.43,21.0
2012-11-10,0,0,0,0,0,0.0,,0,12.57,18.0
2012-11-11,15,15,0,0,12,44.9,SP,12,8.86,12.14
2012-11-12,4,4,0,0,2,9.8,SP,1,7.14,10.14
2012-11-13,2,2,0,0,2,27.7,SP,1,2.43,3.14
2012-11-14,2,2,0,0,2,20.2,SP,1,2.71,3.43
2012-11-15,4,4,0,0,1,20.2,SP,0,2.71,3.86
2012-11-16,0,0,0,0,0,0.0,,0,2.71,3.86
2012-11-17,0,0,0,0,0,0.0,,0,2.71,3.86
2012-11-18,9,9,0,0,4,43.8,SP,4,1.57,3.0
2012-11-19,3,3,0,0,1,18.5,SP,0,1.43,2.86
2012-11-20,0,0,0,0,0,0.0,,0,1.14,2.57
2012-11-21,1,1,0,0,1,2.6,SP,1,1.0,2.43
2012-11-22,1,1,0,0,1,0.3,SP,1,1.0,2.0
2012-11-23,0,0,0,0,0,0.0,,0,1.0,2.0
2012-11-24,2,2,0,0,2,4.7,SP,2,1.29,2.29
2012-11-25,0,0,0,0,0,0.0,,0,0.71,1.0
2012-11-26,0,0,0,0,0,0.0,,0,0.57,0.57
2012-11-27,0,0,0,0,0,0.0,,0,0.57,0.57
2012-11-28,2,2,0,0,1,2.5,SP,1,0.57,0.71
2012-11-29,1,1,0,0,1,4.8,SP,1,0.57,0.71
2012-11-30,1,1,0,0,1,5.7,SP,1,0.71,0.86
2012-12-01,0,0,0,0,0,0.0,,0,0.43,0.57
2012-12-02,0,0,0,0,0,0.0,,0,0.43,0.57
2012-12-03,0,0,0,0,0,0.0,,0,0.43,0.57
2012-12-04,3,3,0,0,1,3.7,SP,1,0.57,1.0
2012-12-05,1,1,0,0,1,1.3,SP,1,0.57,0.86
2012-12-06,2,2,0,0,2,2.1,SP,0,0.71,1.0
2012-12-07,5,5,0,0,3,11.2,SP,2,1.0,1.57
2012-12-08,0,0,0,0,0,0.0,,0,1.0,1.57
2012-12-09,0,0,0,0,0,0.0,,0,1.0,1.57
2012-12-10,4,4,0,0,3,12.3,SP,3,1.43,2.14
2012-12-11,2,2,0,0,2,2.5,SP,2,1.57,2.0
2012-12-12,0,0,0,0,0,0.0,,0,1.43,1.86
2012-12-13,1,1,0,0,1,0.6,SP,1,1.29,1.71
2012-12-14,0,0,0,0,0,0.0,,0,0.86,1.0
2012-12-15,0,0,0,0,0,0.0,,0,0.86,1.0
2012-12-16,0,0,0,0,0,0.0,,0,0.86,1.0
2012-12-17,0,0,0,0,0,0.0,,0,0.43,0.43
2012-12-18,0,0,0,0,0,0.0,,0,0.14,0.14
2012-12-19,0,0,0,0,0,0.0,,0,0.14,0.14
2012-12-20,0,0,0,0,0,0.0,,0,0.0,0.0
2012-12-21,0,0,0,0,0,0.0,,0,0.0,0.0
2012-12-22,0,0,0,0,0,0.0,,0,0.0,0.0
2012-12-23,0,0,0,0,0,0.0,,0,0.0,0.0
2012-12-24,0,0,0,0,0,0.0,,0,0.0,0.0
2012-12-25,0,0,0,0,0,0.0,,0,0.0,0.0
2012-12-26,1,1,0,0,1,0.5,SP,1,0.14,0.14
2012-12-27,0,0,0,0,0,0.0,,0,0.14,0.14
2012-12-28,0,0,0,0,0,0.0,,0,0.14,0.14
2012-12-29,0,0,0,0,0,0.0,,0,0.14,0.14
2012-12-30,1,1,0,0,1,0.7,SP,1,0.29,0.29
2012-12-31,0,0,0,0,0,0.0,,0,0.29,0.29
2013-01-01,5,5,0,0,2,5.2,SP,2,0.57,1.0
2013-01-02,0,0,0,0,0,0.0,,0,0.43,0.86
2013-01-03,0,0,0,0,0,0.0,,0,0.43,0.86
2013-01-04,0,0,0,0,0,0.0,,0,0.43,0.86
2013-01-05,0,0,0,0,0,0.0,,0,0.43,0.86
2013-01-06,0,0,0,0,0,0.0,,0,0.29,0.71
2013-01-07,0,0,0,0,0,0.0,,0,0.29,0.71
2013-01-08,0,0,0,0,0,0.0,,0,0.0,0.0
2013-01-09,0,0,0,0,0,0.0,,0,0.0,0.0
2013-01-10,0,0,0,0,0,0.0,,0,0.0,0.0
2013-01-11,0,0,0,0,0,0.0,,0,0.0,0.0
2013-01-12,0,0,0,0,0,0.0,,0,0.0,0.0
2013-01-13,0,0,0,0,0,0.0,,0,0.0,0.0
2013-01-14,0,0,0,0,0,0.0,,0,0.0,0.0
2013-01-15,1,1,0,0,1,1.1,SP,1,0.14,0.14
2013-01-16,1,1,0,0,1,1.3,SP,1,0.29,0.29
2013-01-17,0,0,0,0,0,0.0,,0,0.29,0.29
2013-01-18,2,2,0,0,1,8.0,SP,1,0.43,0.57
2013-01-19,0,0,0,0,0,0.0,,0,0.43,0.57
2013-01-20,0,0,0,0,0,0.0,,0,0.43,0.57
2013-01-21,0,0,0,0,0,0.0,,0,0.43,0.57
2013-01-22,0,0,0,0,0,0.0,,0,0.29,0.43
2013-01-23,0,0,0,0,0,0.0,,0,0.14,0.29
2013-01-24,0,0,0,0,0,0.0,,0,0.14,0.29
2013-01-25,0,0,0,0,0,0.0,,0,0.0,0.0
2013-01-26,0,0,0,0,0,0.0,,0,0.0,0.0
2013-01-27,1,1,0,0,1,6.0,SP,1,0.14,0.14
2013-01-28,0,0,0,0,0,0.0,,0,0.14,0.14
2013-01-29,0,0,0,0,0,0.0,,0,0.14,0.14
2013-01-30,0,0,0,0,0,0.0,,0,0.14,0.14
2013-01-31,0,0,0,0,0,0.0,,0,0.14,0.14
2013-02-01,0,0,0,0,0,0.0,,0,0.14,0.14
2013-02-02,0,0,0,0,0,0.0,,0,0.14,0.14
2013-02-03,0,0,0,0,0,0.0,,0,0.0,0.0
2013-02-04,1,1,0,0,1,3.1,SP,1,0.14,0.14
2013-02-05,0,0,0,0,0,0.0,,0,0.14,0.14
2013-02-06,1,1,0,0,1,3.2,SP,1,0.29,0.29
2013-02-07,0,0,0,0,0,0.0,,0,0.29,0.29
2013-02-08,0,0,0,0,0,0.0,,0,0.29,0.29
2013-02-09,0,0,0,0,0,0.0,,0,0.29,0.29
2013-02-10,0,0,0,0,0,0.0,,0,0.29,0.29
2013-02-11,0,0,0,0,0,0.0,,0,0.14,0.14
2013-02-12,0,0,0,0,0,0.0,,0,0.14,0.14
2013-02-13,0,0,0,0,0,0.0,,0,0.0,0.0
2013-02-14,0,0,0,0,0,0.0,,0,0.0,0.0
2013-02-15,1,1,0,0,1,0.8,SP,1,0.14,0.14
2013-02-16,1,1,0,0,1,2.5,SP,1,0.29,0.29
2013-02-17,2,2,0,0,2,14.0,SP,2,0.57,0.57
2013-02-18,10,10,0,0,8,39.3,SP,8,1.71,2.0
2013-02-19,19,19,0,0,14,94.8,SP,13,3.71,4.71
2013-02-20,7,7,0,0,5,28.4,SP,5,4.43,5.71
2013-02-21,18,18,0,0,10,65.7,SP,8,5.86,8.29
2013-02-22,8,8,0,0,5,67.8,SP,5,6.43,9.29
2013-02-23,0,0,0,0,0,0.0,,0,6.29,9.14
2013-02-24,0,0,0,0,0,0.0,,0,6.0,8.86
2013-02-25,10,10,0,0,8,68.5,SP,8,6.0,8.86
2013-02-26,36,36,0,0,22,227.0,SP,22,7.14,11.29
2013-02-27,24,24,0,0,18,164.8,SP,17,9.0,13.71
2013-02-28,36,36,0,0,21,160.2,SP,18,10.57,16.29
2013-03-01,17,17,0,0,11,93.6,SP,10,11.43,17.57
2013-03-02,32,32,0,0,24,169.3,SP,22,14.86,22.14
2013-03-03,4,4,0,0,2,34.2,SP,2,15.14,22.71
2013-03-04,10,10,0,0,8,55.8,SP,8,15.14,22.71
2013-03-05,47,47,0,0,39,206.7,SP,38,17.57,24.29
2013-03-06,3,3,0,0,2,5.0,SP,2,15.29,21.29
2013-03-07,0,0,0,0,0,0.0,,0,12.29,16.14
2013-03-08,0,0,0,0,0,0.0,,0,10.71,13.71
2013-03-09,0,0,0,0,0,0.0,,0,7.29,9.14
2013-03-10,5,5,0,0,2,23.3,SP,2,7.29,9.29
2013-03-11,48,48,0,0,16,363.8,SP,16,8.43,14.71
2013-03-12,4,4,0,0,4,9.2,SP,3,3.43,8.57
2013-03-13,5,5,0,0,5,18.9,SP,4,3.86,8.86
2013-03-14,7,7,0,0,5,23.1,SP,5,4.57,9.86
2013-03-15,0,0,0,0,0,0.0,,0,4.57,9.86
2013-03-16,0,0,0,0,0,0.0,,0,4.57,9.86
2013-03-17,0,0,0,0,0,0.0,,0,4.29,9.14
2013-03-18,1,1,0,0,1,0.7,SP,1,2.14,2.43
2013-03-19,0,0,0,0,0,0.0,,0,1.57,1.86
2013-03-20,6,6,0,0,3,28.1,SP,3,1.29,2.0
2013-03-21,8,8,0,0,3,64.2,SP,2,1.0,2.14
2013-03-22,0,0,0,0,0,0.0,,0,1.0,2.14
2013-03-23,0,0,0,0,0,0.0,,0,1.0,2.14
2013-03-24,14,14,0,0,4,67.2,SP,4,1.57,4.14
2013-03-25,7,7,0,0,6,19.5,SP,5,2.29,5.0
2013-03-26,8,8,0,0,6,16.8,SP,5,3.14,6.14
2013-03-27,52,52,0,0,8,604.2,SP,7,3.86,12.71
2013-03-28,48,48,0,0,12,207.4,SP,8,5.14,18.43
2013-03-29,40,40,0,0,11,314.7,SP,8,6.71,24.14
2013-03-30,39,39,0,0,15,188.2,SP,13,8.86,29.71
2013-03-31,19,19,0,0,7,68.3,SP,6,9.29,30.43
2013-04-01,62,62,0,0,30,506.3,SP,28,12.71,38.29
2013-04-02,124,124,0,0,28,857.1,SP,23,15.86,54.86
2013-04-03,64,64,0,0,23,713.4,SP,18,18.0,56.57
2013-04-04,52,52,0,0,13,218.6,SP,7,18.14,57.14
2013-04-05,24,24,0,0,12,93.8,SP,11,18.29,54.86
2013-04-06,17,17,0,0,14,77.6,SP,13,18.14,51.71
2013-04-07,0,0,0,0,0,0.0,,0,17.14,49.0
2013-04-08,19,19,0,0,6,314.4,SP,6,13.71,42.86
2013-04-09,23,23,0,0,9,65.7,SP,8,11.0,28.43
2013-04-10,5,5,0,0,3,36.4,SP,3,8.14,20.0
2013-04-11,0,0,0,0,0,0.0,,0,6.29,12.57
2013-04-12,0,0,0,0,0,0.0,,0,4.57,9.14
2013-04-13,2,2,0,0,2,13.2,SP,2,2.86,7.0
2013-04-14,0,0,0,0,0,0.0,,0,2.86,7.0
2013-04-15,1,1,0,0,1,5.6,SP,1,2.14,4.43
2013-04-16,0,0,0,0,0,0.0,,0,0.86,1.14
2013-04-17,0,0,0,0,0,0.0,,0,0.43,0.43
2013-04-18,17,17,0,0,1,182.9,SP,1,0.57,2.86
2013-04-19,3,3,0,0,3,8.2,SP,3,1.0,3.29
2013-04-20,4,4,0,0,4,3.8,SP,3,1.29,3.57
2013-04-21,1,1,0,0,1,0.6,SP,1,1.43,3.71
2013-04-22,2,2,0,0,2,7.5,SP,2,1.57,3.86
2013-04-23,5,5,0,0,5,8.0,SP,5,2.29,4.57
2013-04-24,1,1,0,0,1,4.6,SP,1,2.43,4.71
2013-04-25,0,0,0,0,0,0.0,,0,2.29,2.29
2013-04-26,4,4,0,0,3,11.7,SP,3,2.29,2.43
2013-04-27,3,3,0,0,3,5.8,SP,3,2.14,2.29
2013-04-28,4,4,0,0,1,3.3,SP,1,2.14,2.71
2013-04-29,4,4,0,0,2,18.4,SP,2,2.14,3.0
2013-04-30,18,18,0,0,10,94.2,SP,10,2.86,4.86
2013-05-01,16,16,0,0,11,83.1,SP,11,4.29,7.0
2013-05-02,7,7,0,0,5,15.4,SP,5,5.0,8.0
2013-05-03,3,3,0,0,3,15.1,SP,3,5.0,7.86
2013-05-04,4,4,0,0,2,9.0,SP,2,4.86,8.0
2013-05-05,3,3,0,0,3,3.1,SP,3,5.14,7.86
2013-05-06,6,6,0,0,5,38.0,SP,5,5.57,8.14
2013-05-07,6,6,0,0,3,35.2,SP,3,4.57,6.43
2013-05-08,3,3,0,0,2,3.6,SP,1,3.29,4.57
2013-05-09,2,2,0,0,1,1.4,SP,0,2.71,3.86
2013-05-10,3,3,0,0,2,6.3,SP,2,2.57,3.86
2013-05-11,1,1,0,0,1,1.2,SP,1,2.43,3.43
2013-05-12,1,1,0,0,1,1.4,SP,1,2.14,3.14
2013-05-13,0,0,0,0,0,0.0,,0,1.43,2.29
2013-05-14,1,1,0,0,1,5.8,SP,1,1.14,1.57
2013-05-15,0,0,0,0,0,0.0,,0,0.86,1.14
2013-05-16,2,2,0,0,1,1.3,SP,1,0.86,1.14
2013-05-17,0,0,0,0,0,0.0,,0,0.57,0.71
2013-05-18,0,0,0,0,0,0.0,,0,0.43,0.57
2013-05-19,0,0,0,0,0,0.0,,0,0.29,0.43
2013-05-20,0,0,0,0,0,0.0,,0,0.29,0.43
2013-05-21,0,0,0,0,0,0.0,,0,0.14,0.29
2013-05-22,2,2,0,0,2,3.8,SP,2,0.43,0.57
2013-05-23,0,0,0,0,0,0.0,,0,0.29,0.29
2013-05-24,0,0,0,0,0,0.0,,0,0.29,0.29
2013-05-25,2,2,0,0,1,7.2,SP,1,0.43,0.57
2013-05-26,2,2,0,0,2,2.6,SP,2,0.71,0.86
2013-05-27,0,0,0,0,0,0.0,,0,0.71,0.86
2013-05-28,1,1,0,0,1,0.2,SP,1,0.86,1.0
2013-05-29,0,0,0,0,0,0.0,,0,0.57,0.71
2013-05-30,0,0,0,0,0,0.0,,0,0.57,0.71
2013-05-31,2,2,0,0,2,2.9,SP,2,0.86,1.0
2013-06-01,14,14,0,0,3,10.4,SP,3,1.14,2.71
2013-06-02,2,2,0,0,2,5.5,SP,2,1.14,2.71
2013-06-03,3,3,0,0,2,6.0,SP,2,1.43,3.14
2013-06-04,23,23,0,0,15,83.4,SP,14,3.43,6.29
2013-06-05,11,11,0,0,4,91.7,SP,4,4.0,7.86
2013-06-06,11,11,0,0,7,36.5,SP,7,5.0,9.43
2013-06-07,8,8,0,0,4,34.0,SP,2,5.29,10.29
2013-06-08,17,17,0,0,6,153.4,SP,5,5.71,10.71
2013-06-09,4,4,0,0,3,6.4,SP,3,5.86,11.0
2013-06-10,13,13,0,0,5,46.1,SP,5,6.29,12.43
2013-06-11,0,0,0,0,0,0.0,,0,4.14,9.14
2013-06-12,0,0,0,0,0,0.0,,0,3.57,7.57
2013-06-13,0,0,0,0,0,0.0,,0,2.57,6.0
2013-06-14,1,1,0,0,1,1.4,SP,1,2.14,5.0
2013-06-15,1,1,0,0,1,1.6,SP,1,1.43,2.71
2013-06-16,2,2,0,0,2,5.4,SP,2,1.29,2.43
2013-06-17,4,4,0,0,2,14.5,SP,2,0.86,1.14
2013-06-18,1,1,0,0,1,0.5,SP,1,1.0,1.29
2013-06-19,2,2,0,0,2,4.4,SP,2,1.29,1.57
2013-06-20,0,0,0,0,0,0.0,,0,1.29,1.57
2013-06-21,0,0,0,0,0,0.0,,0,1.14,1.43
2013-06-22,0,0,0,0,0,0.0,,0,1.0,1.29
2013-06-23,0,0,0,0,0,0.0,,0,0.71,1.0
2013-06-24,1,1,0,0,1,1.1,SP,1,0.57,0.57
2013-06-25,1,1,0,0,1,4.0,SP,1,0.57,0.57
2013-06-26,3,3,0,0,3,7.8,SP,3,0.71,0.71
2013-06-27,0,0,0,0,0,0.0,,0,0.71,0.71
2013-06-28,0,0,0,0,0,0.0,,0,0.71,0.71
2013-06-29,0,0,0,0,0,0.0,,0,0.71,0.71
2013-06-30,5,5,0,0,4,8.2,SP,4,1.29,1.43
2013-07-01,18,18,0,0,3,216.6,SP,2,1.57,3.86
2013-07-02,0,0,0,0,0,0.0,,0,1.43,3.71
2013-07-03,0,0,0,0,0,0.0,,0,1.0,3.29
2013-07-04,0,0,0,0,0,0.0,,0,1.0,3.29
2013-07-05,3,3,0,0,2,11.3,SP,2,1.29,3.71
2013-07-06,5,5,0,0,2,5.4,SP,2,1.57,4.43
2013-07-07,6,6,0,0,4,17.6,SP,4,1.57,4.57
2013-07-08,14,14,0,0,9,90.6,SP,9,2.43,4.0
2013-07-09,10,10,0,0,8,16.6,SP,7,3.57,5.43
2013-07-10,6,6,0,0,5,20.2,SP,5,4.29,6.29
2013-07-11,16,16,0,0,9,51.8,SP,8,5.57,8.57
2013-07-12,239,239,0,0,73,352.7,SP,71,15.71,42.29
2013-07-13,7,7,0,0,6,11.8,SP,2,16.29,42.57
2013-07-14,4,4,0,0,4,3.2,SP,4,16.29,42.29
2013-07-15,8,8,0,0,8,21.3,SP,7,16.14,41.43
2013-07-16,8,8,0,0,7,29.5,SP,7,16.0,41.14
2013-07-17,7,7,0,0,5,12.4,SP,5,16.0,41.29
2013-07-18,6,6,0,0,4,10.5,SP,4,15.29,39.86
2013-07-19,12,12,0,0,8,47.2,SP,8,6.0,7.43
2013-07-20,13,13,0,0,6,18.3,SP,5,6.0,8.29
2013-07-21,2,2,0,0,2,2.4,SP,2,5.71,8.0
2013-07-22,3,3,0,0,2,2.3,SP,2,4.86,7.29
2013-07-23,9,9,0,0,5,46.3,SP,5,4.57,7.43
2013-07-24,8,8,0,0,3,102.5,SP,2,4.29,7.57
2013-07-25,4,4,0,0,2,21.2,SP,1,4.0,7.29
2013-07-26,5,5,0,0,2,7.4,SP,1,3.14,6.29
2013-07-27,5,5,0,0,4,4.7,SP,4,2.86,5.14
2013-07-28,1,1,0,0,1,0.4,SP,0,2.71,5.0
2013-07-29,3,3,0,0,2,5.2,SP,2,2.71,5.0
2013-07-30,1,1,0,0,1,0.8,SP,1,2.14,3.86
2013-07-31,1,1,0,0,1,1.0,SP,1,1.86,2.86
2013-08-01,0,0,0,0,0,0.0,,0,1.57,2.29
2013-08-02,4,4,0,0,4,5.1,SP,4,1.86,2.14
2013-08-03,2,2,0,0,1,6.2,SP,1,1.43,1.71
2013-08-04,3,3,0,0,2,20.7,SP,2,1.57,2.0
2013-08-05,0,0,0,0,0,0.0,,0,1.29,1.57
2013-08-06,1,1,0,0,1,4.1,SP,1,1.29,1.57
2013-08-07,4,4,0,0,2,3.9,SP,2,1.43,2.0
2013-08-08,3,3,0,0,3,7.5,SP,3,1.86,2.43
2013-08-09,4,4,0,0,4,4.5,SP,4,1.86,2.43
2013-08-10,0,0,0,0,0,0.0,,0,1.71,2.14
2013-08-11,0,0,0,0,0,0.0,,0,1.43,1.71
2013-08-12,4,4,0,0,4,12.7,SP,4,2.0,2.29
2013-08-13,12,12,0,0,7,35.8,SP,7,2.86,3.86
2013-08-14,1,1,0,0,1,1.3,SP,1,2.71,3.43
2013-08-15,1,1,0,0,1,1.7,SP,1,2.43,3.14
2013-08-16,1,1,0,0,1,1.3,SP,1,2.0,2.71
2013-08-17,0,0,0,0,0,0.0,,0,2.0,2.71
2013-08-18,2,2,0,0,2,2.1,SP,2,2.29,3.0
2013-08-19,0,0,0,0,0,0.0,,0,1.71,2.43
2013-08-20,2,2,0,0,2,3.7,SP,2,1.0,1.0
2013-08-21,6,6,0,0,2,57.8,SP,2,1.14,1.71
2013-08-22,3,3,0,0,3,6.9,SP,3,1.43,2.0
2013-08-23,8,8,0,0,5,9.5,SP,4,2.0,3.0
2013-08-24,0,0,0,0,0,0.0,,0,2.0,3.0
2013-08-25,0,0,0,0,0,0.0,,0,1.71,2.71
2013-08-26,7,7,0,0,5,13.5,SP,5,2.43,3.71
2013-08-27,6,6,0,0,4,13.3,SP,3,2.71,4.29
2013-08-28,4,4,0,0,4,16.9,SP,3,3.0,4.0
2013-08-29,5,5,0,0,2,18.4,SP,1,2.86,4.29
2013-08-30,4,4,0,0,3,15.3,SP,3,2.57,3.71
2013-08-31,5,5,0,0,3,52.8,SP,3,3.0,4.43
2013-09-01,0,0,0,0,0,0.0,,0,3.0,4.43
2013-09-02,11,11,0,0,8,31.1,SP,7,3.43,5.0
2013-09-03,5,5,0,0,3,20.5,SP,2,3.29,4.86
2013-09-04,19,19,0,0,13,148.9,SP,12,4.57,7.0
2013-09-05,21,21,0,0,15,80.1,SP,14,6.43,9.29
2013-09-06,1,1,0,0,1,3.7,SP,1,6.14,8.86
2013-09-07,5,5,0,0,5,15.1,SP,4,6.43,8.86
2013-09-08,5,5,0,0,3,9.3,SP,2,6.86,9.57
2013-09-09,4,4,0,0,3,5.9,SP,3,6.14,8.57
2013-09-10,0,0,0,0,0,0.0,,0,5.71,7.86
2013-09-11,0,0,0,0,0,0.0,,0,3.86,5.14
2013-09-12,0,0,0,0,0,0.0,,0,1.71,2.14
2013-09-13,0,0,0,0,0,0.0,,0,1.57,2.0
2013-09-14,0,0,0,0,0,0.0,,0,0.86,1.29
2013-09-15,0,0,0,0,0,0.0,,0,0.43,0.57
2013-09-16,1,1,0,0,1,1.9,SP,1,0.14,0.14
2013-09-17,0,0,0,0,0,0.0,,0,0.14,0.14
2013-09-18,5,5,0,0,3,13.0,SP,3,0.57,0.86
2013-09-19,0,0,0,0,0,0.0,,0,0.57,0.86
2013-09-20,2,2,0,0,2,3.5,SP,2,0.86,1.14
2013-09-21,0,0,0,0,0,0.0,,0,0.86,1.14
2013-09-22,5,5,0,0,3,11.0,SP,3,1.29,1.86
2013-09-23,4,4,0,0,2,13.0,SP,2,1.43,2.29
2013-09-24,2,2,0,0,2,4.2,SP,2,1.71,2.57
2013-09-25,0,0,0,0,0,0.0,,0,1.29,1.86
2013-09-26,1,1,0,0,1,2.2,SP,1,1.43,2.0
2013-09-27,1,1,0,0,1,8.2,SP,1,1.29,1.86
2013-09-28,3,3,0,0,2,11.3,SP,2,1.57,2.29
2013-09-29,6,6,0,0,5,17.7,SP,5,1.86,2.43
2013-09-30,5,5,0,0,3,13.9,SP,3,2.0,2.57
2013-10-01,8,8,0,0,5,57.8,SP,5,2.43,3.43
2013-10-02,0,0,0,0,0,0.0,,0,2.43,3.43
2013-10-03,0,0,0,0,0,0.0,,0,2.29,3.29
2013-10-04,2,2,0,0,2,3.1,SP,2,2.43,3.43
2013-10-05,0,0,0,0,0,0.0,,0,2.14,3.0
2013-10-06,2,2,0,0,2,5.1,SP,2,1.71,2.43
2013-10-07,2,2,0,0,2,7.1,SP,2,1.57,2.0
2013-10-08,2,2,0,0,2,9.0,SP,2,1.14,1.14
2013-10-09,1,1,0,0,1,3.6,SP,1,1.29,1.29
2013-10-10,2,2,0,0,2,4.5,SP,2,1.57,1.57
2013-10-11,1,1,0,0,1,0.9,SP,1,1.43,1.43
2013-10-12,3,3,0,0,3,8.0,SP,3,1.86,1.86
2013-10-13,1,1,0,0,1,6.8,SP,1,1.71,1.71
2013-10-14,1,1,0,0,1,4.0,SP,1,1.57,1.57
2013-10-15,2,2,0,0,2,7.1,SP,2,1.57,1.57
2013-10-16,1,1,0,0,1,0.3,SP,1,1.57,1.57
2013-10-17,6,6,0,0,2,15.8,SP,2,1.57,2.14
2013-10-18,0,0,0,0,0,0.0,,0,1.43,2.0
2013-10-19,0,0,0,0,0,0.0,,0,1.0,1.57
2013-10-20,0,0,0,0,0,0.0,,0,0.86,1.43
2013-10-21,0,0,0,0,0,0.0,,0,0.71,1.29
2013-10-22,0,0,0,0,0,0.0,,0,0.43,1.0
2013-10-23,0,0,0,0,0,0.0,,0,0.29,0.86
2013-10-24,2,2,0,0,2,4.8,SP,2,0.29,0.29
2013-10-25,0,0,0,0,0,0.0,,0,0.29,0.29
2013-10-26,0,0,0,0,0,0.0,,0,0.29,0.29
2013-10-27,2,2,0,0,2,1.9,SP,2,0.57,0.57
2013-10-28,1,1,0,0,1,3.8,SP,1,0.71,0.71
2013-10-29,3,3,0,0,3,9.8,SP,2,1.14,1.14
2013-10-30,3,3,0,0,3,7.5,SP,3,1.57,1.57
2013-10-31,1,1,0,0,1,1.8,SP,1,1.43,1.43
2013-11-01,1,1,0,0,1,0.4,SP,1,1.57,1.57
2013-11-02,3,3,0,0,2,3.4,SP,2,1.86,2.0
2013-11-03,59,59,0,0,46,69.5,SP,45,8.14,10.14
2013-11-04,3,3,0,0,2,2.0,SP,2,8.29,10.43
2013-11-05,0,0,0,0,0,0.0,,0,7.86,10.0
2013-11-06,20,20,0,0,10,37.9,SP,10,8.86,12.43
2013-11-07,2,2,0,0,2,7.9,SP,2,9.0,12.57
2013-11-08,5,5,0,0,3,10.6,SP,3,9.29,13.14
2013-11-09,5,5,0,0,4,9.0,SP,4,9.57,13.43
2013-11-10,7,7,0,0,6,12.4,SP,6,3.86,6.0
2013-11-11,0,0,0,0,0,0.0,,0,3.57,5.57
2013-11-12,3,3,0,0,2,14.6,SP,2,3.86,6.0
2013-11-13,2,2,0,0,2,1.8,SP,2,2.71,3.43
2013-11-14,4,4,0,0,4,29.9,SP,3,3.0,3.71
2013-11-15,2,2,0,0,2,7.6,SP,2,2.86,3.29
2013-11-16,2,2,0,0,2,7.8,SP,2,2.57,2.86
2013-11-17,2,2,0,0,2,10.7,SP,2,2.0,2.14
2013-11-18,9,9,0,0,4,103.3,SP,3,2.57,3.43
2013-11-19,8,8,0,0,5,36.9,SP,4,3.0,4.14
2013-11-20,0,0,0,0,0,0.0,,0,2.71,3.86
2013-11-21,0,0,0,0,0,0.0,,0,2.14,3.29
2013-11-22,2,2,0,0,2,5.9,SP,2,2.14,3.29
2013-11-23,0,0,0,0,0,0.0,,0,1.86,3.0
2013-11-24,0,0,0,0,0,0.0,,0,1.57,2.71
2013-11-25,3,3,0,0,1,5.7,SP,1,1.14,1.86
2013-11-26,0,0,0,0,0,0.0,,0,0.43,0.71
2013-11-27,1,1,0,0,1,1.6,SP,1,0.57,0.86
2013-11-28,2,2,0,0,2,4.7,SP,2,0.86,1.14
2013-11-29,0,0,0,0,0,0.0,,0,0.57,0.86
2013-11-30,2,2,0,0,2,1.0,SP,2,0.86,1.14
2013-12-01,1,1,0,0,1,4.7,SP,1,1.0,1.29
2013-12-02,0,0,0,0,0,0.0,,0,0.86,0.86
2013-12-03,0,0,0,0,0,0.0,,0,0.86,0.86
2013-12-04,11,11,0,0,10,36.9,SP,10,2.14,2.29
2013-12-05,4,4,0,0,2,14.6,SP,2,2.14,2.57
2013-12-06,2,2,0,0,2,5.0,SP,2,2.43,2.86
2013-12-07,0,0,0,0,0,0.0,,0,2.14,2.57
2013-12-08,0,0,0,0,0,0.0,,0,2.0,2.43
2013-12-09,3,3,0,0,2,34.9,SP,2,2.29,2.86
2013-12-10,3,3,0,0,3,3.5,SP,3,2.71,3.29
2013-12-11,3,3,0,0,2,9.5,SP,2,1.57,2.14
2013-12-12,0,0,0,0,0,0.0,,0,1.29,1.57
2013-12-13,0,0,0,0,0,0.0,,0,1.0,1.29
2013-12-14,0,0,0,0,0,0.0,,0,1.0,1.29
2013-12-15,1,1,0,0,1,0.4,SP,1,1.14,1.43
2013-12-16,0,0,0,0,0,0.0,,0,0.86,1.0
2013-12-17,0,0,0,0,0,0.0,,0,0.43,0.57
2013-12-18,0,0,0,0,0,0.0,,0,0.14,0.14
2013-12-19,5,5,0,0,1,12.4,SP,1,0.29,0.86
2013-12-20,7,7,0,0,3,42.2,SP,3,0.71,1.86
2013-12-21,0,0,0,0,0,0.0,,0,0.71,1.86
2013-12-22,2,2,0,0,2,3.0,SP,2,0.86,2.0
2013-12-23,0,0,0,0,0,0.0,,0,0.86,2.0
2013-12-24,0,0,0,0,0,0.0,,0,0.86,2.0
2013-12-25,2,2,0,0,2,3.7,SP,2,1.14,2.29
2013-12-26,0,0,0,0,0,0.0,,0,1.0,1.57
2013-12-27,0,0,0,0,0,0.0,,0,0.57,0.57
2013-12-28,0,0,0,0,0,0.0,,0,0.57,0.57
2013-12-29,0,0,0,0,0,0.0,,0,0.29,0.29
2013-12-30,0,0,0,0,0,0.0,,0,0.29,0.29
2013-12-31,0,0,0,0,0,0.0,,0,0.29,0.29
2014-01-01,2,2,0,0,1,1.7,SP,1,0.14,0.29
2014-01-02,0,0,0,0,0,0.0,,0,0.14,0.29
2014-01-03,0,0,0,0,0,0.0,,0,0.14,0.29
2014-01-04,0,0,0,0,0,0.0,,0,0.14,0.29
2014-01-05,0,0,0,0,0,0.0,,0,0.14,0.29
2014-01-06,6,6,0,0,2,6.2,SP,2,0.43,1.14
2014-01-07,0,0,0,0,0,0.0,,0,0.43,1.14
2014-01-08,0,0,0,0,0,0.0,,0,0.29,0.86
2014-01-09,1,1,0,0,1,1.8,SP,1,0.43,1.0
2014-01-10,0,0,0,0,0,0.0,,0,0.43,1.0
2014-01-11,2,2,0,0,2,4.7,SP,2,0.71,1.29
2014-01-12,0,0,0,0,0,0.0,,0,0.71,1.29
2014-01-13,0,0,0,0,0,0.0,,0,0.43,0.43
2014-01-14,0,0,0,0,0,0.0,,0,0.43,0.43
2014-01-15,0,0,0,0,0,0.0,,0,0.43,0.43
2014-01-16,1,1,0,0,1,74.9,SP,1,0.43,0.43
2014-01-17,15,15,0,0,1,158.6,SP,0,0.57,2.57
2014-01-18,4,4,0,0,1,26.3,SP,0,0.43,2.86
2014-01-19,1,1,0,0,1,2.6,SP,0,0.57,3.0
2014-01-20,2,2,0,0,1,17.4,SP,0,0.71,3.29
2014-01-21,4,4,0,0,1,4.9,SP,0,0.86,3.86
2014-01-22,0,0,0,0,0,0.0,,0,0.86,3.86
2014-01-23,7,7,0,0,2,16.0,SP,1,1.0,4.71
2014-01-24,0,0,0,0,0,0.0,,0,0.86,2.57
2014-01-25,0,0,0,0,0,0.0,,0,0.71,2.0
2014-01-26,2,2,0,0,1,6.6,SP,1,0.71,2.14
2014-01-27,0,0,0,0,0,0.0,,0,0.57,1.86
2014-01-28,0,0,0,0,0,0.0,,0,0.43,1.29
2014-01-29,0,0,0,0,0,0.0,,0,0.43,1.29
2014-01-30,0,0,0,0,0,0.0,,0,0.14,0.29
2014-01-31,0,0,0,0,0,0.0,,0,0.14,0.29
2014-02-01,0,0,0,0,0,0.0,,0,0.14,0.29
2014-02-02,2,2,0,0,1,2.5,SP,1,0.14,0.29
2014-02-03,0,0,0,0,0,0.0,,0,0.14,0.29
2014-02-04,0,0,0,0,0,0.0,,0,0.14,0.29
2014-02-05,0,0,0,0,0,0.0,,0,0.14,0.29
2014-02-06,0,0,0,0,0,0.0,,0,0.14,0.29
2014-02-07,0,0,0,0,0,0.0,,0,0.14,0.29
2014-02-08,0,0,0,0,0,0.0,,0,0.14,0.29
2014-02-09,0,0,0,0,0,0.0,,0,0.0,0.0
2014-02-10,2,2,0,0,2,3.4,SP,2,0.29,0.29
2014-02-11,2,2,0,0,1,11.3,SP,1,0.43,0.57
2014-02-12,1,1,0,0,1,1.3,SP,1,0.57,0.71
2014-02-13,3,3,0,0,2,4.3,SP,2,0.86,1.14
2014-02-14,0,0,0,0,0,0.0,,0,0.86,1.14
2014-02-15,1,1,0,0,1,1.7,SP,1,1.0,1.29
2014-02-16,0,0,0,0,0,0.0,,0,1.0,1.29
2014-02-17,0,0,0,0,0,0.0,,0,0.71,1.0
2014-02-18,0,0,0,0,0,0.0,,0,0.57,0.71
2014-02-19,0,0,0,0,0,0.0,,0,0.43,0.57
2014-02-20,0,0,0,0,0,0.0,,0,0.14,0.14
2014-02-21,1,1,0,0,1,2.5,SP,1,0.29,0.29
2014-02-22,2,2,0,0,1,2.2,SP,1,0.29,0.43
2014-02-23,0,0,0,0,0,0.0,,0,0.29,0.43
2014-02-24,1,1,0,0,1,7.6,SP,1,0.43,0.57
2014-02-25,1,1,0,0,1,5.1,SP,1,0.57,0.71
2014-02-26,2,2,0,0,2,4.9,SP,2,0.86,1.0
2014-02-27,2,2,0,0,2,25.0,SP,2,1.14,1.29
2014-02-28,1,1,0,0,1,3.4,SP,1,1.14,1.29
2014-03-01,5,5,0,0,4,24.6,SP,4,1.57,1.71
2014-03-02,3,3,0,0,1,5.9,SP,0,1.71,2.14
2014-03-03,3,3,0,0,3,13.8,SP,3,2.0,2.43
2014-03-04,0,0,0,0,0,0.0,,0,1.86,2.29
2014-03-05,1,1,0,0,1,0.4,SP,1,1.71,2.14
2014-03-06,0,0,0,0,0,0.0,,0,1.43,1.86
2014-03-07,0,0,0,0,0,0.0,,0,1.29,1.71
2014-03-08,1,1,0,0,1,3.1,SP,1,0.86,1.14
2014-03-09,2,2,0,0,2,7.2,SP,2,1.0,1.0
2014-03-10,40,40,0,0,29,167.9,SP,29,4.71,6.29
2014-03-11,66,66,0,0,41,316.5,SP,32,10.57,15.71
2014-03-12,146,146,0,0,85,657.3,SP,75,22.57,36.43
2014-03-13,39,39,0,0,26,191.2,SP,19,26.29,42.0
2014-03-14,5,5,0,0,5,28.5,SP,5,27.0,42.71
2014-03-15,6,6,0,0,6,25.8,SP,6,27.71,43.43
2014-03-16,13,13,0,0,7,68.8,SP,7,28.43,45.0
2014-03-17,17,17,0,0,8,119.8,SP,8,25.43,41.71
2014-03-18,2,2,0,0,1,13.2,SP,1,19.71,32.57
2014-03-19,11,11,0,0,7,60.9,SP,7,8.57,13.29
2014-03-20,0,0,0,0,0,0.0,,0,4.86,7.71
2014-03-21,3,3,0,0,2,11.1,SP,2,4.43,7.43
2014-03-22,0,0,0,0,0,0.0,,0,3.57,6.57
2014-03-23,2,2,0,0,1,25.6,SP,1,2.71,5.0
2014-03-24,50,50,0,0,36,253.0,SP,36,6.71,9.71
2014-03-25,0,0,0,0,0,0.0,,0,6.57,9.43
2014-03-26,21,21,0,0,15,96.7,SP,15,7.71,10.86
2014-03-27,3,3,0,0,1,19.9,SP,1,7.86,11.29
2014-03-28,2,2,0,0,2,20.1,SP,2,7.86,11.14
2014-03-29,4,4,0,0,3,24.3,SP,3,8.29,11.71
2014-03-30,4,4,0,0,4,26.8,SP,4,8.71,12.0
2014-03-31,8,8,0,0,7,35.7,SP,7,4.57,6.0
2014-04-01,3,3,0,0,3,4.4,SP,3,5.0,6.43
2014-04-02,10,10,0,0,8,43.3,SP,8,4.0,4.86
2014-04-03,0,0,0,0,0,0.0,,0,3.86,4.43
2014-04-04,1,1,0,0,1,1.2,SP,1,3.71,4.29
2014-04-05,0,0,0,0,0,0.0,,0,3.29,3.71
2014-04-06,0,0,0,0,0,0.0,,0,2.71,3.14
2014-04-07,0,0,0,0,0,0.0,,0,1.71,2.0
2014-04-08,5,5,0,0,3,61.3,SP,3,1.71,2.29
2014-04-09,3,3,0,0,2,17.6,SP,2,0.86,1.29
2014-04-10,6,6,0,0,5,17.0,SP,5,1.57,2.14
2014-04-11,3,3,0,0,2,24.5,SP,2,1.71,2.43
2014-04-12,2,2,0,0,1,27.3,SP,1,1.86,2.71
2014-04-13,4,4,0,0,3,17.2,SP,3,2.29,3.29
2014-04-14,18,18,0,0,14,127.7,SP,14,4.29,5.86
2014-04-15,43,43,0,0,26,304.6,SP,26,7.57,11.29
2014-04-16,14,14,0,0,10,105.5,SP,10,8.71,12.86
2014-04-17,5,5,0,0,3,35.7,SP,2,8.43,12.71
2014-04-18,21,21,0,0,14,117.2,SP,14,10.14,15.29
2014-04-19,11,11,0,0,9,36.1,SP,9,11.29,16.57
2014-04-20,8,8,0,0,6,28.8,SP,6,11.71,17.14
2014-04-21,6,6,0,0,5,26.1,SP,5,10.43,15.43
2014-04-22,16,16,0,0,4,47.9,SP,4,7.29,11.57
2014-04-23,2,2,0,0,2,8.7,SP,2,6.14,9.86
2014-04-24,0,0,0,0,0,0.0,,0,5.71,9.14
2014-04-25,2,2,0,0,1,8.1,SP,1,3.86,6.43
2014-04-26,3,3,0,0,2,9.5,SP,2,2.86,5.29
2014-04-27,0,0,0,0,0,0.0,,0,2.0,4.14
2014-04-28,0,0,0,0,0,0.0,,0,1.29,3.29
2014-04-29,2,2,0,0,2,4.4,SP,2,1.0,1.29
2014-04-30,0,0,0,0,0,0.0,,0,0.71,1.0
2014-05-01,0,0,0,0,0,0.0,,0,0.71,1.0
2014-05-02,0,0,0,0,0,0.0,,0,0.57,0.71
2014-05-03,8,8,0,0,2,35.4,SP,2,0.57,1.43
2014-05-04,0,0,0,0,0,0.0,,0,0.57,1.43
2014-05-05,0,0,0,0,0,0.0,,0,0.57,1.43
2014-05-06,2,2,0,0,2,5.8,SP,2,0.57,1.43
2014-05-07,0,0,0,0,0,0.0,,0,0.57,1.43
2014-05-08,0,0,0,0,0,0.0,,0,0.57,1.43
2014-05-09,1,1,0,0,1,0.9,SP,1,0.71,1.57
2014-05-10,0,0,0,0,0,0.0,,0,0.43,0.43
2014-05-11,0,0,0,0,0,0.0,,0,0.43,0.43
2014-05-12,2,2,0,0,1,3.2,SP,1,0.57,0.71
2014-05-13,0,0,0,0,0,0.0,,0,0.29,0.43
2014-05-14,2,2,0,0,2,1.2,SP,2,0.57,0.71
2014-05-15,1,1,0,0,1,8.6,SP,1,0.71,0.86
2014-05-16,6,6,0,0,4,11.6,SP,4,1.14,1.57
2014-05-17,18,18,0,0,8,147.8,SP,8,2.29,4.14
2014-05-18,10,10,0,0,3,146.7,SP,2,2.71,5.57
2014-05-19,10,10,0,0,6,54.6,SP,5,3.43,6.71
2014-05-20,2,2,0,0,1,3.5,SP,0,3.57,7.0
2014-05-21,3,3,0,0,1,2.8,SP,0,3.43,7.14
2014-05-22,0,0,0,0,0,0.0,,0,3.29,7.0
2014-05-23,0,0,0,0,0,0.0,,0,2.71,6.14
2014-05-24,0,0,0,0,0,0.0,,0,1.57,3.57
2014-05-25,0,0,0,0,0,0.0,,0,1.14,2.14
2014-05-26,2,2,0,0,1,4.6,SP,1,0.43,1.0
2014-05-27,0,0,0,0,0,0.0,,0,0.29,0.71
2014-05-28,0,0,0,0,0,0.0,,0,0.14,0.29
2014-05-29,0,0,0,0,0,0.0,,0,0.14,0.29
2014-05-30,1,1,0,0,1,5.0,SP,1,0.29,0.43
2014-05-31,1,1,0,0,1,0.5,SP,1,0.43,0.57
2014-06-01,1,1,0,0,1,4.3,SP,1,0.57,0.71
2014-06-02,0,0,0,0,0,0.0,,0,0.43,0.43
2014-06-03,1,1,0,0,1,4.0,SP,1,0.57,0.57
2014-06-04,0,0,0,0,0,0.0,,0,0.57,0.57
2014-06-05,0,0,0,0,0,0.0,,0,0.57,0.57
2014-06-06,5,5,0,0,1,30.4,SP,1,0.57,1.14
2014-06-07,5,5,0,0,3,13.4,SP,2,0.86,1.71
2014-06-08,7,7,0,0,3,16.4,SP,2,1.14,2.57
2014-06-09,11,11,0,0,2,152.9,SP,1,1.43,4.14
2014-06-10,8,8,0,0,3,46.8,SP,1,1.71,5.14
2014-06-11,3,3,0,0,1,9.3,SP,0,1.86,5.57
2014-06-12,4,4,0,0,2,4.8,SP,1,2.14,6.14
2014-06-13,3,3,0,0,2,3.7,SP,2,2.29,5.86
2014-06-14,0,0,0,0,0,0.0,,0,1.86,5.14
2014-06-15,1,1,0,0,1,3.9,SP,1,1.57,4.29
2014-06-16,0,0,0,0,0,0.0,,0,1.29,2.71
2014-06-17,7,7,0,0,4,51.7,SP,4,1.43,2.57
2014-06-18,5,5,0,0,4,5.6,SP,4,1.86,2.86
2014-06-19,5,5,0,0,3,5.3,SP,3,2.0,3.0
2014-06-20,4,4,0,0,4,9.2,SP,3,2.29,3.14
2014-06-21,3,3,0,0,2,7.2,SP,2,2.57,3.57
2014-06-22,4,4,0,0,4,6.3,SP,3,3.0,4.0
2014-06-23,6,6,0,0,6,16.1,SP,6,3.86,4.86
2014-06-24,3,3,0,0,3,2.7,SP,3,3.71,4.29
2014-06-25,2,2,0,0,2,0.8,SP,1,3.43,3.86
2014-06-26,3,3,0,0,2,10.9,SP,2,3.29,3.57
2014-06-27,0,0,0,0,0,0.0,,0,2.71,3.0
2014-06-28,1,1,0,0,1,2.0,SP,1,2.57,2.71
2014-06-29,0,0,0,0,0,0.0,,0,2.0,2.14
2014-06-30,2,2,0,0,2,1.6,SP,2,1.43,1.57
2014-07-01,7,7,0,0,3,22.2,SP,3,1.43,2.14
2014-07-02,1,1,0,0,1,3.2,SP,1,1.29,2.0
2014-07-03,0,0,0,0,0,0.0,,0,1.0,1.57
2014-07-04,1,1,0,0,1,1.2,SP,1,1.14,1.71
2014-07-05,0,0,0,0,0,0.0,,0,1.0,1.57
2014-07-06,0,0,0,0,0,0.0,,0,1.0,1.57
2014-07-07,2,2,0,0,2,7.0,SP,2,1.0,1.57
2014-07-08,0,0,0,0,0,0.0,,0,0.57,0.57
2014-07-09,9,9,0,0,8,35.8,SP,8,1.57,1.71
2014-07-10,8,8,0,0,6,28.5,SP,6,2.43,2.86
2014-07-11,7,7,0,0,5,15.8,SP,4,3.0,3.71
2014-07-12,1,1,0,0,1,0.6,SP,1,3.14,3.86
2014-07-13,0,0,0,0,0,0.0,,0,3.14,3.86
2014-07-14,9,9,0,0,5,15.6,SP,5,3.57,4.86
2014-07-15,0,0,0,0,0,0.0,,0,3.57,4.86
2014-07-16,2,2,0,0,2,0.9,SP,2,2.71,3.86
2014-07-17,7,7,0,0,7,23.7,SP,7,2.86,3.71
2014-07-18,4,4,0,0,4,4.5,SP,3,2.71,3.29
2014-07-19,0,0,0,0,0,0.0,,0,2.57,3.14
2014-07-20,1,1,0,0,1,0.7,SP,1,2.71,3.29
2014-07-21,11,11,0,0,4,20.3,SP,4,2.57,3.57
2014-07-22,4,4,0,0,4,16.2,SP,3,3.14,4.14
2014-07-23,6,6,0,0,6,13.6,SP,6,3.71,4.71
2014-07-24,10,10,0,0,9,31.5,SP,9,4.0,5.14
2014-07-25,17,17,0,0,12,45.9,SP,12,5.14,7.0
2014-07-26,18,18,0,0,10,80.4,SP,9,6.57,9.57
2014-07-27,6,6,0,0,4,16.8,SP,4,7.0,10.29
2014-07-28,7,7,0,0,3,13.2,SP,3,6.86,9.71
2014-07-29,5,5,0,0,3,30.8,SP,3,6.71,9.86
2014-07-30,8,8,0,0,4,32.5,SP,4,6.43,10.14
2014-07-31,7,7,0,0,5,7.4,SP,5,5.86,9.71
2014-08-01,13,13,0,0,6,59.3,SP,6,5.0,9.14
2014-08-02,2,2,0,0,2,12.2,SP,1,3.86,6.86
2014-08-03,9,9,0,0,5,17.7,SP,3,4.0,7.29
2014-08-04,11,11,0,0,4,54.1,SP,3,4.14,7.86
2014-08-05,2,2,0,0,1,14.2,SP,1,3.86,7.43
2014-08-06,2,2,0,0,2,9.1,SP,2,3.57,6.57
2014-08-07,5,5,0,0,4,8.6,SP,4,3.43,6.29
2014-08-08,0,0,0,0,0,0.0,,0,2.57,4.43
2014-08-09,7,7,0,0,4,7.1,SP,4,2.86,5.14
2014-08-10,0,0,0,0,0,0.0,,0,2.14,3.86
2014-08-11,3,3,0,0,3,8.2,SP,3,2.0,2.71
2014-08-12,2,2,0,0,1,1.4,SP,1,2.0,2.71
2014-08-13,3,3,0,0,3,1.0,SP,3,2.14,2.86
2014-08-14,1,1,0,0,1,0.5,SP,1,1.71,2.29
2014-08-15,2,2,0,0,2,8.3,SP,2,2.0,2.57
2014-08-16,0,0,0,0,0,0.0,,0,1.43,1.57
2014-08-17,0,0,0,0,0,0.0,,0,1.43,1.57
2014-08-18,8,8,0,0,3,34.6,SP,3,1.43,2.29
2014-08-19,7,7,0,0,3,30.0,SP,2,1.71,3.0
2014-08-20,8,8,0,0,4,32.8,SP,4,1.86,3.71
2014-08-21,2,2,0,0,1,2.9,SP,0,1.86,3.86
2014-08-22,10,10,0,0,7,39.0,SP,6,2.57,5.0
2014-08-23,2,2,0,0,2,3.1,SP,2,2.86,5.29
2014-08-24,6,6,0,0,3,7.3,SP,2,3.29,6.14
2014-08-25,1,1,0,0,1,2.5,SP,1,3.0,5.14
2014-08-26,1,1,0,0,1,1.7,SP,1,2.71,4.29
2014-08-27,8,8,0,0,7,23.2,SP,7,3.14,4.29
2014-08-28,1,1,0,0,1,2.0,SP,1,3.14,4.14
2014-08-29,7,7,0,0,3,14.0,SP,3,2.57,3.71
2014-08-30,2,2,0,0,2,1.3,SP,2,2.57,3.71
2014-08-31,0,0,0,0,0,0.0,,0,2.14,2.86
2014-09-01,7,7,0,0,3,23.1,SP,3,2.43,3.71
2014-09-02,5,5,0,0,4,11.3,SP,4,2.86,4.29
2014-09-03,3,3,0,0,3,1.7,SP,2,2.29,3.57
2014-09-04,5,5,0,0,4,8.8,SP,3,2.71,4.14
2014-09-05,2,2,0,0,1,1.3,SP,0,2.43,3.43
2014-09-06,5,5,0,0,5,14.8,SP,5,2.86,3.86
2014-09-07,7,7,0,0,5,13.3,SP,5,3.57,4.86
2014-09-08,11,11,0,0,8,25.2,SP,8,4.29,5.43
2014-09-09,3,3,0,0,3,9.6,SP,3,4.14,5.14
2014-09-10,21,21,0,0,10,62.0,SP,9,5.14,7.71
2014-09-11,6,6,0,0,6,33.2,SP,6,5.43,7.86
2014-09-12,5,5,0,0,5,6.3,SP,4,6.0,8.29
2014-09-13,6,6,0,0,5,16.6,SP,4,6.0,8.43
2014-09-14,3,3,0,0,3,5.6,SP,2,5.71,7.86
2014-09-15,1,1,0,0,1,4.5,SP,1,4.71,6.43
2014-09-16,8,8,0,0,5,16.2,SP,5,5.0,7.14
2014-09-17,3,3,0,0,3,4.6,SP,3,4.0,4.57
2014-09-18,3,3,0,0,2,17.7,SP,2,3.43,4.14
2014-09-19,0,0,0,0,0,0.0,,0,2.71,3.43
2014-09-20,2,2,0,0,2,4.1,SP,2,2.29,2.86
2014-09-21,4,4,0,0,3,6.1,SP,3,2.29,3.0
2014-09-22,14,14,0,0,12,59.6,SP,12,3.86,4.86
2014-09-23,8,8,0,0,5,6.8,SP,5,3.86,4.86
2014-09-24,3,3,0,0,3,11.4,SP,3,3.86,4.86
2014-09-25,2,2,0,0,2,3.4,SP,2,3.86,4.71
2014-09-26,4,4,0,0,3,8.0,SP,3,4.29,5.29
2014-09-27,3,3,0,0,3,5.3,SP,3,4.43,5.43
2014-09-28,1,1,0,0,1,10.6,SP,1,4.14,5.0
2014-09-29,2,2,0,0,2,2.2,SP,2,2.71,3.29
2014-09-30,7,7,0,0,6,18.3,SP,6,2.86,3.14
2014-10-01,5,5,0,0,3,34.7,SP,3,2.86,3.43
2014-10-02,13,13,0,0,11,43.6,SP,10,4.14,5.0
2014-10-03,8,8,0,0,5,24.9,SP,5,4.43,5.57
2014-10-04,2,2,0,0,2,2.4,SP,2,4.29,5.43
2014-10-05,2,2,0,0,2,5.2,SP,2,4.43,5.57
2014-10-06,1,1,0,0,1,2.9,SP,1,4.29,5.43
2014-10-07,2,2,0,0,1,5.6,SP,1,3.57,4.71
2014-10-08,1,1,0,0,1,4.3,SP,1,3.29,4.14
2014-10-09,4,4,0,0,4,7.1,SP,4,2.29,2.86
2014-10-10,6,6,0,0,5,13.5,SP,2,2.29,2.57
2014-10-11,2,2,0,0,2,1.9,SP,1,2.29,2.57
2014-10-12,7,7,0,0,4,15.0,SP,3,2.57,3.29
2014-10-13,3,3,0,0,1,2.0,SP,1,2.57,3.57
2014-10-14,1,1,0,0,1,2.7,SP,1,2.57,3.43
2014-10-15,3,3,0,0,2,5.4,SP,2,2.71,3.71
2014-10-16,0,0,0,0,0,0.0,,0,2.14,3.14
2014-10-17,3,3,0,0,2,5.6,SP,2,1.71,2.71
2014-10-18,0,0,0,0,0,0.0,,0,1.43,2.43
2014-10-19,1,1,0,0,1,5.7,SP,1,1.0,1.57
2014-10-20,8,8,0,0,2,164.3,SP,2,1.14,2.29
2014-10-21,3,3,0,0,2,13.1,SP,1,1.29,2.57
2014-10-22,4,4,0,0,2,12.0,SP,1,1.29,2.71
2014-10-23,0,0,0,0,0,0.0,,0,1.29,2.71
2014-10-24,0,0,0,0,0,0.0,,0,1.0,2.29
2014-10-25,0,0,0,0,0,0.0,,0,1.0,2.29
2014-10-26,0,0,0,0,0,0.0,,0,0.86,2.14
2014-10-27,3,3,0,0,2,11.5,SP,2,0.86,1.43
2014-10-28,2,2,0,0,1,1.5,SP,1,0.71,1.29
2014-10-29,0,0,0,0,0,0.0,,0,0.43,0.71
2014-10-30,0,0,0,0,0,0.0,,0,0.43,0.71
2014-10-31,1,1,0,0,1,3.9,SP,1,0.57,0.86
2014-11-01,9,9,0,0,7,44.6,SP,7,1.57,2.14
2014-11-02,2,2,0,0,2,6.5,SP,2,1.86,2.43
2014-11-03,2,2,0,0,2,3.9,SP,1,1.86,2.29
2014-11-04,2,2,0,0,2,7.6,SP,2,2.0,2.29
2014-11-05,9,9,0,0,6,23.3,SP,6,2.86,3.57
2014-11-06,41,41,0,0,31,61.2,SP,31,7.29,9.43
2014-11-07,2,2,0,0,1,7.1,SP,0,7.29,9.57
2014-11-08,27,27,0,0,15,38.5,SP,14,8.43,12.14
2014-11-09,49,49,0,0,27,53.0,SP,26,12.0,18.86
2014-11-10,3,3,0,0,2,5.5,SP,2,12.0,19.0
2014-11-11,0,0,0,0,0,0.0,,0,11.71,18.71
2014-11-12,1,1,0,0,1,2.7,SP,1,11.0,17.57
2014-11-13,2,2,0,0,2,4.9,SP,2,6.86,12.0
2014-11-14,0,0,0,0,0,0.0,,0,6.71,11.71
2014-11-15,4,4,0,0,2,10.4,SP,2,4.86,8.43
2014-11-16,1,1,0,0,1,0.5,SP,1,1.14,1.57
2014-11-17,3,3,0,0,1,98.1,SP,0,1.0,1.57
2014-11-18,6,6,0,0,1,45.3,SP,0,1.14,2.43
2014-11-19,1,1,0,0,1,1.3,SP,0,1.14,2.43
2014-11-20,3,3,0,0,2,43.0,SP,1,1.14,2.57
2014-11-21,5,5,0,0,1,34.1,SP,0,1.29,3.29
2014-11-22,0,0,0,0,0,0.0,,0,1.0,2.71
2014-11-23,2,2,0,0,1,1.8,SP,1,1.0,2.86
2014-11-24,4,4,0,0,1,6.7,SP,1,1.0,3.0
2014-11-25,3,3,0,0,1,3.3,SP,0,1.0,2.57
2014-11-26,0,0,0,0,0,0.0,,0,0.86,2.43
2014-11-27,0,0,0,0,0,0.0,,0,0.57,2.0
2014-11-28,0,0,0,0,0,0.0,,0,0.43,1.29
2014-11-29,0,0,0,0,0,0.0,,0,0.43,1.29
2014-11-30,0,0,0,0,0,0.0,,0,0.29,1.0
2014-12-01,0,0,0,0,0,0.0,,0,0.14,0.43
2014-12-02,0,0,0,0,0,0.0,,0,0.0,0.0
2014-12-03,2,2,0,0,2,14.5,SP,2,0.29,0.29
2014-12-04,0,0,0,0,0,0.0,,0,0.29,0.29
2014-12-05,0,0,0,0,0,0.0,,0,0.29,0.29
2014-12-06,7,7,0,0,2,11.2,SP,2,0.57,1.29
2014-12-07,0,0,0,0,0,0.0,,0,0.57,1.29
2014-12-08,2,2,0,0,1,8.4,SP,1,0.71,1.57
2014-12-09,0,0,0,0,0,0.0,,0,0.71,1.57
2014-12-10,0,0,0,0,0,0.0,,0,0.43,1.29
2014-12-11,0,0,0,0,0,0.0,,0,0.43,1.29
2014-12-12,0,0,0,0,0,0.0,,0,0.43,1.29
2014-12-13,3,3,0,0,2,9.4,SP,2,0.43,0.71
2014-12-14,6,6,0,0,2,12.9,SP,1,0.71,1.57
2014-12-15,0,0,0,0,0,0.0,,0,0.57,1.29
2014-12-16,2,2,0,0,2,7.9,SP,2,0.86,1.57
2014-12-17,0,0,0,0,0,0.0,,0,0.86,1.57
2014-12-18,0,0,0,0,0,0.0,,0,0.86,1.57
2014-12-19,0,0,0,0,0,0.0,,0,0.86,1.57
2014-12-20,4,4,0,0,3,16.5,SP,3,1.0,1.71
2014-12-21,0,0,0,0,0,0.0,,0,0.71,0.86
2014-12-22,0,0,0,0,0,0.0,,0,0.71,0.86
2014-12-23,0,0,0,0,0,0.0,,0,0.43,0.57
2014-12-24,0,0,0,0,0,0.0,,0,0.43,0.57
2014-12-25,0,0,0,0,0,0.0,,0,0.43,0.57
2014-12-26,0,0,0,0,0,0.0,,0,0.43,0.57
2014-12-27,1,1,0,0,1,4.2,SP,1,0.14,0.14
2014-12-28,1,1,0,0,1,4.5,SP,1,0.29,0.29
2014-12-29,2,2,0,0,1,3.1,SP,1,0.43,0.57
2014-12-30,3,3,0,0,3,4.6,SP,3,0.86,1.0
2014-12-31,3,3,0,0,2,6.4,SP,2,1.14,1.43
2015-01-01,0,0,0,0,0,0.0,,0,1.14,1.43
2015-01-02,3,3,0,0,3,7.4,SP,2,1.57,1.86
2015-01-03,0,0,0,0,0,0.0,,0,1.43,1.71
2015-01-04,17,17,0,0,10,103.1,SP,10,2.71,4.0
2015-01-05,2,2,0,0,2,10.9,SP,1,2.86,4.0
2015-01-06,0,0,0,0,0,0.0,,0,2.43,3.57
2015-01-07,0,0,0,0,0,0.0,,0,2.14,3.14
2015-01-08,5,5,0,0,2,21.9,SP,2,2.43,3.86
2015-01-09,0,0,0,0,0,0.0,,0,2.0,3.43
2015-01-10,0,0,0,0,0,0.0,,0,2.0,3.43
2015-01-11,1,1,0,0,1,5.0,SP,1,0.71,1.14
2015-01-12,0,0,0,0,0,0.0,,0,0.43,0.86
2015-01-13,0,0,0,0,0,0.0,,0,0.43,0.86
2015-01-14,0,0,0,0,0,0.0,,0,0.43,0.86
2015-01-15,0,0,0,0,0,0.0,,0,0.14,0.14
2015-01-16,1,1,0,0,1,0.9,SP,1,0.29,0.29
2015-01-17,0,0,0,0,0,0.0,,0,0.29,0.29
2015-01-18,0,0,0,0,0,0.0,,0,0.14,0.14
2015-01-19,1,1,0,0,1,3.5,SP,1,0.29,0.29
2015-01-20,1,1,0,0,1,3.2,SP,1,0.43,0.43
2015-01-21,0,0,0,0,0,0.0,,0,0.43,0.43
2015-01-22,0,0,0,0,0,0.0,,0,0.43,0.43
2015-01-23,2,2,0,0,2,5.8,SP,2,0.57,0.57
2015-01-24,2,2,0,0,2,11.5,SP,2,0.86,0.86
2015-01-25,2,2,0,0,1,10.6,SP,0,1.0,1.14
2015-01-26,0,0,0,0,0,0.0,,0,0.86,1.0
2015-01-27,2,2,0,0,2,5.4,SP,2,1.0,1.14
2015-01-28,0,0,0,0,0,0.0,,0,1.0,1.14
2015-01-29,0,0,0,0,0,0.0,,0,1.0,1.14
2015-01-30,5,5,0,0,3,18.4,SP,3,1.14,1.57
2015-01-31,1,1,0,0,1,0.5,SP,1,1.0,1.43
2015-02-01,0,0,0,0,0,0.0,,0,0.86,1.14
2015-02-02,1,1,0,0,1,4.2,SP,1,1.0,1.29
2015-02-03,3,3,0,0,3,15.7,SP,3,1.14,1.43
2015-02-04,2,2,0,0,2,5.4,SP,2,1.43,1.71
2015-02-05,0,0,0,0,0,0.0,,0,1.43,1.71
2015-02-06,1,1,0,0,1,3.8,SP,1,1.14,1.14
2015-02-07,0,0,0,0,0,0.0,,0,1.0,1.0
2015-02-08,2,2,0,0,2,17.3,SP,2,1.29,1.29
2015-02-09,22,22,0,0,15,99.7,SP,15,3.29,4.29
2015-02-10,10,10,0,0,7,65.0,SP,5,3.86,5.29
2015-02-11,2,2,0,0,2,11.1,SP,2,3.86,5.29
2015-02-12,2,2,0,0,2,8.0,SP,2,4.14,5.57
2015-02-13,0,0,0,0,0,0.0,,0,4.0,5.43
2015-02-14,0,0,0,0,0,0.0,,0,4.0,5.43
2015-02-15,0,0,0,0,0,0.0,,0,3.71,5.14
2015-02-16,0,0,0,0,0,0.0,,0,1.57,2.0
2015-02-17,0,0,0,0,0,0.0,,0,0.57,0.57
2015-02-18,4,4,0,0,2,7.5,SP,2,0.57,0.86
2015-02-19,0,0,0,0,0,0.0,,0,0.29,0.57
2015-02-20,3,3,0,0,3,27.9,SP,3,0.71,1.0
2015-02-21,30,30,0,0,18,290.9,SP,17,3.29,5.29
2015-02-22,0,0,0,0,0,0.0,,0,3.29,5.29
2015-02-23,0,0,0,0,0,0.0,,0,3.29,5.29
2015-02-24,1,1,0,0,1,4.8,SP,1,3.43,5.43
2015-02-25,0,0,0,0,0,0.0,,0,3.14,4.86
2015-02-26,1,1,0,0,1,0.5,SP,1,3.29,5.0
2015-02-27,6,6,0,0,6,14.1,SP,6,3.71,5.43
2015-02-28,0,0,0,0,0,0.0,,0,1.14,1.14
2015-03-01,1,1,0,0,1,0.5,SP,1,1.29,1.29
2015-03-02,5,5,0,0,3,18.4,SP,3,1.71,2.0
2015-03-03,3,3,0,0,2,15.6,SP,2,1.86,2.29
2015-03-04,11,11,0,0,9,86.9,SP,8,3.14,3.86
2015-03-05,2,2,0,0,2,4.8,SP,2,3.29,4.0
2015-03-06,10,10,0,0,8,37.6,SP,8,3.57,4.57
2015-03-07,2,2,0,0,2,5.3,SP,2,3.86,4.86
2015-03-08,2,2,0,0,2,6.2,SP,2,4.0,5.0
2015-03-09,2,2,0,0,2,1.7,SP,2,3.86,4.57
2015-03-10,31,31,0,0,17,163.5,SP,17,6.0,8.57
2015-03-11,0,0,0,0,0,0.0,,0,4.71,7.0
2015-03-12,0,0,0,0,0,0.0,,0,4.43,6.71
2015-03-13,0,0,0,0,0,0.0,,0,3.29,5.29
2015-03-14,5,5,0,0,5,20.0,SP,5,3.71,5.71
2015-03-15,5,5,0,0,3,16.9,SP,3,3.86,6.14
2015-03-16,0,0,0,0,0,0.0,,0,3.57,5.86
2015-03-17,12,12,0,0,6,37.9,SP,6,2.0,3.14
2015-03-18,17,17,0,0,12,60.5,SP,12,3.71,5.57
2015-03-19,28,28,0,0,19,108.6,SP,19,6.43,9.57
2015-03-20,30,30,0,0,19,151.5,SP,19,9.14,13.86
2015-03-21,14,14,0,0,9,73.1,SP,9,9.71,15.14
2015-03-22,25,25,0,0,20,104.4,SP,19,12.14,18.0
2015-03-23,14,14,0,0,11,87.0,SP,10,13.71,20.0
2015-03-24,21,21,0,0,12,95.7,SP,12,14.57,21.29
2015-03-25,10,10,0,0,8,51.3,SP,7,14.0,20.29
2015-03-26,1,1,0,0,1,2.9,SP,1,11.43,16.43
2015-03-27,11,11,0,0,9,53.6,SP,9,10.0,13.71
2015-03-28,0,0,0,0,0,0.0,,0,8.71,11.71
2015-03-29,0,0,0,0,0,0.0,,0,5.86,8.14
2015-03-30,1,1,0,0,1,1.0,SP,1,4.43,6.29
2015-03-31,5,5,0,0,2,19.8,SP,1,3.0,4.0
2015-04-01,1,1,0,0,1,0.6,SP,1,2.0,2.71
2015-04-02,4,4,0,0,3,15.4,SP,3,2.29,3.14
2015-04-03,0,0,0,0,0,0.0,,0,1.0,1.57
2015-04-04,0,0,0,0,0,0.0,,0,1.0,1.57
2015-04-05,9,9,0,0,7,29.0,SP,7,2.0,2.86
2015-04-06,44,44,0,0,33,164.6,SP,33,6.57,9.0
2015-04-07,52,52,0,0,39,323.6,SP,39,11.86,15.71
2015-04-08,64,64,0,0,51,357.1,SP,43,19.0,24.71
2015-04-09,159,159,0,0,82,1085.4,SP,73,30.29,46.86
2015-04-10,125,125,0,0,36,1232.3,SP,30,35.43,64.71
2015-04-11,9,9,0,0,5,49.5,SP,5,36.14,66.0
2015-04-12,2,2,0,0,2,10.1,SP,2,35.43,65.0
2015-04-13,2,2,0,0,2,11.0,SP,1,31.0,59.0
2015-04-14,11,11,0,0,7,35.2,SP,6,26.43,53.14
2015-04-15,12,12,0,0,7,71.7,SP,7,20.14,45.71
2015-04-16,11,11,0,0,6,132.4,SP,6,9.29,24.57
2015-04-17,8,8,0,0,3,43.9,SP,3,4.57,7.86
2015-04-18,40,40,0,0,22,349.6,SP,22,7.0,12.29
2015-04-19,13,13,0,0,11,53.8,SP,10,8.29,13.86
2015-04-20,18,18,0,0,13,75.2,SP,12,9.86,16.14
2015-04-21,43,43,0,0,25,246.4,SP,23,12.43,20.71
2015-04-22,37,37,0,0,26,171.8,SP,24,15.14,24.29
2015-04-23,47,47,0,0,31,164.3,SP,27,18.71,29.43
2015-04-24,10,10,0,0,4,75.6,SP,4,18.86,29.71
2015-04-25,0,0,0,0,0,0.0,,0,15.71,24.0
2015-04-26,2,2,0,0,1,7.2,SP,1,14.29,22.43
2015-04-27,1,1,0,0,1,1.1,SP,1,12.57,20.0
2015-04-28,7,7,0,0,6,17.5,SP,6,9.86,14.86
2015-04-29,1,1,0,0,1,5.7,SP,1,6.29,9.71
2015-04-30,1,1,0,0,1,3.0,SP,1,2.0,3.14
2015-05-01,1,1,0,0,1,4.8,SP,1,1.57,1.86
2015-05-02,0,0,0,0,0,0.0,,0,1.57,1.86
2015-05-03,1,1,0,0,1,2.2,SP,1,1.57,1.71
2015-05-04,1,1,0,0,1,2.5,SP,1,1.57,1.71
2015-05-05,0,0,0,0,0,0.0,,0,0.71,0.71
2015-05-06,1,1,0,0,1,1.3,SP,1,0.71,0.71
2015-05-07,0,0,0,0,0,0.0,,0,0.57,0.57
2015-05-08,1,1,0,0,1,1.9,SP,1,0.57,0.57
2015-05-09,3,3,0,0,3,7.4,SP,3,1.0,1.0
2015-05-10,1,1,0,0,1,2.8,SP,1,1.0,1.0
2015-05-11,2,2,0,0,2,3.8,SP,2,1.14,1.14
2015-05-12,1,1,0,0,1,4.1,SP,1,1.29,1.29
2015-05-13,4,4,0,0,4,11.7,SP,4,1.71,1.71
2015-05-14,2,2,0,0,2,2.2,SP,2,2.0,2.0
2015-05-15,0,0,0,0,0,0.0,,0,1.86,1.86
2015-05-16,1,1,0,0,1,5.4,SP,1,1.57,1.57
2015-05-17,3,3,0,0,3,2.0,SP,3,1.86,1.86
2015-05-18,0,0,0,0,0,0.0,,0,1.57,1.57
2015-05-19,1,1,0,0,1,3.1,SP,1,1.57,1.57
2015-05-20,1,1,0,0,1,0.8,SP,1,1.14,1.14
2015-05-21,1,1,0,0,1,2.6,SP,1,1.0,1.0
2015-05-22,0,0,0,0,0,0.0,,0,1.0,1.0
2015-05-23,1,1,0,0,1,4.4,SP,1,1.0,1.0
2015-05-24,2,2,0,0,1,10.0,SP,1,0.71,0.86
2015-05-25,5,5,0,0,3,13.7,SP,3,1.14,1.57
2015-05-26,8,8,0,0,3,19.2,SP,3,1.43,2.57
2015-05-27,1,1,0,0,1,0.6,SP,1,1.43,2.57
2015-05-28,2,2,0,0,2,2.8,SP,1,1.57,2.71
2015-05-29,1,1,0,0,1,3.5,SP,1,1.71,2.86
2015-05-30,1,1,0,0,1,3.1,SP,1,1.71,2.86
2015-05-31,1,1,0,0,1,1.4,SP,1,1.71,2.71
2015-06-01,0,0,0,0,0,0.0,,0,1.29,2.0
2015-06-02,1,1,0,0,1,2.6,SP,1,1.0,1.0
2015-06-03,6,6,0,0,2,18.9,SP,2,1.14,1.71
2015-06-04,6,6,0,0,5,28.9,SP,5,1.57,2.29
2015-06-05,8,8,0,0,6,27.6,SP,5,2.29,3.29
2015-06-06,7,7,0,0,5,10.2,SP,5,2.86,4.14
2015-06-07,3,3,0,0,3,9.0,SP,3,3.14,4.43
2015-06-08,8,8,0,0,4,19.6,SP,3,3.71,5.57
2015-06-09,6,6,0,0,5,5.2,SP,5,4.29,6.29
2015-06-10,14,14,0,0,12,91.2,SP,11,5.71,7.43
2015-06-11,12,12,0,0,8,39.4,SP,8,6.14,8.29
2015-06-12,9,9,0,0,4,60.5,SP,4,5.86,8.43
2015-06-13,0,0,0,0,0,0.0,,0,5.14,7.43
2015-06-14,2,2,0,0,1,11.4,SP,1,4.86,7.29
2015-06-15,2,2,0,0,2,27.5,SP,2,4.57,6.43
2015-06-16,5,5,0,0,5,15.5,SP,4,4.57,6.29
2015-06-17,3,3,0,0,1,3.7,SP,1,3.0,4.71
2015-06-18,3,3,0,0,3,3.4,SP,2,2.29,3.43
2015-06-19,2,2,0,0,2,4.4,SP,2,2.0,2.43
2015-06-20,1,1,0,0,1,2.2,SP,1,2.14,2.57
2015-06-21,1,1,0,0,1,2.2,SP,1,2.14,2.43
2015-06-22,1,1,0,0,1,0.3,SP,1,2.0,2.29
2015-06-23,3,3,0,0,3,9.8,SP,3,1.71,2.0
2015-06-24,0,0,0,0,0,0.0,,0,1.57,1.57
2015-06-25,2,2,0,0,2,1.2,SP,2,1.43,1.43
2015-06-26,1,1,0,0,1,7.6,SP,1,1.29,1.29
2015-06-27,3,3,0,0,2,4.9,SP,2,1.43,1.57
2015-06-28,0,0,0,0,0,0.0,,0,1.29,1.43
2015-06-29,0,0,0,0,0,0.0,,0,1.14,1.29
2015-06-30,8,8,0,0,4,22.6,SP,4,1.29,2.0
2015-07-01,5,5,0,0,5,15.4,SP,5,2.0,2.71
2015-07-02,8,8,0,0,2,13.5,SP,1,2.0,3.57
2015-07-03,2,2,0,0,2,13.0,SP,2,2.14,3.71
2015-07-04,0,0,0,0,0,0.0,,0,1.86,3.29
2015-07-05,7,7,0,0,6,8.6,SP,6,2.71,4.29
2015-07-06,6,6,0,0,3,6.2,SP,3,3.14,5.14
2015-07-07,3,3,0,0,3,19.5,SP,3,3.0,4.43
2015-07-08,0,0,0,0,0,0.0,,0,2.29,3.71
2015-07-09,2,2,0,0,2,3.7,SP,2,2.29,2.86
2015-07-10,6,6,0,0,3,7.9,SP,2,2.43,3.43
2015-07-11,11,11,0,0,4,18.4,SP,4,3.0,5.0
2015-07-12,13,13,0,0,9,26.1,SP,8,3.43,5.86
2015-07-13,0,0,0,0,0,0.0,,0,3.0,5.0
2015-07-14,0,0,0,0,0,0.0,,0,2.57,4.57
2015-07-15,3,3,0,0,3,9.0,SP,3,3.0,5.0
2015-07-16,0,0,0,0,0,0.0,,0,2.71,4.71
2015-07-17,3,3,0,0,2,3.1,SP,2,2.57,4.29
2015-07-18,16,16,0,0,9,51.0,SP,9,3.29,5.0
2015-07-19,0,0,0,0,0,0.0,,0,2.0,3.14
2015-07-20,0,0,0,0,0,0.0,,0,2.0,3.14
2015-07-21,2,2,0,0,2,5.1,SP,2,2.29,3.43
2015-07-22,1,1,0,0,1,0.5,SP,1,2.0,3.14
2015-07-23,2,2,0,0,2,4.5,SP,2,2.29,3.43
2015-07-24,0,0,0,0,0,0.0,,0,2.0,3.0
2015-07-25,1,1,0,0,1,2.6,SP,1,0.86,0.86
2015-07-26,0,0,0,0,0,0.0,,0,0.86,0.86
2015-07-27,1,1,0,0,1,3.2,SP,1,1.0,1.0
2015-07-28,2,2,0,0,1,25.9,SP,1,0.86,1.0
2015-07-29,0,0,0,0,0,0.0,,0,0.71,0.86
2015-07-30,0,0,0,0,0,0.0,,0,0.43,0.57
2015-07-31,4,4,0,0,2,15.4,SP,2,0.71,1.14
2015-08-01,1,1,0,0,1,2.1,SP,1,0.71,1.14
2015-08-02,9,9,0,0,5,27.0,SP,5,1.43,2.43
2015-08-03,0,0,0,0,0,0.0,,0,1.29,2.29
2015-08-04,4,4,0,0,4,3.4,SP,4,1.71,2.57
2015-08-05,1,1,0,0,1,0.9,SP,1,1.86,2.71
2015-08-06,2,2,0,0,2,7.1,SP,2,2.14,3.0
2015-08-07,7,7,0,0,4,26.2,SP,4,2.43,3.43
2015-08-08,15,15,0,0,9,54.8,SP,9,3.57,5.43
2015-08-09,6,6,0,0,3,6.6,SP,3,3.29,5.0
2015-08-10,3,3,0,0,1,4.7,SP,0,3.43,5.43
2015-08-11,5,5,0,0,3,8.8,SP,3,3.29,5.57
2015-08-12,6,6,0,0,5,24.2,SP,4,3.86,6.29
2015-08-13,3,3,0,0,3,10.8,SP,2,4.0,6.43
2015-08-14,0,0,0,0,0,0.0,,0,3.43,5.43
2015-08-15,0,0,0,0,0,0.0,,0,2.14,3.29
2015-08-16,1,1,0,0,1,0.4,SP,1,1.86,2.57
2015-08-17,3,3,0,0,2,6.1,SP,2,2.0,2.57
2015-08-18,1,1,0,0,1,1.9,SP,1,1.71,2.0
2015-08-19,1,1,0,0,1,0.7,SP,1,1.14,1.29
2015-08-20,0,0,0,0,0,0.0,,0,0.71,0.86
2015-08-21,2,2,0,0,1,1.3,SP,1,0.86,1.14
2015-08-22,3,3,0,0,3,9.1,SP,2,1.29,1.57
2015-08-23,9,9,0,0,4,22.3,SP,4,1.71,2.71
2015-08-24,0,0,0,0,0,0.0,,0,1.43,2.29
2015-08-25,0,0,0,0,0,0.0,,0,1.29,2.14
2015-08-26,0,0,0,0,0,0.0,,0,1.14,2.0
2015-08-27,2,2,0,0,2,3.5,SP,2,1.43,2.29
2015-08-28,4,4,0,0,3,5.3,SP,3,1.71,2.57
2015-08-29,0,0,0,0,0,0.0,,0,1.29,2.14
2015-08-30,0,0,0,0,0,0.0,,0,0.71,0.86
2015-08-31,0,0,0,0,0,0.0,,0,0.71,0.86
2015-09-01,0,0,0,0,0,0.0,,0,0.71,0.86
2015-09-02,3,3,0,0,1,2.6,SP,1,0.86,1.29
2015-09-03,0,0,0,0,0,0.0,,0,0.57,1.0
2015-09-04,1,1,0,0,1,2.8,SP,1,0.29,0.57
2015-09-05,5,5,0,0,4,9.9,SP,4,0.86,1.29
2015-09-06,5,5,0,0,3,9.9,SP,3,1.29,2.0
2015-09-07,7,7,0,0,1,20.9,SP,1,1.43,3.0
2015-09-08,1,1,0,0,1,2.2,SP,1,1.57,3.14
2015-09-09,3,3,0,0,3,10.6,SP,3,1.86,3.14
2015-09-10,28,28,0,0,18,219.5,SP,17,4.43,7.14
2015-09-11,8,8,0,0,7,22.4,SP,7,5.29,8.14
2015-09-12,1,1,0,0,1,2.3,SP,1,4.86,7.57
2015-09-13,0,0,0,0,0,0.0,,0,4.43,6.86
2015-09-14,0,0,0,0,0,0.0,,0,4.29,5.86
2015-09-15,2,2,0,0,2,5.1,SP,2,4.43,6.0
2015-09-16,2,2,0,0,2,6.6,SP,2,4.29,5.86
2015-09-17,0,0,0,0,0,0.0,,0,1.71,1.86
2015-09-18,4,4,0,0,3,11.0,SP,3,1.14,1.29
2015-09-19,11,11,0,0,8,37.3,SP,8,2.14,2.71
2015-09-20,4,4,0,0,2,12.3,SP,1,2.43,3.29
2015-09-21,1,1,0,0,1,1.3,SP,1,2.57,3.43
2015-09-22,0,0,0,0,0,0.0,,0,2.29,3.14
2015-09-23,7,7,0,0,5,23.4,SP,5,2.71,3.86
2015-09-24,5,5,0,0,4,18.5,SP,4,3.29,4.57
2015-09-25,5,5,0,0,5,16.8,SP,3,3.57,4.71
2015-09-26,4,4,0,0,4,18.8,SP,4,3.0,3.71
2015-09-27,6,6,0,0,5,12.7,SP,5,3.43,4.0
2015-09-28,11,11,0,0,8,39.8,SP,8,4.43,5.43
2015-09-29,12,12,0,0,5,31.5,SP,5,5.14,7.14
2015-09-30,16,16,0,0,14,102.6,SP,12,6.43,8.43
2015-10-01,78,78,0,0,46,361.0,SP,45,12.43,18.86
2015-10-02,53,53,0,0,31,327.6,SP,22,16.14,25.71
2015-10-03,2,2,0,0,2,5.9,SP,2,15.86,25.43
2015-10-04,9,9,0,0,8,46.0,SP,8,16.29,25.86
2015-10-05,2,2,0,0,1,2.3,SP,1,15.29,24.57
2015-10-06,0,0,0,0,0,0.0,,0,14.57,22.86
2015-10-07,0,0,0,0,0,0.0,,0,12.57,20.57
2015-10-08,3,3,0,0,2,11.4,SP,2,6.29,9.86
2015-10-09,2,2,0,0,1,2.9,SP,1,2.0,2.57
2015-10-10,0,0,0,0,0,0.0,,0,1.71,2.29
2015-10-11,4,4,0,0,4,9.7,SP,4,1.14,1.57
2015-10-12,1,1,0,0,1,3.5,SP,1,1.14,1.43
2015-10-13,3,3,0,0,1,14.9,SP,1,1.29,1.86
2015-10-14,2,2,0,0,2,6.3,SP,2,1.57,2.14
2015-10-15,4,4,0,0,4,11.3,SP,4,1.86,2.29
2015-10-16,1,1,0,0,1,5.4,SP,1,1.86,2.14
2015-10-17,1,1,0,0,1,5.4,SP,1,2.0,2.29
2015-10-18,1,1,0,0,1,0.0,SP,1,1.57,1.86
2015-10-19,1,1,0,0,1,3.9,SP,1,1.57,1.86
2015-10-20,6,6,0,0,6,21.8,SP,6,2.29,2.29
2015-10-21,0,0,0,0,0,0.0,,0,2.0,2.0
2015-10-22,6,6,0,0,6,13.8,SP,6,2.29,2.29
2015-10-23,3,3,0,0,2,7.5,SP,2,2.43,2.57
2015-10-24,0,0,0,0,0,0.0,,0,2.29,2.43
2015-10-25,3,3,0,0,2,4.4,SP,2,2.43,2.71
2015-10-26,6,6,0,0,5,22.6,SP,5,3.0,3.43
2015-10-27,0,0,0,0,0,0.0,,0,2.14,2.57
2015-10-28,0,0,0,0,0,0.0,,0,2.14,2.57
2015-10-29,3,3,0,0,2,8.5,SP,2,1.57,2.14
2015-10-30,0,0,0,0,0,0.0,,0,1.29,1.71
2015-10-31,1,1,0,0,1,2.7,SP,1,1.43,1.86
2015-11-01,14,14,0,0,7,19.6,SP,7,2.14,3.43
2015-11-02,15,15,0,0,11,72.3,SP,11,3.0,4.71
2015-11-03,9,9,0,0,7,39.5,SP,6,4.0,6.0
2015-11-04,1,1,0,0,1,0.4,SP,1,4.14,6.14
2015-11-05,0,0,0,0,0,0.0,,0,3.86,5.71
2015-11-06,7,7,0,0,2,7.1,SP,2,4.14,6.71
2015-11-07,30,30,0,0,15,41.5,SP,15,6.14,10.86
2015-11-08,44,44,0,0,38,47.0,SP,37,10.57,15.14
2015-11-09,5,5,0,0,4,2.8,SP,4,9.57,13.71
2015-11-10,0,0,0,0,0,0.0,,0,8.57,12.43
2015-11-11,0,0,0,0,0,0.0,,0,8.43,12.29
2015-11-12,1,1,0,0,1,0.5,SP,1,8.57,12.43
2015-11-13,1,1,0,0,1,4.5,SP,1,8.43,11.57
2015-11-14,1,1,0,0,1,1.1,SP,1,6.43,7.43
2015-11-15,0,0,0,0,0,0.0,,0,1.0,1.14
2015-11-16,1,1,0,0,1,5.4,SP,1,0.57,0.57
2015-11-17,0,0,0,0,0,0.0,,0,0.57,0.57
2015-11-18,1,1,0,0,1,0.5,SP,1,0.71,0.71
2015-11-19,0,0,0,0,0,0.0,,0,0.57,0.57
2015-11-20,1,1,0,0,1,1.6,SP,1,0.57,0.57
2015-11-21,1,1,0,0,1,0.9,SP,1,0.57,0.57
2015-11-22,9,9,0,0,2,49.8,SP,2,0.86,1.86
2015-11-23,10,10,0,0,3,47.4,SP,2,1.14,3.14
2015-11-24,0,0,0,0,0,0.0,,0,1.14,3.14
2015-11-25,2,2,0,0,2,10.1,SP,2,1.29,3.29
2015-11-26,1,1,0,0,1,0.8,SP,0,1.43,3.43
2015-11-27,0,0,0,0,0,0.0,,0,1.29,3.29
2015-11-28,0,0,0,0,0,0.0,,0,1.14,3.14
2015-11-29,0,0,0,0,0,0.0,,0,0.86,1.86
2015-11-30,1,1,0,0,1,3.2,SP,1,0.57,0.57
2015-12-01,0,0,0,0,0,0.0,,0,0.57,0.57
2015-12-02,4,4,0,0,1,17.3,SP,1,0.43,0.86
2015-12-03,0,0,0,0,0,0.0,,0,0.29,0.71
2015-12-04,1,1,0,0,1,0.9,SP,1,0.43,0.86
2015-12-05,0,0,0,0,0,0.0,,0,0.43,0.86
2015-12-06,0,0,0,0,0,0.0,,0,0.43,0.86
2015-12-07,1,1,0,0,1,5.3,SP,1,0.43,0.86
2015-12-08,0,0,0,0,0,0.0,,0,0.43,0.86
2015-12-09,0,0,0,0,0,0.0,,0,0.29,0.29
2015-12-10,2,2,0,0,2,7.2,SP,2,0.57,0.57
2015-12-11,0,0,0,0,0,0.0,,0,0.43,0.43
2015-12-12,0,0,0,0,0,0.0,,0,0.43,0.43
2015-12-13,0,0,0,0,0,0.0,,0,0.43,0.43
2015-12-14,0,0,0,0,0,0.0,,0,0.29,0.29
2015-12-15,0,0,0,0,0,0.0,,0,0.29,0.29
2015-12-16,0,0,0,0,0,0.0,,0,0.29,0.29
2015-12-17,1,1,0,0,1,1.5,SP,1,0.14,0.14
2015-12-18,0,0,0,0,0,0.0,,0,0.14,0.14
2015-12-19,0,0,0,0,0,0.0,,0,0.14,0.14
2015-12-20,0,0,0,0,0,0.0,,0,0.14,0.14
2015-12-21,1,1,0,0,1,0.5,SP,1,0.29,0.29
2015-12-22,0,0,0,0,0,0.0,,0,0.29,0.29
2015-12-23,1,1,0,0,1,3.6,SP,1,0.43,0.43
2015-12-24,1,1,0,0,1,4.0,SP,1,0.43,0.43
2015-12-25,0,0,0,0,0,0.0,,0,0.43,0.43
2015-12-26,0,0,0,0,0,0.0,,0,0.43,0.43
2015-12-27,0,0,0,0,0,0.0,,0,0.43,0.43
2015-12-28,1,1,0,0,1,0.4,SP,1,0.43,0.43
2015-12-29,1,1,0,0,1,2.9,SP,1,0.57,0.57
2015-12-30,0,0,0,0,0,0.0,,0,0.43,0.43
2015-12-31,2,2,0,0,2,4.3,SP,2,0.57,0.57
2016-01-01,3,3,0,0,3,2.8,SP,3,1.0,1.0
2016-01-02,0,0,0,0,0,0.0,,0,1.0,1.0
2016-01-03,0,0,0,0,0,0.0,,0,1.0,1.0
2016-01-04,0,0,0,0,0,0.0,,0,0.86,0.86
2016-01-05,0,0,0,0,0,0.0,,0,0.71,0.71
2016-01-06,0,0,0,0,0,0.0,,0,0.71,0.71
2016-01-07,0,0,0,0,0,0.0,,0,0.43,0.43
2016-01-08,0,0,0,0,0,0.0,,0,0.0,0.0
2016-01-09,0,0,0,0,0,0.0,,0,0.0,0.0
2016-01-10,0,0,0,0,0,0.0,,0,0.0,0.0
2016-01-11,0,0,0,0,0,0.0,,0,0.0,0.0
2016-01-12,1,1,0,0,1,1.6,SP,1,0.14,0.14
2016-01-13,1,1,0,0,1,3.1,SP,1,0.29,0.29
2016-01-14,0,0,0,0,0,0.0,,0,0.29,0.29
2016-01-15,1,1,0,0,1,2.1,SP,1,0.43,0.43
2016-01-16,2,2,0,0,1,4.2,SP,1,0.57,0.71
2016-01-17,0,0,0,0,0,0.0,,0,0.57,0.71
2016-01-18,0,0,0,0,0,0.0,,0,0.57,0.71
2016-01-19,0,0,0,0,0,0.0,,0,0.43,0.57
2016-01-20,2,2,0,0,2,4.0,SP,2,0.57,0.71
2016-01-21,3,3,0,0,1,19.1,SP,1,0.71,1.14
2016-01-22,0,0,0,0,0,0.0,,0,0.57,1.0
2016-01-23,1,1,0,0,1,2.4,SP,1,0.57,0.86
2016-01-24,0,0,0,0,0,0.0,,0,0.57,0.86
2016-01-25,0,0,0,0,0,0.0,,0,0.57,0.86
2016-01-26,1,1,0,0,1,1.6,SP,1,0.71,1.0
2016-01-27,0,0,0,0,0,0.0,,0,0.43,0.71
2016-01-28,1,1,0,0,1,2.9,SP,1,0.43,0.43
2016-01-29,0,0,0,0,0,0.0,,0,0.43,0.43
2016-01-30,1,1,0,0,1,2.1,SP,1,0.43,0.43
2016-01-31,0,0,0,0,0,0.0,,0,0.43,0.43
2016-02-01,1,1,0,0,1,2.4,SP,1,0.57,0.57
2016-02-02,0,0,0,0,0,0.0,,0,0.43,0.43
2016-02-03,7,7,0,0,6,31.0,SP,6,1.29,1.43
2016-02-04,1,1,0,0,1,4.2,SP,1,1.29,1.43
2016-02-05,0,0,0,0,0,0.0,,0,1.29,1.43
2016-02-06,0,0,0,0,0,0.0,,0,1.14,1.29
2016-02-07,1,1,0,0,1,1.9,SP,1,1.29,1.43
2016-02-08,0,0,0,0,0,0.0,,0,1.14,1.29
2016-02-09,0,0,0,0,0,0.0,,0,1.14,1.29
2016-02-10,8,8,0,0,4,24.3,SP,4,0.86,1.43
2016-02-11,3,3,0,0,3,4.8,SP,3,1.14,1.71
2016-02-12,4,4,0,0,2,13.6,SP,2,1.43,2.29
2016-02-13,1,1,0,0,1,2.2,SP,1,1.57,2.43
2016-02-14,2,2,0,0,1,8.5,SP,1,1.57,2.57
2016-02-15,1,1,0,0,1,7.3,SP,1,1.71,2.71
2016-02-16,3,3,0,0,2,16.6,SP,2,2.0,3.14
2016-02-17,0,0,0,0,0,0.0,,0,1.43,2.0
2016-02-18,0,0,0,0,0,0.0,,0,1.0,1.57
2016-02-19,9,9,0,0,3,38.3,SP,3,1.14,2.29
2016-02-20,0,0,0,0,0,0.0,,0,1.0,2.14
2016-02-21,0,0,0,0,0,0.0,,0,0.86,1.86
2016-02-22,4,4,0,0,3,19.4,SP,3,1.14,2.29
2016-02-23,11,11,0,0,8,37.8,SP,8,2.0,3.43
2016-02-24,17,17,0,0,11,88.9,SP,10,3.57,5.86
2016-02-25,16,16,0,0,12,71.0,SP,11,5.29,8.14
2016-02-26,1,1,0,0,1,3.1,SP,1,5.0,7.0
2016-02-27,3,3,0,0,2,15.4,SP,2,5.29,7.43
2016-02-28,8,8,0,0,6,37.1,SP,6,6.14,8.57
2016-02-29,1,1,0,0,1,4.1,SP,1,5.86,8.14
2016-03-01,0,0,0,0,0,0.0,,0,4.71,6.57
2016-03-02,2,2,0,0,1,8.1,SP,1,3.29,4.43
2016-03-03,2,2,0,0,2,2.1,SP,2,1.86,2.43
2016-03-04,2,2,0,0,2,2.6,SP,1,2.0,2.57
2016-03-05,0,0,0,0,0,0.0,,0,1.71,2.14
2016-03-06,3,3,0,0,3,6.6,SP,2,1.29,1.43
2016-03-07,9,9,0,0,8,34.8,SP,8,2.29,2.57
2016-03-08,1,1,0,0,1,0.6,SP,1,2.43,2.71
2016-03-09,1,1,0,0,1,0.4,SP,1,2.43,2.57
2016-03-10,0,0,0,0,0,0.0,,0,2.14,2.29
2016-03-11,1,1,0,0,1,3.2,SP,1,2.0,2.14
2016-03-12,0,0,0,0,0,0.0,,0,2.0,2.14
2016-03-13,1,1,0,0,1,3.0,SP,1,1.71,1.86
2016-03-14,40,40,0,0,33,162.5,SP,33,5.29,6.29
2016-03-15,20,20,0,0,13,94.0,SP,12,7.0,9.0
2016-03-16,16,16,0,0,10,101.1,SP,10,8.29,11.14
2016-03-17,47,47,0,0,29,241.5,SP,28,12.43,17.86
2016-03-18,21,21,0,0,10,194.6,SP,8,13.71,20.71
2016-03-19,17,17,0,0,10,108.7,SP,10,15.14,23.14
2016-03-20,24,24,0,0,18,128.0,SP,16,17.57,26.43
2016-03-21,21,21,0,0,12,159.8,SP,12,14.57,23.71
2016-03-22,9,9,0,0,7,53.6,SP,7,13.71,22.14
2016-03-23,4,4,0,0,3,16.5,SP,3,12.71,20.43
2016-03-24,0,0,0,0,0,0.0,,0,8.57,13.71
2016-03-25,7,7,0,0,6,22.2,SP,6,8.0,11.71
2016-03-26,1,1,0,0,1,0.4,SP,1,6.71,9.43
2016-03-27,0,0,0,0,0,0.0,,0,4.14,6.0
2016-03-28,0,0,0,0,0,0.0,,0,2.43,3.0
2016-03-29,0,0,0,0,0,0.0,,0,1.43,1.71
2016-03-30,2,2,0,0,2,14.9,SP,2,1.29,1.43
2016-03-31,0,0,0,0,0,0.0,,0,1.29,1.43
2016-04-01,1,1,0,0,1,0.5,SP,1,0.57,0.57
2016-04-02,2,2,0,0,2,7.6,SP,2,0.71,0.71
2016-04-03,1,1,0,0,1,0.9,SP,1,0.86,0.86
2016-04-04,0,0,0,0,0,0.0,,0,0.86,0.86
2016-04-05,0,0,0,0,0,0.0,,0,0.86,0.86
2016-04-06,1,1,0,0,1,0.6,SP,1,0.71,0.71
2016-04-07,1,1,0,0,1,1.5,SP,1,0.86,0.86
2016-04-08,3,3,0,0,2,5.8,SP,2,1.0,1.14
2016-04-09,0,0,0,0,0,0.0,,0,0.71,0.86
2016-04-10,3,3,0,0,3,5.1,SP,3,1.0,1.14
2016-04-11,1,1,0,0,1,0.5,SP,0,1.14,1.29
2016-04-12,0,0,0,0,0,0.0,,0,1.14,1.29
2016-04-13,1,1,0,0,1,2.2,SP,1,1.14,1.29
2016-04-14,20,20,0,0,8,161.6,SP,8,2.14,4.0
2016-04-15,0,0,0,0,0,0.0,,0,1.86,3.57
2016-04-16,0,0,0,0,0,0.0,,0,1.86,3.57
2016-04-17,3,3,0,0,1,8.5,SP,1,1.57,3.57
2016-04-18,2,2,0,0,1,2.9,SP,1,1.57,3.71
2016-04-19,6,6,0,0,5,20.3,SP,5,2.29,4.57
2016-04-20,45,45,0,0,29,238.7,SP,26,6.29,10.86
2016-04-21,29,29,0,0,13,132.0,SP,11,7.0,12.14
2016-04-22,2,2,0,0,2,10.9,SP,2,7.29,12.43
2016-04-23,4,4,0,0,2,7.2,SP,2,7.57,13.0
2016-04-24,3,3,0,0,3,8.4,SP,3,7.86,13.0
2016-04-25,1,1,0,0,1,6.6,SP,1,7.86,12.86
2016-04-26,0,0,0,0,0,0.0,,0,7.14,12.0
2016-04-27,2,2,0,0,2,1.8,SP,2,3.29,5.86
2016-04-28,0,0,0,0,0,0.0,,0,1.43,1.71
2016-04-29,0,0,0,0,0,0.0,,0,1.14,1.43
2016-04-30,3,3,0,0,3,6.0,SP,3,1.29,1.29
2016-05-01,3,3,0,0,1,5.2,SP,1,1.0,1.29
2016-05-02,0,0,0,0,0,0.0,,0,0.86,1.14
2016-05-03,0,0,0,0,0,0.0,,0,0.86,1.14
2016-05-04,1,1,0,0,1,1.1,SP,1,0.71,1.0
2016-05-05,2,2,0,0,2,3.6,SP,2,1.0,1.29
2016-05-06,2,2,0,0,2,5.9,SP,2,1.29,1.57
2016-05-07,4,4,0,0,4,10.2,SP,4,1.43,1.71
2016-05-08,1,1,0,0,1,2.8,SP,1,1.43,1.43
2016-05-09,23,23,0,0,9,153.0,SP,8,2.71,4.71
2016-05-10,6,6,0,0,4,33.1,SP,3,3.29,5.57
2016-05-11,27,27,0,0,2,121.4,SP,2,3.43,9.29
2016-05-12,19,19,0,0,14,79.5,SP,14,5.14,11.71
2016-05-13,5,5,0,0,3,55.9,SP,3,5.29,12.14
2016-05-14,4,4,0,0,3,66.6,SP,2,5.14,12.14
2016-05-15,4,4,0,0,4,6.1,SP,4,5.57,12.57
2016-05-16,13,13,0,0,9,58.4,SP,9,5.57,11.14
2016-05-17,7,7,0,0,6,14.9,SP,5,5.86,11.29
2016-05-18,0,0,0,0,0,0.0,,0,5.57,7.43
2016-05-19,1,1,0,0,1,0.4,SP,1,3.71,4.86
2016-05-20,0,0,0,0,0,0.0,,0,3.29,4.14
2016-05-21,0,0,0,0,0,0.0,,0,2.86,3.57
2016-05-22,0,0,0,0,0,0.0,,0,2.29,3.0
2016-05-23,3,3,0,0,2,12.2,SP,2,1.29,1.57
2016-05-24,2,2,0,0,2,1.8,SP,2,0.71,0.86
2016-05-25,0,0,0,0,0,0.0,,0,0.71,0.86
2016-05-26,0,0,0,0,0,0.0,,0,0.57,0.71
2016-05-27,4,4,0,0,2,22.6,SP,2,0.86,1.29
2016-05-28,0,0,0,0,0,0.0,,0,0.86,1.29
2016-05-29,0,0,0,0,0,0.0,,0,0.86,1.29
2016-05-30,2,2,0,0,2,1.2,SP,2,0.86,1.14
2016-05-31,14,14,0,0,5,131.1,SP,5,1.29,2.86
2016-06-01,2,2,0,0,2,4.1,SP,2,1.57,3.14
2016-06-02,18,18,0,0,7,175.6,SP,6,2.57,5.71
2016-06-03,6,6,0,0,4,17.7,SP,3,2.86,6.0
2016-06-04,0,0,0,0,0,0.0,,0,2.86,6.0
2016-06-05,10,10,0,0,4,157.4,SP,4,3.43,7.43
2016-06-06,22,22,0,0,14,50.5,SP,13,5.14,10.29
2016-06-07,9,9,0,0,4,24.9,SP,4,5.0,9.57
2016-06-08,3,3,0,0,3,7.3,SP,3,5.14,9.71
2016-06-09,3,3,0,0,3,4.8,SP,3,4.57,7.57
2016-06-10,0,0,0,0,0,0.0,,0,4.0,6.71
2016-06-11,0,0,0,0,0,0.0,,0,4.0,6.71
2016-06-12,1,1,0,0,1,0.8,SP,1,3.57,5.43
2016-06-13,0,0,0,0,0,0.0,,0,1.57,2.29
2016-06-14,0,0,0,0,0,0.0,,0,1.0,1.0
2016-06-15,2,2,0,0,2,1.1,SP,2,0.86,0.86
2016-06-16,0,0,0,0,0,0.0,,0,0.43,0.43
2016-06-17,0,0,0,0,0,0.0,,0,0.43,0.43
2016-06-18,1,1,0,0,1,4.2,SP,1,0.57,0.57
2016-06-19,1,1,0,0,1,0.6,SP,1,0.57,0.57
2016-06-20,0,0,0,0,0,0.0,,0,0.57,0.57
2016-06-21,0,0,0,0,0,0.0,,0,0.57,0.57
2016-06-22,1,1,0,0,1,3.0,SP,1,0.43,0.43
2016-06-23,2,2,0,0,2,7.9,SP,2,0.71,0.71
2016-06-24,1,1,0,0,1,1.2,SP,1,0.86,0.86
2016-06-25,1,1,0,0,1,0.4,SP,1,0.86,0.86
2016-06-26,1,1,0,0,1,6.0,SP,1,0.86,0.86
2016-06-27,2,2,0,0,2,9.3,SP,2,1.14,1.14
2016-06-28,1,1,0,0,1,0.7,SP,1,1.29,1.29
2016-06-29,0,0,0,0,0,0.0,,0,1.14,1.14
2016-06-30,1,1,0,0,1,0.5,SP,1,1.0,1.0
2016-07-01,1,1,0,0,1,0.3,SP,1,1.0,1.0
2016-07-02,4,4,0,0,3,13.7,SP,3,1.29,1.43
2016-07-03,1,1,0,0,1,1.0,SP,1,1.29,1.43
2016-07-04,1,1,0,0,1,3.5,SP,1,1.14,1.29
2016-07-05,0,0,0,0,0,0.0,,0,1.0,1.14
2016-07-06,2,2,0,0,2,0.8,SP,2,1.29,1.43
2016-07-07,0,0,0,0,0,0.0,,0,1.14,1.29
2016-07-08,0,0,0,0,0,0.0,,0,1.0,1.14
2016-07-09,0,0,0,0,0,0.0,,0,0.57,0.57
2016-07-10,4,4,0,0,4,2.7,SP,4,1.0,1.0
2016-07-11,1,1,0,0,1,1.9,SP,1,1.0,1.0
2016-07-12,6,6,0,0,5,6.8,SP,4,1.71,1.86
2016-07-13,4,4,0,0,4,3.0,SP,4,2.0,2.14
2016-07-14,7,7,0,0,7,11.4,SP,6,3.0,3.14
2016-07-15,1,1,0,0,1,20.5,SP,1,3.14,3.29
2016-07-16,2,2,0,0,1,2.4,SP,1,3.29,3.57
2016-07-17,2,2,0,0,2,14.0,SP,2,3.0,3.29
2016-07-18,6,6,0,0,6,14.9,SP,6,3.71,4.0
2016-07-19,21,21,0,0,13,66.9,SP,13,4.86,6.14
2016-07-20,13,13,0,0,9,44.7,SP,8,5.57,7.43
2016-07-21,3,3,0,0,3,7.5,SP,3,5.0,6.86
2016-07-22,1,1,0,0,1,12.5,SP,1,5.0,6.86
2016-07-23,1,1,0,0,1,0.6,SP,1,5.0,6.71
2016-07-24,0,0,0,0,0,0.0,,0,4.71,6.43
2016-07-25,5,5,0,0,3,10.6,SP,3,4.29,6.29
2016-07-26,13,13,0,0,3,22.8,SP,3,2.86,5.14
2016-07-27,0,0,0,0,0,0.0,,0,1.57,3.29
2016-07-28,2,2,0,0,2,1.1,SP,2,1.43,3.14
2016-07-29,1,1,0,0,1,2.6,SP,1,1.43,3.14
2016-07-30,2,2,0,0,2,5.8,SP,2,1.57,3.29
2016-07-31,7,7,0,0,4,17.7,SP,4,2.14,4.29
2016-08-01,3,3,0,0,3,10.8,SP,3,2.14,4.0
2016-08-02,0,0,0,0,0,0.0,,0,1.71,2.14
2016-08-03,0,0,0,0,0,0.0,,0,1.71,2.14
2016-08-04,0,0,0,0,0,0.0,,0,1.43,1.86
2016-08-05,7,7,0,0,3,9.8,SP,3,1.71,2.71
2016-08-06,9,9,0,0,5,36.0,SP,5,2.14,3.71
2016-08-07,4,4,0,0,2,16.2,SP,1,1.86,3.29
2016-08-08,6,6,0,0,4,35.4,SP,4,2.0,3.71
2016-08-09,4,4,0,0,4,10.8,SP,4,2.57,4.29
2016-08-10,5,5,0,0,2,15.3,SP,2,2.86,5.0
2016-08-11,0,0,0,0,0,0.0,,0,2.86,5.0
2016-08-12,8,8,0,0,7,14.2,SP,7,3.43,5.14
2016-08-13,1,1,0,0,1,0.5,SP,1,2.86,4.0
2016-08-14,4,4,0,0,2,3.5,SP,2,2.86,4.0
2016-08-15,25,25,0,0,18,110.2,SP,18,4.86,6.71
2016-08-16,22,22,0,0,12,68.8,SP,11,6.0,9.29
2016-08-17,21,21,0,0,14,75.3,SP,11,7.71,11.57
2016-08-18,9,9,0,0,7,22.5,SP,6,8.71,12.86
2016-08-19,0,0,0,0,0,0.0,,0,7.71,11.71
2016-08-20,7,7,0,0,4,12.3,SP,4,8.14,12.57
2016-08-21,6,6,0,0,5,30.2,SP,4,8.57,12.86
2016-08-22,1,1,0,0,1,2.9,SP,1,6.14,9.43
2016-08-23,8,8,0,0,8,31.7,SP,8,5.57,7.43
2016-08-24,16,16,0,0,7,48.8,SP,7,4.57,6.71
2016-08-25,1,1,0,0,1,2.1,SP,1,3.71,5.57
2016-08-26,101,101,0,0,59,531.7,SP,58,12.14,20.0
2016-08-27,3,3,0,0,2,3.6,SP,2,11.86,19.43
2016-08-28,0,0,0,0,0,0.0,,0,11.14,18.57
2016-08-29,7,7,0,0,7,36.0,SP,7,12.0,19.43
2016-08-30,18,18,0,0,6,42.5,SP,6,11.71,20.86
2016-08-31,16,16,0,0,11,47.5,SP,9,12.29,20.86
2016-09-01,14,14,0,0,12,53.0,SP,11,13.86,22.71
2016-09-02,1,1,0,0,1,0.6,SP,1,5.57,8.43
2016-09-03,6,6,0,0,2,36.7,SP,2,5.57,8.86
2016-09-04,0,0,0,0,0,0.0,,0,5.57,8.86
2016-09-05,1,1,0,0,1,4.2,SP,1,4.71,8.0
2016-09-06,9,9,0,0,6,28.8,SP,6,4.71,6.71
2016-09-07,1,1,0,0,1,2.6,SP,1,3.29,4.57
2016-09-08,10,10,0,0,9,37.8,SP,9,2.86,4.0
2016-09-09,2,2,0,0,2,2.7,SP,2,3.0,4.14
2016-09-10,1,1,0,0,1,0.7,SP,1,2.86,3.43
2016-09-11,12,12,0,0,9,40.8,SP,9,4.14,5.14
2016-09-12,4,4,0,0,4,16.2,SP,4,4.57,5.57
2016-09-13,9,9,0,0,7,32.5,SP,7,4.71,5.57
2016-09-14,11,11,0,0,8,31.8,SP,7,5.71,7.0
2016-09-15,20,20,0,0,11,81.9,SP,10,6.0,8.43
2016-09-16,2,2,0,0,2,16.6,SP,1,6.0,8.43
2016-09-17,2,2,0,0,2,3.6,SP,2,6.14,8.57
2016-09-18,5,5,0,0,5,7.7,SP,4,5.57,7.57
2016-09-19,0,0,0,0,0,0.0,,0,5.0,7.0
2016-09-20,1,1,0,0,1,0.8,SP,1,4.14,5.86
2016-09-21,4,4,0,0,2,6.5,SP,2,3.29,4.86
2016-09-22,3,3,0,0,3,6.5,SP,3,2.14,2.43
2016-09-23,6,6,0,0,3,17.2,SP,3,2.29,3.0
2016-09-24,11,11,0,0,5,24.2,SP,4,2.71,4.29
2016-09-25,7,7,0,0,3,25.4,SP,3,2.43,4.57
2016-09-26,0,0,0,0,0,0.0,,0,2.43,4.57
2016-09-27,2,2,0,0,2,5.1,SP,2,2.57,4.71
2016-09-28,6,6,0,0,3,40.6,SP,3,2.71,5.0
2016-09-29,4,4,0,0,3,20.7,SP,3,2.71,5.14
2016-09-30,3,3,0,0,3,10.0,SP,3,2.71,4.71
2016-10-01,4,4,0,0,3,8.4,SP,3,2.43,3.71
2016-10-02,12,12,0,0,6,32.0,SP,6,2.86,4.43
2016-10-03,16,16,0,0,10,48.8,SP,9,4.29,6.71
2016-10-04,2,2,0,0,2,18.6,SP,2,4.29,6.71
2016-10-05,13,13,0,0,10,94.5,SP,10,5.29,7.71
2016-10-06,30,30,0,0,15,118.5,SP,15,7.0,11.43
2016-10-07,2,2,0,0,2,7.6,SP,1,6.86,11.29
2016-10-08,4,4,0,0,4,18.3,SP,3,7.0,11.29
2016-10-09,5,5,0,0,4,16.1,SP,4,6.71,10.29
2016-10-10,4,4,0,0,4,22.4,SP,4,5.86,8.57
2016-10-11,9,9,0,0,6,30.5,SP,6,6.43,9.57
2016-10-12,1,1,0,0,1,5.3,SP,1,5.14,7.86
2016-10-13,6,6,0,0,3,28.2,SP,3,3.43,4.43
2016-10-14,2,2,0,0,1,13.1,SP,1,3.29,4.43
2016-10-15,3,3,0,0,2,15.7,SP,2,3.0,4.29
2016-10-16,2,2,0,0,2,3.4,SP,2,2.71,3.86
2016-10-17,1,1,0,0,1,3.8,SP,0,2.29,3.43
2016-10-18,3,3,0,0,3,12.7,SP,2,1.86,2.57
2016-10-19,3,3,0,0,3,14.8,SP,2,2.14,2.86
2016-10-20,0,0,0,0,0,0.0,,0,1.71,2.0
2016-10-21,1,1,0,0,1,3.1,SP,1,1.71,1.86
2016-10-22,5,5,0,0,2,7.2,SP,2,1.71,2.14
2016-10-23,0,0,0,0,0,0.0,,0,1.43,1.86
2016-10-24,0,0,0,0,0,0.0,,0,1.29,1.71
2016-10-25,0,0,0,0,0,0.0,,0,0.86,1.29
2016-10-26,1,1,0,0,1,8.8,SP,1,0.57,1.0
2016-10-27,1,1,0,0,1,0.7,SP,1,0.71,1.14
2016-10-28,2,2,0,0,2,7.0,SP,2,0.86,1.29
2016-10-29,3,3,0,0,2,11.9,SP,2,0.86,1.0
2016-10-30,3,3,0,0,2,4.1,SP,2,1.14,1.43
2016-10-31,8,8,0,0,6,19.9,SP,6,2.0,2.57
2016-11-01,2,2,0,0,2,2.1,SP,2,2.29,2.86
2016-11-02,2,2,0,0,1,6.3,SP,1,2.29,3.0
2016-11-03,1,1,0,0,1,6.5,SP,1,2.29,3.0
2016-11-04,2,2,0,0,2,1.4,SP,2,2.29,3.0
2016-11-05,19,19,0,0,18,23.5,SP,18,4.57,5.29
2016-11-06,114,114,0,0,87,127.7,SP,86,16.71,21.14
2016-11-07,9,9,0,0,7,25.0,SP,7,16.86,21.29
2016-11-08,2,2,0,0,1,0.9,SP,1,16.71,21.29
2016-11-09,1,1,0,0,1,2.1,SP,1,16.71,21.14
2016-11-10,2,2,0,0,2,5.6,SP,2,16.86,21.29
2016-11-11,4,4,0,0,1,13.0,SP,0,16.71,21.57
2016-11-12,0,0,0,0,0,0.0,,0,14.14,18.86
2016-11-13,2,2,0,0,2,3.0,SP,2,2.0,2.86
2016-11-14,0,0,0,0,0,0.0,,0,1.0,1.57
2016-11-15,0,0,0,0,0,0.0,,0,0.86,1.29
2016-11-16,0,0,0,0,0,0.0,,0,0.71,1.14
2016-11-17,5,5,0,0,5,19.9,SP,5,1.14,1.57
2016-11-18,4,4,0,0,4,12.1,SP,3,1.57,1.57
2016-11-19,1,1,0,0,1,4.6,SP,1,1.71,1.71
2016-11-20,0,0,0,0,0,0.0,,0,1.43,1.43
2016-11-21,0,0,0,0,0,0.0,,0,1.43,1.43
2016-11-22,1,1,0,0,1,1.5,SP,1,1.57,1.57
2016-11-23,0,0,0,0,0,0.0,,0,1.57,1.57
2016-11-24,2,2,0,0,2,4.3,SP,2,1.14,1.14
2016-11-25,4,4,0,0,4,11.5,SP,4,1.14,1.14
2016-11-26,0,0,0,0,0,0.0,,0,1.0,1.0
2016-11-27,0,0,0,0,0,0.0,,0,1.0,1.0
2016-11-28,2,2,0,0,2,3.7,SP,2,1.29,1.29
2016-11-29,5,5,0,0,3,14.0,SP,3,1.57,1.86
2016-11-30,4,4,0,0,2,13.4,SP,2,1.86,2.43
2016-12-01,0,0,0,0,0,0.0,,0,1.57,2.14
2016-12-02,0,0,0,0,0,0.0,,0,1.0,1.57
2016-12-03,0,0,0,0,0,0.0,,0,1.0,1.57
2016-12-04,1,1,0,0,1,0.5,SP,1,1.14,1.71
2016-12-05,1,1,0,0,1,1.6,SP,1,1.0,1.57
2016-12-06,1,1,0,0,1,2.4,SP,1,0.71,1.0
2016-12-07,0,0,0,0,0,0.0,,0,0.43,0.43
2016-12-08,0,0,0,0,0,0.0,,0,0.43,0.43
2016-12-09,0,0,0,0,0,0.0,,0,0.43,0.43
2016-12-10,0,0,0,0,0,0.0,,0,0.43,0.43
2016-12-11,4,4,0,0,2,5.2,SP,2,0.57,0.86
2016-12-12,2,2,0,0,2,6.4,SP,2,0.71,1.0
2016-12-13,0,0,0,0,0,0.0,,0,0.57,0.86
2016-12-14,0,0,0,0,0,0.0,,0,0.57,0.86
2016-12-15,0,0,0,0,0,0.0,,0,0.57,0.86
2016-12-16,0,0,0,0,0,0.0,,0,0.57,0.86
2016-12-17,1,1,0,0,1,0.5,SP,1,0.71,1.0
2016-12-18,0,0,0,0,0,0.0,,0,0.43,0.43
2016-12-19,1,1,0,0,1,1.6,SP,1,0.29,0.29
2016-12-20,0,0,0,0,0,0.0,,0,0.29,0.29
2016-12-21,0,0,0,0,0,0.0,,0,0.29,0.29
2016-12-22,0,0,0,0,0,0.0,,0,0.29,0.29
2016-12-23,0,0,0,0,0,0.0,,0,0.29,0.29
2016-12-24,0,0,0,0,0,0.0,,0,0.14,0.14
2016-12-25,0,0,0,0,0,0.0,,0,0.14,0.14
2016-12-26,0,0,0,0,0,0.0,,0,0.0,0.0
2016-12-27,5,5,0,0,3,16.2,SP,3,0.43,0.71
2016-12-28,1,1,0,0,1,1.2,SP,1,0.57,0.86
2016-12-29,9,9,0,0,6,19.3,SP,6,1.43,2.14
2016-12-30,1,1,0,0,1,2.9,SP,0,1.57,2.29
2016-12-31,4,4,0,0,3,13.5,SP,2,2.0,2.86
2017-01-01,0,0,0,0,0,0.0,,0,2.0,2.86
2017-01-02,1,1,0,0,1,1.1,SP,1,2.14,3.0
2017-01-03,0,0,0,0,0,0.0,,0,1.71,2.29
2017-01-04,4,4,0,0,1,9.2,SP,1,1.71,2.71
2017-01-05,6,6,0,0,3,17.0,SP,3,1.29,2.29
2017-01-06,0,0,0,0,0,0.0,,0,1.14,2.14
2017-01-07,0,0,0,0,0,0.0,,0,0.71,1.57
2017-01-08,1,1,0,0,1,3.8,SP,1,0.86,1.71
2017-01-09,1,1,0,0,1,3.6,SP,1,0.86,1.71
2017-01-10,0,0,0,0,0,0.0,,0,0.86,1.71
2017-01-11,1,1,0,0,1,1.6,SP,1,0.86,1.29
2017-01-12,4,4,0,0,2,4.9,SP,2,0.71,1.0
2017-01-13,0,0,0,0,0,0.0,,0,0.71,1.0
2017-01-14,2,2,0,0,2,3.9,SP,2,1.0,1.29
2017-01-15,0,0,0,0,0,0.0,,0,0.86,1.14
2017-01-16,0,0,0,0,0,0.0,,0,0.71,1.0
2017-01-17,1,1,0,0,1,1.4,SP,1,0.86,1.14
2017-01-18,0,0,0,0,0,0.0,,0,0.71,1.0
2017-01-19,2,2,0,0,2,11.7,SP,2,0.71,0.71
2017-01-20,1,1,0,0,1,4.6,SP,1,0.86,0.86
2017-01-21,1,1,0,0,1,0.7,SP,1,0.71,0.71
2017-01-22,3,3,0,0,2,7.1,SP,2,1.0,1.14
2017-01-23,1,1,0,0,1,4.9,SP,0,1.14,1.29
2017-01-24,9,9,0,0,4,32.1,SP,3,1.57,2.43
2017-01-25,5,5,0,0,3,13.1,SP,2,2.0,3.14
2017-01-26,7,7,0,0,5,24.2,SP,5,2.43,3.86
2017-01-27,6,6,0,0,3,24.5,SP,1,2.71,4.57
2017-01-28,1,1,0,0,1,4.6,SP,0,2.71,4.57
2017-01-29,0,0,0,0,0,0.0,,0,2.43,4.14
2017-01-30,1,1,0,0,1,2.3,SP,1,2.43,4.14
2017-01-31,0,0,0,0,0,0.0,,0,1.86,2.86
2017-02-01,0,0,0,0,0,0.0,,0,1.43,2.14
2017-02-02,0,0,0,0,0,0.0,,0,0.71,1.14
2017-02-03,1,1,0,0,1,0.9,SP,1,0.43,0.43
2017-02-04,2,2,0,0,1,1.6,SP,0,0.43,0.57
2017-02-05,2,2,0,0,2,7.2,SP,2,0.71,0.86
2017-02-06,0,0,0,0,0,0.0,,0,0.57,0.71
2017-02-07,0,0,0,0,0,0.0,,0,0.57,0.71
2017-02-08,0,0,0,0,0,0.0,,0,0.57,0.71
2017-02-09,0,0,0,0,0,0.0,,0,0.57,0.71
2017-02-10,0,0,0,0,0,0.0,,0,0.43,0.57
2017-02-11,0,0,0,0,0,0.0,,0,0.29,0.29
2017-02-12,7,7,0,0,3,31.2,SP,3,0.43,1.0
2017-02-13,10,10,0,0,7,61.2,SP,6,1.43,2.43
2017-02-14,50,50,0,0,14,303.8,SP,10,3.43,9.57
2017-02-15,5,5,0,0,4,35.2,SP,4,4.0,10.29
2017-02-16,0,0,0,0,0,0.0,,0,4.0,10.29
2017-02-17,2,2,0,0,1,7.6,SP,1,4.14,10.57
2017-02-18,1,1,0,0,1,2.9,SP,1,4.29,10.71
2017-02-19,1,1,0,0,1,4.5,SP,1,4.0,9.86
2017-02-20,3,3,0,0,3,10.7,SP,3,3.43,8.86
2017-02-21,1,1,0,0,1,7.9,SP,1,1.57,1.86
2017-02-22,7,7,0,0,1,53.8,SP,1,1.14,2.14
2017-02-23,2,2,0,0,2,5.1,SP,2,1.43,2.43
2017-02-24,2,2,0,0,1,2.5,SP,0,1.43,2.43
2017-02-25,0,0,0,0,0,0.0,,0,1.29,2.29
2017-02-26,1,1,0,0,1,1.0,SP,1,1.29,2.29
2017-02-27,0,0,0,0,0,0.0,,0,0.86,1.86
2017-02-28,2,2,0,0,2,4.4,SP,2,1.0,2.0
2017-03-01,3,3,0,0,2,13.6,SP,2,1.14,1.43
2017-03-02,9,9,0,0,6,41.0,SP,5,1.71,2.43
2017-03-03,15,15,0,0,7,97.7,SP,6,2.57,4.29
2017-03-04,1,1,0,0,1,0.6,SP,1,2.71,4.43
2017-03-05,1,1,0,0,1,0.6,SP,1,2.71,4.43
2017-03-06,0,0,0,0,0,0.0,,0,2.71,4.43
2017-03-07,8,8,0,0,8,36.1,SP,8,3.57,5.29
2017-03-08,0,0,0,0,0,0.0,,0,3.29,4.86
2017-03-09,7,7,0,0,6,23.8,SP,6,3.29,4.57
2017-03-10,0,0,0,0,0,0.0,,0,2.29,2.43
2017-03-11,0,0,0,0,0,0.0,,0,2.14,2.29
2017-03-12,0,0,0,0,0,0.0,,0,2.0,2.14
2017-03-13,2,2,0,0,2,8.8,SP,2,2.29,2.43
2017-03-14,15,15,0,0,11,78.7,SP,11,2.71,3.43
2017-03-15,9,9,0,0,5,31.3,SP,4,3.43,4.71
2017-03-16,6,6,0,0,6,29.2,SP,6,3.43,4.57
2017-03-17,1,1,0,0,1,0.7,SP,1,3.57,4.71
2017-03-18,3,3,0,0,2,3.1,SP,2,3.86,5.14
2017-03-19,0,0,0,0,0,0.0,,0,3.86,5.14
2017-03-20,1,1,0,0,1,3.7,SP,1,3.71,5.0
2017-03-21,6,6,0,0,3,13.0,SP,3,2.57,3.71
2017-03-22,0,0,0,0,0,0.0,,0,1.86,2.43
2017-03-23,12,12,0,0,3,83.9,SP,3,1.43,3.29
2017-03-24,9,9,0,0,9,20.8,SP,9,2.57,4.43
2017-03-25,68,68,0,0,42,422.0,SP,40,8.29,13.71
2017-03-26,99,99,0,0,54,492.8,SP,48,16.0,27.86
2017-03-27,171,171,0,0,101,839.0,SP,87,30.29,52.14
2017-03-28,54,54,0,0,39,224.1,SP,31,35.43,59.0
2017-03-29,4,4,0,0,2,8.2,SP,1,35.71,59.57
2017-03-30,1,1,0,0,1,4.6,SP,1,35.43,58.0
2017-03-31,1,1,0,0,1,1.8,SP,1,34.29,56.86
2017-04-01,0,0,0,0,0,0.0,,0,28.29,47.14
2017-04-02,2,2,0,0,2,4.4,SP,2,20.86,33.29
2017-04-03,6,6,0,0,6,16.8,SP,6,7.29,9.71
2017-04-04,23,23,0,0,15,100.4,SP,14,3.86,5.29
2017-04-05,9,9,0,0,6,38.1,SP,4,4.43,6.0
2017-04-06,21,21,0,0,17,88.7,SP,14,6.71,8.86
2017-04-07,45,45,0,0,28,300.3,SP,26,10.57,15.14
2017-04-08,82,82,0,0,46,475.9,SP,40,17.14,26.86
2017-04-09,17,17,0,0,10,60.0,SP,8,18.29,29.0
2017-04-10,24,24,0,0,16,214.4,SP,14,19.71,31.57
2017-04-11,3,3,0,0,2,1.8,SP,2,17.86,28.71
2017-04-12,8,8,0,0,8,24.5,SP,8,18.14,28.57
2017-04-13,10,10,0,0,4,104.4,SP,4,16.29,27.0
2017-04-14,1,1,0,0,1,3.8,SP,1,12.43,20.71
2017-04-15,1,1,0,0,1,3.3,SP,1,6.0,9.14
2017-04-16,1,1,0,0,1,1.0,SP,1,4.71,6.86
2017-04-17,0,0,0,0,0,0.0,,0,2.43,3.43
2017-04-18,9,9,0,0,8,22.2,SP,8,3.29,4.29
2017-04-19,0,0,0,0,0,0.0,,0,2.14,3.14
2017-04-20,0,0,0,0,0,0.0,,0,1.57,1.71
2017-04-21,0,0,0,0,0,0.0,,0,1.43,1.57
2017-04-22,6,6,0,0,6,30.9,SP,6,2.14,2.29
2017-04-23,4,4,0,0,4,13.2,SP,4,2.57,2.71
2017-04-24,1,1,0,0,1,6.0,SP,1,2.71,2.86
2017-04-25,10,10,0,0,6,212.3,SP,6,2.43,3.0
2017-04-26,3,3,0,0,3,8.9,SP,3,2.86,3.43
2017-04-27,1,1,0,0,1,0.8,SP,1,3.0,3.57
2017-04-28,0,0,0,0,0,0.0,,0,3.0,3.57
2017-04-29,1,1,0,0,1,2.4,SP,1,2.29,2.86
2017-04-30,1,1,0,0,1,1.0,SP,1,1.86,2.43
2017-05-01,4,4,0,0,3,11.2,SP,3,2.14,2.86
2017-05-02,16,16,0,0,4,89.0,SP,4,1.86,3.71
2017-05-03,20,20,0,0,14,59.8,SP,14,3.43,6.14
2017-05-04,125,125,0,0,14,558.9,SP,12,5.29,23.86
2017-05-05,45,45,0,0,10,330.6,SP,7,6.71,30.29
2017-05-06,34,34,0,0,6,468.1,SP,5,7.43,35.0
2017-05-07,20,20,0,0,7,226.0,SP,7,8.29,37.71
2017-05-08,43,43,0,0,12,234.4,SP,9,9.57,43.29
2017-05-09,35,35,0,0,19,204.8,SP,16,11.71,46.0
2017-05-10,21,21,0,0,7,213.1,SP,6,10.71,46.14
2017-05-11,17,17,0,0,10,75.5,SP,8,10.14,30.71
2017-05-12,1,1,0,0,1,0.5,SP,1,8.86,24.43
2017-05-13,0,0,0,0,0,0.0,,0,8.0,19.57
2017-05-14,1,1,0,0,1,4.4,SP,1,7.14,16.86
2017-05-15,1,1,0,0,1,4.0,SP,1,5.57,10.86
2017-05-16,0,0,0,0,0,0.0,,0,2.86,5.86
2017-05-17,0,0,0,0,0,0.0,,0,1.86,2.86
2017-05-18,4,4,0,0,4,3.8,SP,4,1.0,1.0
2017-05-19,2,2,0,0,2,3.1,SP,2,1.14,1.14
2017-05-20,0,0,0,0,0,0.0,,0,1.14,1.14
2017-05-21,1,1,0,0,1,0.9,SP,1,1.14,1.14
2017-05-22,6,6,0,0,5,15.4,SP,5,1.71,1.86
2017-05-23,0,0,0,0,0,0.0,,0,1.71,1.86
2017-05-24,3,3,0,0,1,11.0,SP,1,1.86,2.29
2017-05-25,23,23,0,0,14,79.2,SP,14,3.29,5.0
2017-05-26,17,17,0,0,12,41.4,SP,11,4.71,7.14
2017-05-27,8,8,0,0,7,6.0,SP,7,5.71,8.29
2017-05-28,0,0,0,0,0,0.0,,0,5.57,8.14
2017-05-29,0,0,0,0,0,0.0,,0,4.86,7.29
2017-05-30,1,1,0,0,1,0.5,SP,1,5.0,7.43
2017-05-31,2,2,0,0,2,3.2,SP,2,5.14,7.29
2017-06-01,2,2,0,0,2,8.7,SP,2,3.43,4.29
2017-06-02,3,3,0,0,3,1.1,SP,3,2.14,2.29
2017-06-03,2,2,0,0,1,8.8,SP,1,1.29,1.43
2017-06-04,5,5,0,0,1,15.0,SP,1,1.43,2.14
2017-06-05,1,1,0,0,1,0.6,SP,1,1.57,2.29
2017-06-06,0,0,0,0,0,0.0,,0,1.43,2.14
2017-06-07,3,3,0,0,3,1.5,SP,3,1.57,2.29
2017-06-08,0,0,0,0,0,0.0,,0,1.29,2.0
2017-06-09,5,5,0,0,4,19.0,SP,4,1.43,2.29
2017-06-10,1,1,0,0,1,2.4,SP,1,1.43,2.14
2017-06-11,0,0,0,0,0,0.0,,0,1.29,1.43
2017-06-12,2,2,0,0,2,0.8,SP,2,1.43,1.57
2017-06-13,2,2,0,0,2,2.9,SP,2,1.71,1.86
2017-06-14,3,3,0,0,1,7.3,SP,1,1.43,1.86
2017-06-15,4,4,0,0,3,7.3,SP,3,1.86,2.43
2017-06-16,2,2,0,0,2,4.0,SP,2,1.57,2.0
2017-06-17,4,4,0,0,4,10.5,SP,4,2.0,2.43
2017-06-18,5,5,0,0,5,8.3,SP,4,2.71,3.14
2017-06-19,6,6,0,0,4,18.8,SP,4,3.0,3.71
2017-06-20,5,5,0,0,5,10.0,SP,4,3.43,4.14
2017-06-21,4,4,0,0,3,7.2,SP,3,3.71,4.29
2017-06-22,1,1,0,0,1,1.3,SP,1,3.43,3.86
2017-06-23,1,1,0,0,1,0.3,SP,1,3.29,3.71
2017-06-24,3,3,0,0,1,2.4,SP,0,2.86,3.57
2017-06-25,0,0,0,0,0,0.0,,0,2.14,2.86
2017-06-26,10,10,0,0,6,39.0,SP,6,2.43,3.43
2017-06-27,0,0,0,0,0,0.0,,0,1.71,2.71
2017-06-28,0,0,0,0,0,0.0,,0,1.29,2.14
2017-06-29,0,0,0,0,0,0.0,,0,1.14,2.0
2017-06-30,0,0,0,0,0,0.0,,0,1.0,1.86
2017-07-01,1,1,0,0,1,1.3,SP,1,1.0,1.57
2017-07-02,7,7,0,0,5,15.3,SP,5,1.71,2.57
2017-07-03,2,2,0,0,1,2.8,SP,1,1.0,1.43
2017-07-04,2,2,0,0,2,0.8,SP,2,1.29,1.71
2017-07-05,4,4,0,0,3,8.1,SP,3,1.71,2.29
2017-07-06,0,0,0,0,0,0.0,,0,1.71,2.29
2017-07-07,8,8,0,0,5,22.2,SP,4,2.43,3.43
2017-07-08,0,0,0,0,0,0.0,,0,2.29,3.29
2017-07-09,2,2,0,0,2,2.4,SP,2,1.86,2.57
2017-07-10,2,2,0,0,2,4.4,SP,2,2.0,2.57
2017-07-11,4,4,0,0,3,5.8,SP,3,2.14,2.86
2017-07-12,311,311,0,0,83,475.5,SP,83,13.57,46.71
2017-07-13,1,1,0,0,1,0.4,SP,0,13.71,46.86
2017-07-14,2,2,0,0,2,2.0,SP,2,13.29,46.0
2017-07-15,0,0,0,0,0,0.0,,0,13.29,46.0
2017-07-16,0,0,0,0,0,0.0,,0,13.0,45.71
2017-07-17,12,12,0,0,10,24.6,SP,10,14.14,47.14
2017-07-18,6,6,0,0,6,22.2,SP,6,14.57,47.43
2017-07-19,2,2,0,0,2,9.8,SP,2,3.0,3.29
2017-07-20,0,0,0,0,0,0.0,,0,2.86,3.14
2017-07-21,1,1,0,0,1,0.8,SP,1,2.71,3.0
2017-07-22,1,1,0,0,1,3.3,SP,1,2.86,3.14
2017-07-23,2,2,0,0,2,3.4,SP,2,3.14,3.43
2017-07-24,2,2,0,0,2,6.9,SP,2,2.0,2.0
2017-07-25,3,3,0,0,3,3.0,SP,3,1.57,1.57
2017-07-26,2,2,0,0,2,2.1,SP,2,1.57,1.57
2017-07-27,6,6,0,0,6,15.3,SP,6,2.43,2.43
2017-07-28,0,0,0,0,0,0.0,,0,2.29,2.29
2017-07-29,2,2,0,0,2,1.9,SP,2,2.43,2.43
2017-07-30,0,0,0,0,0,0.0,,0,2.14,2.14
2017-07-31,0,0,0,0,0,0.0,,0,1.86,1.86
2017-08-01,2,2,0,0,2,2.1,SP,2,1.71,1.71
2017-08-02,0,0,0,0,0,0.0,,0,1.43,1.43
2017-08-03,1,1,0,0,1,2.2,SP,1,0.71,0.71
2017-08-04,0,0,0,0,0,0.0,,0,0.71,0.71
2017-08-05,2,2,0,0,2,4.1,SP,2,0.71,0.71
2017-08-06,4,4,0,0,3,2.7,SP,3,1.14,1.29
2017-08-07,0,0,0,0,0,0.0,,0,1.14,1.29
2017-08-08,1,1,0,0,1,3.7,SP,1,1.0,1.14
2017-08-09,1,1,0,0,1,0.6,SP,1,1.14,1.29
2017-08-10,2,2,0,0,2,1.3,SP,2,1.29,1.43
2017-08-11,2,2,0,0,2,3.6,SP,1,1.57,1.71
2017-08-12,1,1,0,0,1,1.0,SP,1,1.43,1.57
2017-08-13,4,4,0,0,4,6.3,SP,4,1.57,1.57
2017-08-14,6,6,0,0,5,16.0,SP,5,2.29,2.43
2017-08-15,8,8,0,0,6,39.1,SP,6,3.0,3.43
2017-08-16,5,5,0,0,2,42.0,SP,2,3.14,4.0
2017-08-17,7,7,0,0,5,43.1,SP,5,3.57,4.71
2017-08-18,2,2,0,0,2,1.9,SP,2,3.57,4.71
2017-08-19,3,3,0,0,3,3.3,SP,3,3.86,5.0
2017-08-20,12,12,0,0,7,16.3,SP,7,4.29,6.14
2017-08-21,1,1,0,0,1,0.2,SP,1,3.71,5.43
2017-08-22,0,0,0,0,0,0.0,,0,2.86,4.29
2017-08-23,2,2,0,0,2,4.1,SP,2,2.86,3.86
2017-08-24,5,5,0,0,4,18.9,SP,4,2.71,3.57
2017-08-25,1,1,0,0,1,0.4,SP,1,2.57,3.43
2017-08-26,1,1,0,0,1,0.6,SP,1,2.29,3.14
2017-08-27,6,6,0,0,4,9.9,SP,4,1.86,2.29
2017-08-28,13,13,0,0,7,51.6,SP,7,2.71,4.0
2017-08-29,6,6,0,0,4,16.1,SP,4,3.29,4.86
2017-08-30,0,0,0,0,0,0.0,,0,3.0,4.57
2017-08-31,12,12,0,0,7,39.3,SP,7,3.43,5.57
2017-09-01,12,12,0,0,5,89.4,SP,3,4.0,7.14
2017-09-02,7,7,0,0,4,7.6,SP,3,4.43,8.0
2017-09-03,3,3,0,0,2,4.0,SP,2,4.14,7.57
2017-09-04,0,0,0,0,0,0.0,,0,3.14,5.71
2017-09-05,1,1,0,0,1,0.6,SP,1,2.71,5.0
2017-09-06,1,1,0,0,1,0.2,SP,1,2.86,5.14
2017-09-07,0,0,0,0,0,0.0,,0,1.86,3.43
2017-09-08,1,1,0,0,1,1.2,SP,1,1.29,1.86
2017-09-09,4,4,0,0,3,14.3,SP,3,1.14,1.43
2017-09-10,1,1,0,0,1,1.0,SP,1,1.0,1.14
2017-09-11,3,3,0,0,2,2.0,SP,1,1.29,1.57
2017-09-12,5,5,0,0,2,6.5,SP,2,1.43,2.14
2017-09-13,2,2,0,0,1,8.1,SP,1,1.43,2.29
2017-09-14,6,6,0,0,3,15.4,SP,3,1.86,3.14
2017-09-15,1,1,0,0,1,0.9,SP,1,1.86,3.14
2017-09-16,3,3,0,0,3,1.8,SP,3,1.86,3.0
2017-09-17,0,0,0,0,0,0.0,,0,1.71,2.86
2017-09-18,8,8,0,0,4,36.5,SP,4,2.0,3.57
2017-09-19,2,2,0,0,2,4.0,SP,2,2.0,3.14
2017-09-20,3,3,0,0,2,5.6,SP,1,2.14,3.29
2017-09-21,0,0,0,0,0,0.0,,0,1.71,2.43
2017-09-22,8,8,0,0,5,20.4,SP,4,2.29,3.43
2017-09-23,3,3,0,0,2,1.9,SP,2,2.14,3.43
2017-09-24,1,1,0,0,1,3.4,SP,1,2.29,3.57
2017-09-25,0,0,0,0,0,0.0,,0,1.71,2.43
2017-09-26,1,1,0,0,1,2.4,SP,1,1.57,2.29
2017-09-27,0,0,0,0,0,0.0,,0,1.29,1.86
2017-09-28,1,1,0,0,1,1.7,SP,1,1.43,2.0
2017-09-29,0,0,0,0,0,0.0,,0,0.71,0.86
2017-09-30,1,1,0,0,1,1.3,SP,1,0.57,0.57
2017-10-01,0,0,0,0,0,0.0,,0,0.43,0.43
2017-10-02,0,0,0,0,0,0.0,,0,0.43,0.43
2017-10-03,1,1,0,0,1,7.3,SP,1,0.43,0.43
2017-10-04,0,0,0,0,0,0.0,,0,0.43,0.43
2017-10-05,3,3,0,0,3,7.1,SP,3,0.71,0.71
2017-10-06,4,4,0,0,3,8.1,SP,3,1.14,1.29
2017-10-07,1,1,0,0,1,1.0,SP,1,1.14,1.29
2017-10-08,7,7,0,0,7,12.9,SP,7,2.14,2.29
2017-10-09,1,1,0,0,1,3.6,SP,1,2.29,2.43
2017-10-10,0,0,0,0,0,0.0,,0,2.14,2.29
2017-10-11,0,0,0,0,0,0.0,,0,2.14,2.29
2017-10-12,2,2,0,0,1,9.6,SP,1,1.86,2.14
2017-10-13,1,1,0,0,1,0.6,SP,1,1.57,1.71
2017-10-14,0,0,0,0,0,0.0,,0,1.43,1.57
2017-10-15,9,9,0,0,7,27.2,SP,7,1.43,1.86
2017-10-16,1,1,0,0,1,3.7,SP,1,1.43,1.86
2017-10-17,3,3,0,0,1,4.8,SP,1,1.57,2.29
2017-10-18,2,2,0,0,2,3.9,SP,2,1.86,2.57
2017-10-19,0,0,0,0,0,0.0,,0,1.71,2.29
2017-10-20,0,0,0,0,0,0.0,,0,1.57,2.14
2017-10-21,0,0,0,0,0,0.0,,0,1.57,2.14
2017-10-22,0,0,0,0,0,0.0,,0,0.57,0.86
2017-10-23,0,0,0,0,0,0.0,,0,0.43,0.71
2017-10-24,0,0,0,0,0,0.0,,0,0.29,0.29
2017-10-25,1,1,0,0,1,4.3,SP,1,0.14,0.14
2017-10-26,4,4,0,0,2,5.5,SP,2,0.43,0.71
2017-10-27,10,10,0,0,6,31.4,SP,6,1.29,2.14
2017-10-28,4,4,0,0,4,2.2,SP,3,1.86,2.71
2017-10-29,7,7,0,0,6,23.2,SP,6,2.71,3.71
2017-10-30,3,3,0,0,3,15.4,SP,3,3.14,4.14
2017-10-31,0,0,0,0,0,0.0,,0,3.14,4.14
2017-11-01,0,0,0,0,0,0.0,,0,3.0,4.0
2017-11-02,6,6,0,0,4,12.7,SP,4,3.29,4.29
2017-11-03,1,1,0,0,1,5.6,SP,1,2.57,3.0
2017-11-04,4,4,0,0,3,11.8,SP,3,2.43,3.0
2017-11-05,73,73,0,0,47,103.4,SP,46,8.29,12.43
2017-11-06,57,57,0,0,33,71.7,SP,32,12.57,20.14
2017-11-07,0,0,0,0,0,0.0,,0,12.57,20.14
2017-11-08,2,2,0,0,1,1.9,SP,1,12.71,20.43
2017-11-09,0,0,0,0,0,0.0,,0,12.14,19.57
2017-11-10,7,7,0,0,6,15.6,SP,6,12.86,20.43
2017-11-11,10,10,0,0,8,46.9,SP,8,13.57,21.29
2017-11-12,2,2,0,0,1,10.4,SP,1,7.0,11.14
2017-11-13,1,1,0,0,1,1.8,SP,1,2.43,3.14
2017-11-14,0,0,0,0,0,0.0,,0,2.43,3.14
2017-11-15,0,0,0,0,0,0.0,,0,2.29,2.86
2017-11-16,3,3,0,0,2,14.8,SP,2,2.57,3.29
2017-11-17,9,9,0,0,4,14.6,SP,4,2.29,3.57
2017-11-18,5,5,0,0,3,13.4,SP,2,1.57,2.86
2017-11-19,7,7,0,0,6,16.1,SP,6,2.29,3.57
2017-11-20,0,0,0,0,0,0.0,,0,2.14,3.43
2017-11-21,0,0,0,0,0,0.0,,0,2.14,3.43
2017-11-22,0,0,0,0,0,0.0,,0,2.14,3.43
2017-11-23,3,3,0,0,2,6.6,SP,2,2.14,3.43
2017-11-24,0,0,0,0,0,0.0,,0,1.57,2.14
2017-11-25,1,1,0,0,1,0.6,SP,1,1.29,1.57
2017-11-26,1,1,0,0,1,0.8,SP,1,0.57,0.71
2017-11-27,1,1,0,0,1,3.2,SP,1,0.71,0.86
2017-11-28,6,6,0,0,4,9.9,SP,4,1.29,1.71
2017-11-29,1,1,0,0,1,2.2,SP,1,1.43,1.86
2017-11-30,3,3,0,0,2,6.6,SP,2,1.43,1.86
2017-12-01,2,2,0,0,1,3.5,SP,1,1.57,2.14
2017-12-02,0,0,0,0,0,0.0,,0,1.43,2.0
2017-12-03,0,0,0,0,0,0.0,,0,1.29,1.86
2017-12-04,0,0,0,0,0,0.0,,0,1.14,1.71
2017-12-05,0,0,0,0,0,0.0,,0,0.57,0.86
2017-12-06,0,0,0,0,0,0.0,,0,0.43,0.71
2017-12-07,0,0,0,0,0,0.0,,0,0.14,0.29
2017-12-08,7,7,0,0,6,23.8,SP,6,0.86,1.0
2017-12-09,2,2,0,0,2,3.6,SP,2,1.14,1.29
2017-12-10,0,0,0,0,0,0.0,,0,1.14,1.29
2017-12-11,3,3,0,0,3,19.7,SP,3,1.57,1.71
2017-12-12,1,1,0,0,1,3.5,SP,1,1.71,1.86
2017-12-13,0,0,0,0,0,0.0,,0,1.71,1.86
2017-12-14,1,1,0,0,1,1.2,SP,1,1.86,2.0
2017-12-15,0,0,0,0,0,0.0,,0,1.0,1.0
2017-12-16,1,1,0,0,1,1.2,SP,1,0.86,0.86
2017-12-17,0,0,0,0,0,0.0,,0,0.86,0.86
2017-12-18,1,1,0,0,1,5.0,SP,1,0.57,0.57
2017-12-19,0,0,0,0,0,0.0,,0,0.43,0.43
2017-12-20,0,0,0,0,0,0.0,,0,0.43,0.43
2017-12-21,0,0,0,0,0,0.0,,0,0.29,0.29
2017-12-22,0,0,0,0,0,0.0,,0,0.29,0.29
2017-12-23,0,0,0,0,0,0.0,,0,0.14,0.14
2017-12-24,0,0,0,0,0,0.0,,0,0.14,0.14
2017-12-25,0,0,0,0,0,0.0,,0,0.0,0.0
2017-12-26,0,0,0,0,0,0.0,,0,0.0,0.0
2017-12-27,0,0,0,0,0,0.0,,0,0.0,0.0
2017-12-28,3,3,0,0,3,9.0,SP,3,0.43,0.43
2017-12-29,0,0,0,0,0,0.0,,0,0.43,0.43
2017-12-30,0,0,0,0,0,0.0,,0,0.43,0.43
2017-12-31,1,1,0,0,1,1.3,SP,1,0.57,0.57
2018-01-01,0,0,0,0,0,0.0,,0,0.57,0.57
2018-01-02,0,0,0,0,0,0.0,,0,0.57,0.57
2018-01-03,0,0,0,0,0,0.0,,0,0.57,0.57
2018-01-04,1,1,0,0,1,0.7,SP,1,0.29,0.29
2018-01-05,1,1,0,0,1,2.8,SP,1,0.43,0.43
2018-01-06,0,0,0,0,0,0.0,,0,0.43,0.43
2018-01-07,1,1,0,0,1,0.7,SP,1,0.43,0.43
2018-01-08,2,2,0,0,2,1.8,SP,2,0.71,0.71
2018-01-09,0,0,0,0,0,0.0,,0,0.71,0.71
2018-01-10,0,0,0,0,0,0.0,,0,0.71,0.71
2018-01-11,0,0,0,0,0,0.0,,0,0.57,0.57
2018-01-12,0,0,0,0,0,0.0,,0,0.43,0.43
2018-01-13,0,0,0,0,0,0.0,,0,0.43,0.43
2018-01-14,0,0,0,0,0,0.0,,0,0.29,0.29
2018-01-15,0,0,0,0,0,0.0,,0,0.0,0.0
2018-01-16,0,0,0,0,0,0.0,,0,0.0,0.0
2018-01-17,3,3,0,0,2,9.3,SP,2,0.29,0.43
2018-01-18,0,0,0,0,0,0.0,,0,0.29,0.43
2018-01-19,1,1,0,0,1,1.0,SP,1,0.43,0.57
2018-01-20,0,0,0,0,0,0.0,,0,0.43,0.57
2018-01-21,0,0,0,0,0,0.0,,0,0.43,0.57
2018-01-22,0,0,0,0,0,0.0,,0,0.43,0.57
2018-01-23,0,0,0,0,0,0.0,,0,0.43,0.57
2018-01-24,0,0,0,0,0,0.0,,0,0.14,0.14
2018-01-25,0,0,0,0,0,0.0,,0,0.14,0.14
2018-01-26,0,0,0,0,0,0.0,,0,0.0,0.0
2018-01-27,1,1,0,0,1,0.5,SP,1,0.14,0.14
2018-01-28,0,0,0,0,0,0.0,,0,0.14,0.14
2018-01-29,0,0,0,0,0,0.0,,0,0.14,0.14
2018-01-30,1,1,0,0,1,0.9,SP,1,0.29,0.29
2018-01-31,4,4,0,0,2,30.7,SP,2,0.57,0.86
2018-02-01,1,1,0,0,1,0.7,SP,1,0.71,1.0
2018-02-02,1,1,0,0,1,0.4,SP,1,0.86,1.14
2018-02-03,0,0,0,0,0,0.0,,0,0.71,1.0
2018-02-04,2,2,0,0,2,4.1,SP,2,1.0,1.29
2018-02-05,1,1,0,0,1,2.3,SP,1,1.14,1.43
2018-02-06,0,0,0,0,0,0.0,,0,1.0,1.29
2018-02-07,3,3,0,0,2,13.3,SP,2,1.0,1.14
2018-02-08,0,0,0,0,0,0.0,,0,0.86,1.0
2018-02-09,0,0,0,0,0,0.0,,0,0.71,0.86
2018-02-10,0,0,0,0,0,0.0,,0,0.71,0.86
2018-02-11,1,1,0,0,1,0.6,SP,1,0.57,0.71
2018-02-12,0,0,0,0,0,0.0,,0,0.43,0.57
2018-02-13,4,4,0,0,2,4.8,SP,2,0.71,1.14
2018-02-14,0,0,0,0,0,0.0,,0,0.43,0.71
2018-02-15,0,0,0,0,0,0.0,,0,0.43,0.71
2018-02-16,2,2,0,0,2,2.1,SP,2,0.71,1.0
2018-02-17,3,3,0,0,1,13.6,SP,1,0.86,1.43
2018-02-18,1,1,0,0,1,0.7,SP,1,0.86,1.43
2018-02-19,0,0,0,0,0,0.0,,0,0.86,1.43
2018-02-20,0,0,0,0,0,0.0,,0,0.57,0.86
2018-02-21,3,3,0,0,3,9.5,SP,3,1.0,1.29
2018-02-22,4,4,0,0,4,14.5,SP,4,1.57,1.86
2018-02-23,11,11,0,0,9,33.1,SP,9,2.57,3.14
2018-02-24,27,27,0,0,18,168.8,SP,18,5.0,6.57
2018-02-25,43,43,0,0,30,209.4,SP,27,9.14,12.57
2018-02-26,37,37,0,0,10,111.0,SP,10,10.57,17.86
2018-02-27,6,6,0,0,5,31.7,SP,5,11.29,18.71
2018-02-28,14,14,0,0,8,51.4,SP,8,12.0,20.29
2018-03-01,13,13,0,0,3,200.5,SP,3,11.86,21.57
2018-03-02,23,23,0,0,4,82.8,SP,4,11.14,23.29
2018-03-03,20,20,0,0,6,153.6,SP,6,9.43,22.29
2018-03-04,0,0,0,0,0,0.0,,0,5.14,16.14
2018-03-05,0,0,0,0,0,0.0,,0,3.71,10.86
2018-03-06,0,0,0,0,0,0.0,,0,3.0,10.0
2018-03-07,0,0,0,0,0,0.0,,0,1.86,8.0
2018-03-08,1,1,0,0,1,1.2,SP,1,1.57,6.29
2018-03-09,9,9,0,0,5,26.3,SP,5,1.71,4.29
2018-03-10,0,0,0,0,0,0.0,,0,0.86,1.43
2018-03-11,0,0,0,0,0,0.0,,0,0.86,1.43
2018-03-12,0,0,0,0,0,0.0,,0,0.86,1.43
2018-03-13,0,0,0,0,0,0.0,,0,0.86,1.43
2018-03-14,1,1,0,0,1,5.9,SP,1,1.0,1.57
2018-03-15,0,0,0,0,0,0.0,,0,0.86,1.43
2018-03-16,0,0,0,0,0,0.0,,0,0.14,0.14
2018-03-17,4,4,0,0,3,13.3,SP,3,0.57,0.71
2018-03-18,8,8,0,0,5,51.7,SP,5,1.29,1.86
2018-03-19,30,30,0,0,15,249.4,SP,15,3.43,6.14
2018-03-20,53,53,0,0,25,312.2,SP,24,7.0,13.71
2018-03-21,1,1,0,0,1,4.0,SP,1,7.0,13.71
2018-03-22,9,9,0,0,8,33.1,SP,7,8.14,15.0
2018-03-23,0,0,0,0,0,0.0,,0,8.14,15.0
2018-03-24,2,2,0,0,2,5.9,SP,2,8.0,14.71
2018-03-25,22,22,0,0,18,90.4,SP,18,9.86,16.71
2018-03-26,37,37,0,0,29,146.1,SP,27,11.86,17.71
2018-03-27,0,0,0,0,0,0.0,,0,8.29,10.14
2018-03-28,0,0,0,0,0,0.0,,0,8.14,10.0
2018-03-29,2,2,0,0,2,17.8,SP,2,7.29,9.0
2018-03-30,0,0,0,0,0,0.0,,0,7.29,9.0
2018-03-31,1,1,0,0,1,2.9,SP,1,7.14,8.86
2018-04-01,4,4,0,0,2,4.4,SP,2,4.86,6.29
2018-04-02,0,0,0,0,0,0.0,,0,0.71,1.0
2018-04-03,0,0,0,0,0,0.0,,0,0.71,1.0
2018-04-04,4,4,0,0,1,19.2,SP,1,0.86,1.57
2018-04-05,10,10,0,0,8,122.2,SP,8,1.71,2.71
2018-04-06,0,0,0,0,0,0.0,,0,1.71,2.71
2018-04-07,0,0,0,0,0,0.0,,0,1.57,2.57
2018-04-08,0,0,0,0,0,0.0,,0,1.29,2.0
2018-04-09,4,4,0,0,4,18.6,SP,4,1.86,2.57
2018-04-10,0,0,0,0,0,0.0,,0,1.86,2.57
2018-04-11,3,3,0,0,2,19.1,SP,2,2.0,2.43
2018-04-12,20,20,0,0,11,183.3,SP,11,2.43,3.86
2018-04-13,0,0,0,0,0,0.0,,0,2.43,3.86
2018-04-14,2,2,0,0,2,6.3,SP,2,2.71,4.14
2018-04-15,64,64,0,0,12,453.2,SP,12,4.43,13.29
2018-04-16,4,4,0,0,1,19.0,SP,1,4.0,13.29
2018-04-17,3,3,0,0,1,36.1,SP,1,4.14,13.71
2018-04-18,5,5,0,0,5,9.1,SP,4,4.57,14.0
2018-04-19,10,10,0,0,8,30.9,SP,7,4.14,12.57
2018-04-20,11,11,0,0,9,26.9,SP,8,5.43,14.14
2018-04-21,45,45,0,0,24,423.2,SP,24,8.57,20.29
2018-04-22,1,1,0,0,1,3.3,SP,1,7.0,11.29
2018-04-23,1,1,0,0,1,0.4,SP,1,7.0,10.86
2018-04-24,0,0,0,0,0,0.0,,0,6.86,10.43
2018-04-25,0,0,0,0,0,0.0,,0,6.14,9.71
2018-04-26,2,2,0,0,2,15.5,SP,2,5.29,8.57
2018-04-27,0,0,0,0,0,0.0,,0,4.0,7.0
2018-04-28,0,0,0,0,0,0.0,,0,0.57,0.57
2018-04-29,1,1,0,0,1,2.3,SP,1,0.57,0.57
2018-04-30,0,0,0,0,0,0.0,,0,0.43,0.43
2018-05-01,0,0,0,0,0,0.0,,0,0.43,0.43
2018-05-02,1,1,0,0,1,3.5,SP,1,0.57,0.57
2018-05-03,1,1,0,0,1,10.3,SP,1,0.43,0.43
2018-05-04,0,0,0,0,0,0.0,,0,0.43,0.43
2018-05-05,4,4,0,0,4,12.2,SP,4,1.0,1.0
2018-05-06,25,25,0,0,16,74.8,SP,15,3.14,4.43
2018-05-07,39,39,0,0,24,169.3,SP,24,6.57,10.0
2018-05-08,3,3,0,0,2,13.8,SP,2,6.86,10.43
2018-05-09,2,2,0,0,2,1.7,SP,2,7.0,10.57
2018-05-10,2,2,0,0,2,2.4,SP,2,7.14,10.71
2018-05-11,1,1,0,0,1,3.2,SP,1,7.29,10.86
2018-05-12,0,0,0,0,0,0.0,,0,6.71,10.29
2018-05-13,0,0,0,0,0,0.0,,0,4.43,6.71
2018-05-14,2,2,0,0,2,6.3,SP,2,1.29,1.43
2018-05-15,3,3,0,0,3,7.0,SP,3,1.43,1.43
2018-05-16,8,8,0,0,1,35.4,SP,1,1.29,2.29
2018-05-17,8,8,0,0,5,21.2,SP,5,1.71,3.14
2018-05-18,7,7,0,0,7,28.2,SP,7,2.57,4.0
2018-05-19,7,7,0,0,6,17.2,SP,5,3.43,5.0
2018-05-20,7,7,0,0,2,17.9,SP,2,3.71,6.0
2018-05-21,11,11,0,0,3,94.4,SP,3,3.86,7.29
2018-05-22,16,16,0,0,13,42.8,SP,13,5.29,9.14
2018-05-23,18,18,0,0,13,145.7,SP,13,7.0,10.57
2018-05-24,0,0,0,0,0,0.0,,0,6.29,9.43
2018-05-25,4,4,0,0,2,15.7,SP,2,5.57,9.0
2018-05-26,1,1,0,0,1,9.8,SP,1,4.86,8.14
2018-05-27,36,36,0,0,3,322.4,SP,3,5.0,12.29
2018-05-28,116,116,0,0,10,537.6,SP,8,6.0,27.29
2018-05-29,16,16,0,0,11,74.5,SP,9,5.71,27.29
2018-05-30,0,0,0,0,0,0.0,,0,3.86,24.71
2018-05-31,3,3,0,0,1,5.1,SP,1,4.0,25.14
2018-06-01,1,1,0,0,1,0.4,SP,1,3.86,24.71
2018-06-02,3,3,0,0,2,6.2,SP,2,4.0,25.0
2018-06-03,2,2,0,0,2,3.8,SP,2,3.86,20.14
2018-06-04,1,1,0,0,1,0.3,SP,1,2.57,3.71
2018-06-05,3,3,0,0,1,18.8,SP,1,1.14,1.86
2018-06-06,2,2,0,0,2,8.8,SP,2,1.43,2.14
2018-06-07,5,5,0,0,5,14.6,SP,5,2.0,2.43
2018-06-08,6,6,0,0,4,8.4,SP,4,2.43,3.14
2018-06-09,2,2,0,0,2,1.4,SP,2,2.43,3.0
2018-06-10,2,2,0,0,2,1.2,SP,1,2.43,3.0
2018-06-11,1,1,0,0,1,2.4,SP,1,2.43,3.0
2018-06-12,2,2,0,0,2,7.4,SP,2,2.57,2.86
2018-06-13,2,2,0,0,2,5.2,SP,2,2.57,2.86
2018-06-14,2,2,0,0,1,9.1,SP,1,2.0,2.43
2018-06-15,1,1,0,0,1,0.3,SP,1,1.57,1.71
2018-06-16,1,1,0,0,1,1.0,SP,1,1.43,1.57
2018-06-17,0,0,0,0,0,0.0,,0,1.14,1.29
2018-06-18,7,7,0,0,7,21.0,SP,7,2.0,2.14
2018-06-19,0,0,0,0,0,0.0,,0,1.71,1.86
2018-06-20,3,3,0,0,3,2.6,SP,3,1.86,2.0
2018-06-21,5,5,0,0,3,24.4,SP,3,2.14,2.43
2018-06-22,10,10,0,0,7,27.3,SP,7,3.0,3.71
2018-06-23,0,0,0,0,0,0.0,,0,2.86,3.57
2018-06-24,6,6,0,0,4,16.1,SP,3,3.43,4.43
2018-06-25,21,21,0,0,9,438.6,SP,9,3.71,6.43
2018-06-26,117,117,0,0,7,1411.0,SP,6,4.71,23.14
2018-06-27,237,237,0,0,8,1956.9,SP,6,5.43,56.57
2018-06-28,83,83,0,0,14,369.2,SP,9,7.0,67.71
2018-06-29,71,71,0,0,22,197.3,SP,18,9.14,76.43
2018-06-30,134,134,0,0,16,904.0,SP,10,11.43,95.57
2018-07-01,104,104,0,0,11,1740.3,SP,7,12.43,109.57
2018-07-02,41,41,0,0,11,178.1,SP,8,12.71,112.43
2018-07-03,51,51,0,0,20,114.7,SP,16,14.57,103.0
2018-07-04,21,21,0,0,10,59.2,SP,6,14.86,72.14
2018-07-05,26,26,0,0,8,64.1,SP,4,14.0,64.0
2018-07-06,28,28,0,0,9,131.4,SP,7,12.14,57.86
2018-07-07,46,46,0,0,16,353.1,SP,13,12.14,45.29
2018-07-08,5,5,0,0,3,8.3,SP,1,11.0,31.14
2018-07-09,23,23,0,0,7,39.2,SP,7,10.43,28.57
2018-07-10,16,16,0,0,9,76.2,SP,9,8.86,23.57
2018-07-11,2,2,0,0,1,16.7,SP,1,7.57,20.86
2018-07-12,131,131,0,0,43,218.0,SP,43,12.57,35.86
2018-07-13,3,3,0,0,3,11.7,SP,3,11.71,32.29
2018-07-14,22,22,0,0,12,68.0,SP,12,11.14,28.86
2018-07-15,67,67,0,0,31,339.3,SP,30,15.14,37.71
2018-07-16,4,4,0,0,3,8.6,SP,3,14.57,35.0
2018-07-17,14,14,0,0,6,16.4,SP,4,14.14,34.71
2018-07-18,3,3,0,0,2,11.9,SP,2,14.29,34.86
2018-07-19,13,13,0,0,9,61.5,SP,8,9.43,18.0
2018-07-20,24,24,0,0,11,63.8,SP,10,10.57,21.0
2018-07-21,4,4,0,0,3,15.9,SP,3,9.29,18.43
2018-07-22,7,7,0,0,4,86.8,SP,4,5.43,9.86
2018-07-23,15,15,0,0,2,62.2,SP,2,5.29,11.43
2018-07-24,10,10,0,0,8,275.6,SP,7,5.57,10.86
2018-07-25,27,27,0,0,17,148.0,SP,15,7.71,14.29
2018-07-26,71,71,0,0,33,425.0,SP,31,11.14,22.57
2018-07-27,45,45,0,0,13,194.2,SP,8,11.43,25.57
2018-07-28,36,36,0,0,3,173.8,SP,1,11.43,30.14
2018-07-29,1,1,0,0,1,0.8,SP,1,11.0,29.29
2018-07-30,7,7,0,0,5,18.1,SP,5,11.43,28.14
2018-07-31,28,28,0,0,14,186.4,SP,14,12.29,30.71
2018-08-01,11,11,0,0,7,31.0,SP,7,10.86,28.43
2018-08-02,6,6,0,0,5,46.5,SP,4,6.86,19.14
2018-08-03,7,7,0,0,4,46.4,SP,4,5.57,13.71
2018-08-04,11,11,0,0,6,47.7,SP,6,6.0,10.14
2018-08-05,18,18,0,0,12,65.6,SP,12,7.57,12.57
2018-08-06,6,6,0,0,5,13.3,SP,5,7.57,12.43
2018-08-07,4,4,0,0,4,29.2,SP,4,6.14,9.0
2018-08-08,3,3,0,0,2,1.5,SP,2,5.43,7.86
2018-08-09,2,2,0,0,2,10.7,SP,2,5.0,7.29
2018-08-10,16,16,0,0,5,119.0,SP,5,5.14,8.57
2018-08-11,29,29,0,0,9,67.8,SP,8,5.57,11.14
2018-08-12,0,0,0,0,0,0.0,,0,3.86,8.57
2018-08-13,2,2,0,0,1,1.0,SP,1,3.29,8.0
2018-08-14,4,4,0,0,3,3.0,SP,3,3.14,8.0
2018-08-15,6,6,0,0,2,11.3,SP,2,3.14,8.43
2018-08-16,4,4,0,0,3,4.2,SP,3,3.29,8.71
2018-08-17,1,1,0,0,1,0.7,SP,0,2.71,6.57
2018-08-18,2,2,0,0,2,1.8,SP,2,1.71,2.71
2018-08-19,0,0,0,0,0,0.0,,0,1.71,2.71
2018-08-20,1,1,0,0,1,0.5,SP,1,1.71,2.57
2018-08-21,3,3,0,0,3,12.3,SP,3,1.71,2.43
2018-08-22,39,39,0,0,14,124.2,SP,14,3.43,7.14
2018-08-23,0,0,0,0,0,0.0,,0,3.0,6.57
2018-08-24,6,6,0,0,4,4.5,SP,3,3.43,7.29
2018-08-25,4,4,0,0,4,16.9,SP,4,3.71,7.57
2018-08-26,0,0,0,0,0,0.0,,0,3.71,7.57
2018-08-27,0,0,0,0,0,0.0,,0,3.57,7.43
2018-08-28,4,4,0,0,1,13.4,SP,1,3.29,7.57
2018-08-29,0,0,0,0,0,0.0,,0,1.29,2.0
2018-08-30,3,3,0,0,2,4.5,SP,2,1.57,2.43
2018-08-31,6,6,0,0,5,18.9,SP,5,1.71,2.43
2018-09-01,14,14,0,0,11,83.2,SP,11,2.71,3.86
2018-09-02,21,21,0,0,11,217.2,SP,10,4.29,6.86
2018-09-03,5,5,0,0,4,5.0,SP,2,4.86,7.57
2018-09-04,0,0,0,0,0,0.0,,0,4.71,7.0
2018-09-05,6,6,0,0,3,34.2,SP,3,5.14,7.86
2018-09-06,1,1,0,0,1,3.1,SP,1,5.0,7.57
2018-09-07,2,2,0,0,2,4.7,SP,2,4.57,7.0
2018-09-08,1,1,0,0,1,0.4,SP,1,3.14,5.14
2018-09-09,0,0,0,0,0,0.0,,0,1.57,2.14
2018-09-10,0,0,0,0,0,0.0,,0,1.0,1.43
2018-09-11,0,0,0,0,0,0.0,,0,1.0,1.43
2018-09-12,1,1,0,0,1,3.3,SP,1,0.71,0.71
2018-09-13,11,11,0,0,6,34.3,SP,6,1.43,2.14
2018-09-14,6,6,0,0,4,11.5,SP,4,1.71,2.71
2018-09-15,2,2,0,0,2,4.2,SP,2,1.86,2.86
2018-09-16,3,3,0,0,1,18.0,SP,1,2.0,3.29
2018-09-17,11,11,0,0,9,33.9,SP,9,3.29,4.86
2018-09-18,0,0,0,0,0,0.0,,0,3.29,4.86
2018-09-19,8,8,0,0,6,66.1,SP,6,4.0,5.86
2018-09-20,2,2,0,0,1,2.6,SP,1,3.29,4.57
2018-09-21,9,9,0,0,7,25.6,SP,7,3.71,5.0
2018-09-22,0,0,0,0,0,0.0,,0,3.43,4.71
2018-09-23,0,0,0,0,0,0.0,,0,3.29,4.29
2018-09-24,4,4,0,0,2,56.3,SP,2,2.29,3.29
2018-09-25,10,10,0,0,8,32.3,SP,7,3.43,4.71
2018-09-26,7,7,0,0,6,64.9,SP,5,3.43,4.57
2018-09-27,18,18,0,0,14,45.8,SP,13,5.29,6.86
2018-09-28,2,2,0,0,2,2.2,SP,2,4.57,5.86
2018-09-29,5,5,0,0,4,18.8,SP,4,5.14,6.57
2018-09-30,3,3,0,0,2,6.0,SP,2,5.43,7.0
2018-10-01,19,19,0,0,7,130.6,SP,5,6.14,9.14
2018-10-02,12,12,0,0,7,102.7,SP,7,6.0,9.43
2018-10-03,7,7,0,0,4,57.0,SP,3,5.71,9.43
2018-10-04,8,8,0,0,7,38.8,SP,7,4.71,8.0
2018-10-05,12,12,0,0,8,40.9,SP,8,5.57,9.43
2018-10-06,14,14,0,0,5,81.4,SP,5,5.71,10.71
2018-10-07,4,4,0,0,3,3.3,SP,3,5.86,10.86
2018-10-08,2,2,0,0,2,3.4,SP,2,5.14,8.43
2018-10-09,5,5,0,0,4,16.5,SP,4,4.71,7.43
2018-10-10,24,24,0,0,20,235.4,SP,19,7.0,9.86
2018-10-11,0,0,0,0,0,0.0,,0,6.0,8.71
2018-10-12,0,0,0,0,0,0.0,,0,4.86,7.0
2018-10-13,1,1,0,0,1,3.3,SP,1,4.29,5.14
2018-10-14,0,0,0,0,0,0.0,,0,3.86,4.57
2018-10-15,2,2,0,0,1,7.6,SP,1,3.71,4.57
2018-10-16,1,1,0,0,1,3.0,SP,1,3.29,4.0
2018-10-17,10,10,0,0,5,57.5,SP,5,1.14,2.0
2018-10-18,21,21,0,0,9,79.5,SP,9,2.43,5.0
2018-10-19,12,12,0,0,9,31.6,SP,8,3.71,6.71
2018-10-20,9,9,0,0,6,161.9,SP,6,4.43,7.86
2018-10-21,2,2,0,0,2,1.9,SP,2,4.71,8.14
2018-10-22,9,9,0,0,8,44.2,SP,7,5.71,9.14
2018-10-23,7,7,0,0,4,60.7,SP,4,6.14,10.0
2018-10-24,4,4,0,0,4,21.2,SP,4,6.0,9.14
2018-10-25,3,3,0,0,3,4.4,SP,3,5.14,6.57
2018-10-26,2,2,0,0,2,4.9,SP,2,4.14,5.14
2018-10-27,9,9,0,0,7,26.1,SP,7,4.29,5.14
2018-10-28,7,7,0,0,6,22.9,SP,6,4.86,5.86
2018-10-29,3,3,0,0,3,6.9,SP,2,4.14,5.0
2018-10-30,0,0,0,0,0,0.0,,0,3.57,4.0
2018-10-31,2,2,0,0,2,5.0,SP,2,3.29,3.71
2018-11-01,2,2,0,0,2,1.8,SP,2,3.14,3.57
2018-11-02,6,6,0,0,6,13.0,SP,6,3.71,4.14
2018-11-03,6,6,0,0,5,11.6,SP,5,3.43,3.71
2018-11-04,17,17,0,0,13,18.9,SP,13,4.43,5.14
2018-11-05,1,1,0,0,1,1.0,SP,0,4.14,4.86
2018-11-06,9,9,0,0,8,13.9,SP,7,5.29,6.14
2018-11-07,0,0,0,0,0,0.0,,0,5.0,5.86
2018-11-08,8,8,0,0,3,27.4,SP,3,5.14,6.71
2018-11-09,0,0,0,0,0,0.0,,0,4.29,5.86
2018-11-10,1,1,0,0,1,2.5,SP,1,3.71,5.14
2018-11-11,7,7,0,0,6,6.0,SP,5,2.71,3.71
2018-11-12,1,1,0,0,1,1.0,SP,1,2.71,3.71
2018-11-13,2,2,0,0,2,2.9,SP,2,1.86,2.71
2018-11-14,0,0,0,0,0,0.0,,0,1.86,2.71
2018-11-15,8,8,0,0,4,61.2,SP,4,2.0,2.71
2018-11-16,1,1,0,0,1,5.9,SP,1,2.14,2.86
2018-11-17,3,3,0,0,3,18.5,SP,3,2.43,3.14
2018-11-18,4,4,0,0,3,5.8,SP,3,2.0,2.71
2018-11-19,1,1,0,0,1,39.8,SP,1,2.0,2.71
2018-11-20,0,0,0,0,0,0.0,,0,1.71,2.43
2018-11-21,1,1,0,0,1,3.1,SP,1,1.86,2.57
2018-11-22,0,0,0,0,0,0.0,,0,1.29,1.43
2018-11-23,0,0,0,0,0,0.0,,0,1.14,1.29
2018-11-24,0,0,0,0,0,0.0,,0,0.71,0.86
2018-11-25,0,0,0,0,0,0.0,,0,0.29,0.29
2018-11-26,1,1,0,0,1,2.9,SP,1,0.29,0.29
2018-11-27,0,0,0,0,0,0.0,,0,0.29,0.29
2018-11-28,0,0,0,0,0,0.0,,0,0.14,0.14
2018-11-29,0,0,0,0,0,0.0,,0,0.14,0.14
2018-11-30,1,1,0,0,1,2.7,SP,1,0.29,0.29
2018-12-01,0,0,0,0,0,0.0,,0,0.29,0.29
2018-12-02,0,0,0,0,0,0.0,,0,0.29,0.29
2018-12-03,2,2,0,0,2,1.2,SP,2,0.43,0.43
2018-12-04,0,0,0,0,0,0.0,,0,0.43,0.43
2018-12-05,0,0,0,0,0,0.0,,0,0.43,0.43
2018-12-06,2,2,0,0,1,2.1,SP,1,0.57,0.71
2018-12-07,0,0,0,0,0,0.0,,0,0.43,0.57
2018-12-08,0,0,0,0,0,0.0,,0,0.43,0.57
2018-12-09,1,1,0,0,1,1.3,SP,1,0.57,0.71
2018-12-10,0,0,0,0,0,0.0,,0,0.29,0.43
2018-12-11,2,2,0,0,1,7.8,SP,1,0.43,0.71
2018-12-12,1,1,0,0,1,3.7,SP,1,0.57,0.86
2018-12-13,1,1,0,0,1,2.9,SP,1,0.57,0.71
2018-12-14,5,5,0,0,4,25.9,SP,4,1.14,1.43
2018-12-15,0,0,0,0,0,0.0,,0,1.14,1.43
2018-12-16,0,0,0,0,0,0.0,,0,1.0,1.29
2018-12-17,0,0,0,0,0,0.0,,0,1.0,1.29
2018-12-18,0,0,0,0,0,0.0,,0,0.86,1.0
2018-12-19,2,2,0,0,2,1.9,SP,2,1.0,1.14
2018-12-20,0,0,0,0,0,0.0,,0,0.86,1.0
2018-12-21,0,0,0,0,0,0.0,,0,0.29,0.29
2018-12-22,1,1,0,0,1,0.4,SP,1,0.43,0.43
2018-12-23,0,0,0,0,0,0.0,,0,0.43,0.43
2018-12-24,0,0,0,0,0,0.0,,0,0.43,0.43
2018-12-25,0,0,0,0,0,0.0,,0,0.43,0.43
2018-12-26,0,0,0,0,0,0.0,,0,0.14,0.14
2018-12-27,1,1,0,0,1,4.6,SP,1,0.29,0.29
2018-12-28,0,0,0,0,0,0.0,,0,0.29,0.29
2018-12-29,0,0,0,0,0,0.0,,0,0.14,0.14
2018-12-30,0,0,0,0,0,0.0,,0,0.14,0.14
2018-12-31,0,0,0,0,0,0.0,,0,0.14,0.14
2019-01-01,5,5,0,0,5,14.2,SP,5,0.86,0.86
2019-01-02,0,0,0,0,0,0.0,,0,0.86,0.86
