event_id,start_date,end_date,n_days_detected,n_detections,centroid_lat,centroid_lon,min_lat,max_lat,min_lon,max_lon,max_frp,sum_frp,satellites,n_high_conf,n_night,duration_days
0,2012-01-22,2012-01-22,1,1,54.36408,-0.87634,54.36408,54.36408,-0.87634,-0.87634,3.11,3.11,SNPP,0,0,1
1,2012-01-23,2012-01-23,1,2,54.14294,-7.57318,54.14181,54.14408,-7.57573,-7.57063,1.42,2.79,SNPP,0,2,1
2,2012-01-23,2012-01-23,1,1,56.8248,-2.80849,56.8248,56.8248,-2.80849,-2.80849,9.36,9.36,SNPP,0,0,1
3,2012-01-23,2012-01-23,1,1,56.98484,-2.78851,56.98484,56.98484,-2.78851,-2.78851,3.81,3.81,SNPP,0,0,1
4,2012-01-23,2012-01-23,1,1,57.02106,-2.81182,57.02106,57.02106,-2.81182,-2.81182,5.51,5.51,SNPP,0,0,1
5,2012-01-26,2012-01-26,1,1,51.55556,0.3057,51.55556,51.55556,0.3057,0.3057,2.37,2.37,SNPP,0,0,1
6,2012-01-28,2012-01-28,1,1,55.90422,-3.68333,55.90422,55.90422,-3.68333,-3.68333,1.14,1.14,SNPP,0,1,1
7,2012-02-01,2012-02-01,1,1,52.15204,0.18205,52.15204,52.15204,0.18205,0.18205,2.28,2.28,SNPP,0,0,1
8,2012-02-01,2012-02-01,1,1,58.20201,-3.53431,58.20201,58.20201,-3.53431,-3.53431,2.29,2.29,SNPP,0,0,1
9,2012-02-01,2012-02-01,1,1,55.84768,-5.61139,55.84768,55.84768,-5.61139,-5.61139,3.28,3.28,SNPP,0,0,1
10,2012-02-01,2012-02-01,1,1,57.29082,-2.99333,57.29082,57.29082,-2.99333,-2.99333,3.6,3.6,SNPP,0,0,1
11,2012-02-01,2012-02-01,1,1,57.3763,-3.06833,57.3763,57.3763,-3.06833,-3.06833,7.9,7.9,SNPP,0,0,1
12,2012-02-01,2012-02-01,1,1,57.39457,-3.95921,57.39457,57.39457,-3.95921,-3.95921,4.88,4.88,SNPP,0,0,1
13,2012-02-01,2012-02-01,1,1,58.19754,-3.56947,58.19754,58.19754,-3.56947,-3.56947,7.19,7.19,SNPP,0,0,1
14,2012-02-02,2012-02-02,1,1,50.29852,-4.05749,50.29852,50.29852,-4.05749,-4.05749,3.38,3.38,SNPP,0,0,1
15,2012-02-02,2012-02-02,1,1,57.29207,-3.02139,57.29207,57.29207,-3.02139,-3.02139,5.76,5.76,SNPP,0,0,1
16,2012-02-02,2012-02-02,1,1,57.37215,-3.1139,57.37215,57.37215,-3.1139,-3.1139,3.2,3.2,SNPP,0,0,1
17,2012-02-03,2012-02-03,1,1,52.52252,0.4794,52.52252,52.52252,0.4794,0.4794,1.86,1.86,SNPP,0,0,1
18,2012-02-03,2012-02-03,1,1,53.89688,-1.83701,53.89688,53.89688,-1.83701,-1.83701,2.44,2.44,SNPP,0,0,1
19,2012-02-03,2012-02-03,1,7,54.38724,-1.25479,54.38392,54.39062,-1.26775,-1.24805,12.44,49.35,SNPP,0,0,1
20,2012-02-03,2012-02-03,1,2,57.32897,-3.074,57.32658,57.33136,-3.07694,-3.07106,3.72,6.42,SNPP,0,0,1
21,2012-02-03,2012-02-03,1,1,57.40158,-3.29533,57.40158,57.40158,-3.29533,-3.29533,4.01,4.01,SNPP,0,0,1
22,2012-02-03,2012-02-03,1,2,57.40398,-3.20408,57.40162,57.40634,-3.20669,-3.20148,8.78,16.08,SNPP,0,0,1
23,2012-02-03,2012-02-03,1,1,50.79975,-1.58073,50.79975,50.79975,-1.58073,-1.58073,6.31,6.31,SNPP,0,0,1
24,2012-02-03,2012-02-03,1,1,51.55382,0.3042,51.55382,51.55382,0.3042,0.3042,1.67,1.67,SNPP,0,0,1
25,2012-02-03,2012-02-03,1,1,54.31656,-1.14434,54.31656,54.31656,-1.14434,-1.14434,6.05,6.05,SNPP,0,0,1
26,2012-02-03,2012-02-03,1,1,58.19252,-3.61709,58.19252,58.19252,-3.61709,-3.61709,2.76,2.76,SNPP,0,0,1
27,2012-02-08,2012-02-08,1,1,53.98552,-2.57183,53.98552,53.98552,-2.57183,-2.57183,3.93,3.93,SNPP,0,0,1
28,2012-02-08,2012-02-08,1,1,54.82343,-2.05428,54.82343,54.82343,-2.05428,-2.05428,4.32,4.32,SNPP,0,0,1
29,2012-02-11,2012-02-11,1,1,51.47732,-2.48824,51.47732,51.47732,-2.48824,-2.48824,0.99,0.99,SNPP,0,1,1
30,2012-02-15,2012-02-15,1,1,53.97215,-1.81156,53.97215,53.97215,-1.81156,-1.81156,2.41,2.41,SNPP,0,0,1
31,2012-02-15,2012-02-15,1,1,57.97643,-4.10213,57.97643,57.97643,-4.10213,-4.10213,6.29,6.29,SNPP,0,0,1
32,2012-02-16,2012-02-16,1,1,50.71121,-2.23918,50.71121,50.71121,-2.23918,-2.23918,4.21,4.21,SNPP,0,0,1
33,2012-02-16,2012-02-16,1,1,54.39018,-0.58768,54.39018,54.39018,-0.58768,-0.58768,7.92,7.92,SNPP,0,0,1
34,2012-02-16,2012-02-16,1,1,56.79082,-3.1541,56.79082,56.79082,-3.1541,-3.1541,7.55,7.55,SNPP,0,0,1
35,2012-02-16,2012-02-16,1,4,56.91268,-2.85887,56.91049,56.91442,-2.86385,-2.85148,14.42,46.67,SNPP,0,0,1
36,2012-02-16,2012-02-16,1,2,57.00992,-3.2068,57.0083,57.01153,-3.20773,-3.20586,16.67,33.34,SNPP,0,0,1
37,2012-02-16,2012-02-16,1,2,56.81558,-3.42728,56.81557,56.81559,-3.42833,-3.42623,9.18,17.11,SNPP,0,0,1
38,2012-02-19,2012-02-19,1,1,51.33324,0.33795,51.33324,51.33324,0.33795,0.33795,0.58,0.58,SNPP,0,1,1
39,2012-02-19,2012-02-19,1,1,52.67629,0.09684,52.67629,52.67629,0.09684,0.09684,1.44,1.44,SNPP,0,1,1
40,2012-02-19,2012-02-19,1,1,51.5429,-0.27799,51.5429,51.5429,-0.27799,-0.27799,1.13,1.13,SNPP,0,1,1
41,2012-02-19,2012-02-19,1,2,54.33696,-1.13656,54.33569,54.33824,-1.13697,-1.13616,3.4,5.5,SNPP,0,0,1
42,2012-02-19,2012-02-19,1,1,53.39514,-1.6864,53.39514,53.39514,-1.6864,-1.6864,2.42,2.42,SNPP,0,0,1
43,2012-02-19,2012-02-19,1,2,53.44726,-1.67403,53.44646,53.44805,-1.67507,-1.67299,6.41,10.37,SNPP,0,0,1
44,2012-02-19,2012-02-19,1,1,53.7424,-1.95925,53.7424,53.7424,-1.95925,-1.95925,2.37,2.37,SNPP,0,0,1
45,2012-02-19,2012-02-19,1,1,54.20115,-1.81857,54.20115,54.20115,-1.81857,-1.81857,1.98,1.98,SNPP,0,0,1
46,2012-02-21,2012-02-21,1,1,53.20381,0.1807,53.20381,53.20381,0.1807,0.1807,2.11,2.11,SNPP,0,0,1
47,2012-02-22,2012-02-22,1,1,57.17734,-2.96327,57.17734,57.17734,-2.96327,-2.96327,4.28,4.28,SNPP,0,0,1
48,2012-02-23,2012-02-26,3,3,51.55999,-1.28556,51.5584,51.56162,-1.28755,-1.28306,3.13,6.31,SNPP,0,2,4
49,2012-02-24,2012-02-24,1,2,56.80151,-2.85023,56.79937,56.80365,-2.85216,-2.8483,14.89,29.78,SNPP,0,0,1
50,2012-02-24,2012-02-24,1,2,56.91045,-2.81233,56.90942,56.91148,-2.81387,-2.81079,11.1,19.68,SNPP,0,0,1
51,2012-02-24,2012-02-24,1,1,57.1988,-3.20476,57.1988,57.1988,-3.20476,-3.20476,13.12,13.12,SNPP,0,0,1
52,2012-02-24,2012-02-24,1,2,57.10306,-4.03044,57.10289,57.10323,-4.03061,-4.03027,6.01,10.31,SNPP,0,0,1
53,2012-02-24,2012-02-24,1,6,57.33105,-3.10132,57.32784,57.33656,-3.10693,-3.09134,82.26,251.74,SNPP,0,0,1
54,2012-02-25,2012-02-25,1,3,57.08467,-3.23115,57.08336,57.08643,-3.2341,-3.22603,6.61,14.86,SNPP,0,0,1
55,2012-02-25,2012-02-25,1,1,52.536,1.48444,52.536,52.536,1.48444,1.48444,2.73,2.73,SNPP,0,0,1
56,2012-02-25,2012-02-25,1,4,57.0117,-3.2401,57.00637,57.01497,-3.24907,-3.23009,15.85,57.0,SNPP,0,0,1
57,2012-02-26,2012-02-26,1,1,51.55918,-0.54656,51.55918,51.55918,-0.54656,-0.54656,0.82,0.82,SNPP,0,1,1
58,2012-02-26,2012-02-26,1,1,52.78844,-0.66762,52.78844,52.78844,-0.66762,-0.66762,0.41,0.41,SNPP,0,1,1
59,2012-02-28,2012-02-28,1,1,54.76871,-1.97611,54.76871,54.76871,-1.97611,-1.97611,4.31,4.31,SNPP,0,0,1
60,2012-02-28,2012-02-28,1,2,54.4222,-1.93402,54.42215,54.42224,-1.93772,-1.93033,5.08,8.94,SNPP,0,0,1
61,2012-02-28,2012-02-28,1,1,54.76902,-1.85928,54.76902,54.76902,-1.85928,-1.85928,4.57,4.57,SNPP,0,0,1
62,2012-02-28,2012-02-28,1,1,54.8637,-2.10785,54.8637,54.8637,-2.10785,-2.10785,5.23,5.23,SNPP,0,0,1
63,2012-02-29,2012-02-29,1,3,51.21217,-3.49797,51.20791,51.21537,-3.50299,-3.494,5.71,14.79,SNPP,0,0,1
64,2012-02-29,2012-02-29,1,2,51.14441,-3.21996,51.14375,51.14507,-3.22075,-3.21918,31.59,52.04,SNPP,0,0,1
65,2012-02-29,2012-02-29,1,1,55.45818,-2.013,55.45818,55.45818,-2.013,-2.013,8.34,8.34,SNPP,0,0,1
66,2012-02-29,2012-02-29,1,1,56.84629,-2.72247,56.84629,56.84629,-2.72247,-2.72247,3.35,3.35,SNPP,0,0,1
67,2012-03-01,2012-03-01,1,1,51.14949,-3.25009,51.14949,51.14949,-3.25009,-3.25009,2.98,2.98,SNPP,0,0,1
68,2012-03-01,2012-03-01,1,4,54.31788,-1.22108,54.31597,54.32099,-1.22367,-1.21784,6.04,18.78,SNPP,0,0,1
69,2012-03-01,2012-03-01,1,1,54.34967,-1.09494,54.34967,54.34967,-1.09494,-1.09494,2.05,2.05,SNPP,0,0,1
70,2012-03-01,2012-03-01,1,1,54.35567,-1.97781,54.35567,54.35567,-1.97781,-1.97781,2.6,2.6,SNPP,0,0,1
71,2012-03-01,2012-03-01,1,2,54.36536,-1.91064,54.36488,54.36585,-1.91117,-1.9101,6.1,9.08,SNPP,0,0,1
72,2012-03-01,2012-03-01,1,1,54.38853,-1.05866,54.38853,54.38853,-1.05866,-1.05866,3.48,3.48,SNPP,0,0,1
73,2012-03-01,2012-03-01,1,2,54.41378,-0.9787,54.413,54.41456,-0.98277,-0.97463,6.39,9.38,SNPP,0,0,1
74,2012-03-01,2012-03-01,1,3,54.4718,-1.88495,54.47026,54.47453,-1.88724,-1.88293,12.33,17.89,SNPP,0,0,1
75,2012-03-01,2012-03-01,1,1,56.52151,-3.50837,56.52151,56.52151,-3.50837,-3.50837,3.35,3.35,SNPP,0,0,1
76,2012-03-01,2012-03-01,1,1,56.99328,-2.70978,56.99328,56.99328,-2.70978,-2.70978,3.83,3.83,SNPP,0,0,1
77,2012-03-01,2012-03-01,1,1,57.17109,-3.26666,57.17109,57.17109,-3.26666,-3.26666,4.32,4.32,SNPP,0,0,1
78,2012-03-01,2012-03-01,1,1,50.6584,-3.89219,50.6584,50.6584,-3.89219,-3.89219,10.0,10.0,SNPP,0,0,1
79,2012-03-01,2012-03-01,1,2,51.2152,-3.71391,51.21448,51.21591,-3.7146,-3.71322,2.56,4.76,SNPP,0,0,1
80,2012-03-01,2012-03-01,1,1,53.04047,-3.09654,53.04047,53.04047,-3.09654,-3.09654,2.62,2.62,SNPP,0,0,1
81,2012-03-01,2012-03-01,1,1,53.4788,-1.70211,53.4788,53.4788,-1.70211,-1.70211,2.8,2.8,SNPP,0,0,1
82,2012-03-01,2012-03-01,1,1,54.37204,-0.94398,54.37204,54.37204,-0.94398,-0.94398,3.78,3.78,SNPP,0,0,1
83,2012-03-01,2012-03-01,1,1,54.37819,-0.72138,54.37819,54.37819,-0.72138,-0.72138,8.75,8.75,SNPP,0,0,1
84,2012-03-01,2012-03-01,1,1,56.90512,-2.9314,56.90512,56.90512,-2.9314,-2.9314,2.63,2.63,SNPP,0,0,1
85,2012-03-01,2012-03-01,1,1,56.93595,-2.89698,56.93595,56.93595,-2.89698,-2.89698,2.88,2.88,SNPP,0,0,1
86,2012-03-02,2012-03-02,1,1,53.50433,-1.36236,53.50433,53.50433,-1.36236,-1.36236,0.9,0.9,SNPP,0,1,1
87,2012-03-02,2012-03-02,1,1,54.4441,-1.93974,54.4441,54.4441,-1.93974,-1.93974,2.71,2.71,SNPP,0,0,1
88,2012-03-04,2012-03-04,1,1,52.25715,-0.48879,52.25715,52.25715,-0.48879,-0.48879,0.94,0.94,SNPP,0,1,1
89,2012-03-04,2012-03-04,1,1,57.26429,-3.51504,57.26429,57.26429,-3.51504,-3.51504,9.57,9.57,SNPP,0,0,1
90,2012-03-05,2012-03-05,1,2,53.41946,-2.39279,53.41799,53.42093,-2.39663,-2.38895,3.98,7.88,SNPP,0,2,1
91,2012-03-05,2012-03-05,1,1,54.18798,-1.72086,54.18798,54.18798,-1.72086,-1.72086,2.97,2.97,SNPP,0,0,1
92,2012-03-05,2012-03-05,1,1,57.12063,-4.02273,57.12063,57.12063,-4.02273,-4.02273,3.36,3.36,SNPP,0,0,1
93,2012-03-05,2012-03-05,1,2,52.14444,-2.83503,52.14424,52.14465,-2.83573,-2.83433,9.09,15.2,SNPP,0,0,1
94,2012-03-05,2012-03-05,1,2,57.17118,-3.27169,57.17039,57.17196,-3.27297,-3.27041,4.23,7.23,SNPP,0,0,1
95,2012-03-05,2012-03-05,1,1,57.22584,-3.5027,57.22584,57.22584,-3.5027,-3.5027,4.44,4.44,SNPP,0,0,1
96,2012-03-05,2012-03-05,1,1,57.26796,-2.97081,57.26796,57.26796,-2.97081,-2.97081,2.61,2.61,SNPP,0,0,1
97,2012-03-05,2012-03-05,1,1,57.30342,-3.22448,57.30342,57.30342,-3.22448,-3.22448,8.75,8.75,SNPP,0,0,1
98,2012-03-05,2012-03-05,1,2,58.29637,-4.31096,58.29615,58.29659,-4.31584,-4.30609,7.1,14.2,SNPP,0,0,1
99,2012-03-06,2012-03-06,1,1,50.88454,-1.33405,50.88454,50.88454,-1.33405,-1.33405,2.05,2.05,SNPP,0,0,1
100,2012-03-06,2012-03-06,1,1,53.88604,-1.81792,53.88604,53.88604,-1.81792,-1.81792,3.22,3.22,SNPP,0,0,1
101,2012-03-06,2012-03-06,1,2,54.31492,-0.85855,54.3146,54.31525,-0.86133,-0.85577,2.79,5.29,SNPP,0,0,1
102,2012-03-06,2012-03-06,1,1,54.68372,-1.94128,54.68372,54.68372,-1.94128,-1.94128,2.2,2.2,SNPP,0,0,1
103,2012-03-06,2012-03-06,1,1,50.81006,-1.67401,50.81006,50.81006,-1.67401,-1.67401,4.55,4.55,SNPP,0,0,1
104,2012-03-06,2012-03-06,1,1,50.82637,-1.62731,50.82637,50.82637,-1.62731,-1.62731,18.5,18.5,SNPP,0,0,1
105,2012-03-06,2012-03-06,1,1,54.61031,-1.97439,54.61031,54.61031,-1.97439,-1.97439,3.13,3.13,SNPP,0,0,1
106,2012-03-08,2012-03-08,1,7,50.16432,-5.57048,50.15976,50.16883,-5.57575,-5.56724,16.61,77.06,SNPP,0,0,1
107,2012-03-08,2012-03-08,1,1,50.80677,-1.73036,50.80677,50.80677,-1.73036,-1.73036,1.84,1.84,SNPP,0,0,1
108,2012-03-08,2012-03-08,1,1,57.33646,-3.08947,57.33646,57.33646,-3.08947,-3.08947,11.13,11.13,SNPP,0,0,1
109,2012-03-09,2012-03-09,1,1,57.01129,-3.25488,57.01129,57.01129,-3.25488,-3.25488,0.97,0.97,SNPP,0,1,1
110,2012-03-09,2012-03-09,1,1,53.20346,0.18301,53.20346,53.20346,0.18301,0.18301,3.49,3.49,SNPP,0,0,1
111,2012-03-09,2012-03-09,1,2,57.3372,-3.11823,57.33487,57.33952,-3.12048,-3.11598,3.8,7.44,SNPP,0,0,1
112,2012-03-10,2012-03-11,2,2,52.28616,-0.43864,52.28555,52.28677,-0.43869,-0.43858,7.11,8.53,SNPP,0,2,2
113,2012-03-11,2012-03-12,2,17,54.59064,-1.23876,54.58819,54.59331,-1.24484,-1.23336,36.62,362.44,SNPP,1,7,2
114,2012-03-11,2012-03-11,1,1,53.2753,-1.48545,53.2753,53.2753,-1.48545,-1.48545,0.56,0.56,SNPP,0,1,1
115,2012-03-11,2012-03-11,1,2,53.37773,-1.63558,53.37728,53.37818,-1.63749,-1.63367,5.96,11.81,SNPP,0,0,1
116,2012-03-11,2012-03-11,1,5,54.25947,-1.79273,54.257,54.26146,-1.79627,-1.78851,15.89,42.29,SNPP,0,0,1
117,2012-03-11,2012-03-11,1,5,54.35266,-1.92348,54.34541,54.3582,-1.92791,-1.91822,9.73,31.91,SNPP,0,0,1
118,2012-03-11,2012-03-11,1,1,54.8524,-2.12711,54.8524,54.8524,-2.12711,-2.12711,6.81,6.81,SNPP,0,0,1
119,2012-03-11,2012-03-11,1,1,54.40611,-2.06418,54.40611,54.40611,-2.06418,-2.06418,2.76,2.76,SNPP,0,0,1
120,2012-03-11,2012-03-11,1,1,54.43875,-1.97406,54.43875,54.43875,-1.97406,-1.97406,2.68,2.68,SNPP,0,0,1
121,2012-03-11,2012-03-11,1,2,54.46412,-2.11902,54.46355,54.4647,-2.11971,-2.11833,3.43,4.94,SNPP,0,0,1
122,2012-03-11,2012-03-11,1,2,56.96398,-2.69424,56.96321,56.96474,-2.69482,-2.69366,4.46,6.91,SNPP,0,0,1
123,2012-03-12,2012-03-13,2,3,53.4548,-1.76855,53.45306,53.4571,-1.7729,-1.76397,3.32,7.53,SNPP,0,0,2
124,2012-03-12,2012-03-12,1,1,53.47841,-1.68782,53.47841,53.47841,-1.68782,-1.68782,2.14,2.14,SNPP,0,0,1
125,2012-03-12,2012-03-12,1,3,54.17014,-1.77204,54.16875,54.17132,-1.774,-1.76847,2.96,7.9,SNPP,0,0,1
126,2012-03-12,2012-03-12,1,3,54.25975,-1.9274,54.25825,54.26098,-1.9322,-1.92469,4.2,9.08,SNPP,0,0,1
127,2012-03-12,2012-03-12,1,3,54.32603,-0.9049,54.32294,54.33033,-0.90536,-0.90445,6.15,14.77,SNPP,0,0,1
128,2012-03-12,2012-03-12,1,1,54.3448,-0.94093,54.3448,54.3448,-0.94093,-0.94093,2.88,2.88,SNPP,0,0,1
129,2012-03-12,2012-03-12,1,4,54.40497,-1.11596,54.40014,54.4103,-1.12555,-1.10853,7.0,20.16,SNPP,0,0,1
130,2012-03-12,2012-03-12,1,1,54.40573,-0.90849,54.40573,54.40573,-0.90849,-0.90849,5.02,5.02,SNPP,0,0,1
131,2012-03-12,2012-03-12,1,1,54.61502,-1.96863,54.61502,54.61502,-1.96863,-1.96863,2.69,2.69,SNPP,0,0,1
132,2012-03-12,2012-03-12,1,1,54.68553,-1.88321,54.68553,54.68553,-1.88321,-1.88321,4.86,4.86,SNPP,0,0,1
133,2012-03-12,2012-03-14,2,3,54.77911,-1.95616,54.7768,54.78178,-1.95955,-1.95166,5.31,13.18,SNPP,0,0,3
134,2012-03-12,2012-03-12,1,1,54.79192,-2.12959,54.79192,54.79192,-2.12959,-2.12959,3.13,3.13,SNPP,0,0,1
135,2012-03-12,2012-03-13,2,2,56.89392,-3.49986,56.89119,56.89664,-3.50345,-3.49628,3.94,7.66,SNPP,0,0,2
136,2012-03-12,2012-03-12,1,2,57.08736,-3.14628,57.08683,57.08789,-3.14766,-3.14489,9.21,13.45,SNPP,0,0,1
137,2012-03-12,2012-03-12,1,3,50.5167,-3.84936,50.51336,50.52004,-3.85047,-3.84825,10.45,23.27,SNPP,0,0,1
138,2012-03-12,2012-03-12,1,1,50.72161,-3.93961,50.72161,50.72161,-3.93961,-3.93961,2.49,2.49,SNPP,0,0,1
139,2012-03-12,2012-03-12,1,1,51.05622,-3.68872,51.05622,51.05622,-3.68872,-3.68872,6.18,6.18,SNPP,0,0,1
140,2012-03-12,2012-03-12,1,1,53.3223,-1.70921,53.3223,53.3223,-1.70921,-1.70921,2.72,2.72,SNPP,0,0,1
141,2012-03-12,2012-03-12,1,2,54.1363,-1.75392,54.1353,54.1373,-1.75776,-1.75008,5.89,9.46,SNPP,0,0,1
142,2012-03-12,2012-03-12,1,2,54.35434,-1.96632,54.35031,54.35837,-1.9688,-1.96383,5.48,9.21,SNPP,0,0,1
143,2012-03-12,2012-03-12,1,1,54.39744,-1.08131,54.39744,54.39744,-1.08131,-1.08131,4.97,4.97,SNPP,0,0,1
144,2012-03-12,2012-03-12,1,1,54.60154,-2.19778,54.60154,54.60154,-2.19778,-2.19778,2.77,2.77,SNPP,0,0,1
145,2012-03-12,2012-03-12,1,1,54.63307,-2.18455,54.63307,54.63307,-2.18455,-2.18455,2.4,2.4,SNPP,0,0,1
146,2012-03-12,2012-03-12,1,3,54.64577,-1.97417,54.64406,54.64774,-1.97463,-1.97354,4.99,10.87,SNPP,0,0,1
147,2012-03-12,2012-03-12,1,1,54.64887,-2.0529,54.64887,54.64887,-2.0529,-2.0529,3.39,3.39,SNPP,0,0,1
148,2012-03-12,2012-03-14,2,2,54.80808,-2.06295,54.8038,54.81235,-2.06888,-2.05702,3.98,5.61,SNPP,0,0,3
149,2012-03-12,2012-03-12,1,2,55.51248,-2.03866,55.5121,55.51286,-2.04254,-2.03477,5.06,10.07,SNPP,0,0,1
150,2012-03-12,2012-03-12,1,1,56.46457,-3.75078,56.46457,56.46457,-3.75078,-3.75078,2.06,2.06,SNPP,0,0,1
151,2012-03-12,2012-03-12,1,2,56.49165,-3.87524,56.49123,56.49207,-3.87581,-3.87466,4.82,7.14,SNPP,0,0,1
152,2012-03-12,2012-03-12,1,1,56.53613,-3.6074,56.53613,56.53613,-3.6074,-3.6074,2.69,2.69,SNPP,0,0,1
153,2012-03-12,2012-03-12,1,1,56.66755,-3.79994,56.66755,56.66755,-3.79994,-3.79994,2.48,2.48,SNPP,0,0,1
154,2012-03-12,2012-03-12,1,1,56.72862,-3.12785,56.72862,56.72862,-3.12785,-3.12785,3.98,3.98,SNPP,0,0,1
155,2012-03-12,2012-03-12,1,1,56.89634,-2.9104,56.89634,56.89634,-2.9104,-2.9104,2.63,2.63,SNPP,0,0,1
156,2012-03-12,2012-03-12,1,2,56.998,-2.83964,56.99617,56.99984,-2.84025,-2.83903,7.6,15.2,SNPP,0,0,1
157,2012-03-12,2012-03-12,1,1,57.29274,-3.05403,57.29274,57.29274,-3.05403,-3.05403,4.27,4.27,SNPP,0,0,1
158,2012-03-13,2012-03-13,1,1,50.63757,-3.85493,50.63757,50.63757,-3.85493,-3.85493,5.12,5.12,SNPP,0,0,1
159,2012-03-13,2012-03-13,1,3,50.70687,-3.91338,50.70544,50.70875,-3.91619,-3.90924,19.98,25.96,SNPP,0,0,1
160,2012-03-13,2012-03-13,1,1,51.16245,-3.58289,51.16245,51.16245,-3.58289,-3.58289,9.35,9.35,SNPP,0,0,1
161,2012-03-13,2012-03-13,1,1,51.19965,-3.7211,51.19965,51.19965,-3.7211,-3.7211,14.55,14.55,SNPP,0,0,1
162,2012-03-13,2012-03-13,1,1,51.90833,-3.0811,51.90833,51.90833,-3.0811,-3.0811,3.24,3.24,SNPP,0,0,1
163,2012-03-13,2012-03-13,1,1,53.31865,-1.68499,53.31865,53.31865,-1.68499,-1.68499,3.29,3.29,SNPP,0,0,1
164,2012-03-13,2012-03-13,1,1,53.43862,-1.89447,53.43862,53.43862,-1.89447,-1.89447,2.76,2.76,SNPP,0,0,1
165,2012-03-13,2012-03-13,1,1,56.7642,-3.13607,56.7642,56.7642,-3.13607,-3.13607,3.94,3.94,SNPP,0,0,1
166,2012-03-13,2012-03-13,1,1,56.78479,-3.0657,56.78479,56.78479,-3.0657,-3.0657,3.85,3.85,SNPP,0,0,1
167,2012-03-13,2012-03-13,1,2,56.80908,-3.40476,56.80746,56.81071,-3.40558,-3.40395,4.82,8.38,SNPP,0,0,1
168,2012-03-13,2012-03-13,1,1,56.92184,-3.07987,56.92184,56.92184,-3.07987,-3.07987,1.26,1.26,SNPP,0,0,1
169,2012-03-13,2012-03-14,2,2,56.96792,-2.82792,56.96674,56.96911,-2.83674,-2.81911,2.46,3.92,SNPP,0,0,2
170,2012-03-13,2012-03-13,1,1,57.51863,-2.51765,57.51863,57.51863,-2.51765,-2.51765,4.76,4.76,SNPP,0,0,1
171,2012-03-14,2012-03-14,1,1,53.22449,-3.33016,53.22449,53.22449,-3.33016,-3.33016,4.08,4.08,SNPP,0,0,1
172,2012-03-14,2012-03-14,1,1,53.4921,-1.7297,53.4921,53.4921,-1.7297,-1.7297,2.52,2.52,SNPP,0,0,1
173,2012-03-14,2012-03-14,1,1,54.79349,-2.03437,54.79349,54.79349,-2.03437,-2.03437,3.39,3.39,SNPP,0,0,1
174,2012-03-14,2012-03-14,1,1,54.86378,-2.17827,54.86378,54.86378,-2.17827,-2.17827,1.96,1.96,SNPP,0,0,1
175,2012-03-14,2012-03-14,1,3,54.87325,-2.10238,54.87246,54.87429,-2.10372,-2.10159,5.16,13.22,SNPP,0,0,1
176,2012-03-14,2012-03-14,1,1,54.89448,-2.18337,54.89448,54.89448,-2.18337,-2.18337,2.91,2.91,SNPP,0,0,1
177,2012-03-14,2012-03-14,1,1,56.54112,-3.77575,56.54112,56.54112,-3.77575,-3.77575,13.31,13.31,SNPP,0,0,1
178,2012-03-14,2012-03-14,1,2,56.9667,-2.88688,56.96507,56.96834,-2.88784,-2.88591,3.68,5.88,SNPP,0,0,1
179,2012-03-14,2012-03-14,1,1,57.00815,-4.14363,57.00815,57.00815,-4.14363,-4.14363,15.5,15.5,SNPP,0,0,1
180,2012-03-14,2012-03-14,1,2,57.16975,-3.27033,57.16915,57.17035,-3.27358,-3.26708,5.56,11.12,SNPP,0,0,1
181,2012-03-14,2012-03-14,1,3,57.26243,-4.35032,57.26048,57.26506,-4.35399,-4.3474,7.87,22.64,SNPP,0,0,1
182,2012-03-14,2012-03-14,1,1,57.28837,-3.47197,57.28837,57.28837,-3.47197,-3.47197,1.66,1.66,SNPP,0,0,1
183,2012-03-14,2012-03-14,1,2,57.30086,-3.12578,57.30045,57.30126,-3.12649,-3.12508,6.88,13.46,SNPP,0,0,1
184,2012-03-14,2012-03-14,1,4,57.31247,-3.03925,57.30995,57.31646,-3.04178,-3.03769,29.25,70.68,SNPP,0,0,1
185,2012-03-14,2012-03-14,1,1,57.42363,-3.50784,57.42363,57.42363,-3.50784,-3.50784,4.8,4.8,SNPP,0,0,1
186,2012-03-14,2012-03-15,2,3,50.87113,-1.70118,50.86982,50.87236,-1.70783,-1.69748,7.69,15.65,SNPP,0,0,2
187,2012-03-14,2012-03-14,1,1,50.95238,-4.47195,50.95238,50.95238,-4.47195,-4.47195,7.75,7.75,SNPP,0,0,1
188,2012-03-14,2012-03-14,1,2,54.46402,-1.89967,54.46391,54.46414,-1.90087,-1.89846,4.07,7.63,SNPP,0,0,1
189,2012-03-14,2012-03-14,1,2,54.66504,-2.00442,54.66475,54.66533,-2.01101,-1.99783,6.03,11.04,SNPP,0,0,1
190,2012-03-14,2012-03-14,1,1,54.69143,-1.96539,54.69143,54.69143,-1.96539,-1.96539,2.64,2.64,SNPP,0,0,1
191,2012-03-14,2012-03-14,1,1,54.77293,-2.46435,54.77293,54.77293,-2.46435,-2.46435,2.07,2.07,SNPP,0,0,1
192,2012-03-15,2012-03-15,1,1,52.48793,-1.43541,52.48793,52.48793,-1.43541,-1.43541,0.66,0.66,SNPP,0,1,1
193,2012-03-15,2012-03-15,1,1,54.1273,-1.74837,54.1273,54.1273,-1.74837,-1.74837,4.63,4.63,SNPP,0,0,1
194,2012-03-15,2012-03-15,1,1,54.40715,-0.93674,54.40715,54.40715,-0.93674,-0.93674,5.51,5.51,SNPP,0,0,1
195,2012-03-15,2012-03-15,1,1,54.58829,-1.24069,54.58829,54.58829,-1.24069,-1.24069,2.38,2.38,SNPP,0,0,1
196,2012-03-15,2012-03-15,1,1,54.90796,-2.22345,54.90796,54.90796,-2.22345,-2.22345,3.05,3.05,SNPP,0,0,1
197,2012-03-15,2012-03-15,1,2,53.40586,-1.64408,53.40555,53.40616,-1.64589,-1.64228,6.26,11.39,SNPP,0,0,1
198,2012-03-15,2012-03-15,1,2,53.41666,-1.68097,53.41662,53.41671,-1.68478,-1.67716,9.25,18.5,SNPP,1,0,1
199,2012-03-15,2012-03-15,1,2,54.3364,-1.8858,54.33618,54.33662,-1.88654,-1.88506,6.39,11.66,SNPP,0,0,1
200,2012-03-15,2012-03-15,1,1,54.39951,-1.91631,54.39951,54.39951,-1.91631,-1.91631,2.04,2.04,SNPP,0,0,1
201,2012-03-15,2012-03-15,1,1,55.73586,-3.08348,55.73586,55.73586,-3.08348,-3.08348,1.47,1.47,SNPP,0,0,1
202,2012-03-17,2012-03-17,1,2,52.51432,0.8769,52.51247,52.51616,0.87636,0.87743,4.19,8.38,SNPP,0,2,1
203,2012-03-17,2012-03-17,1,1,57.29879,-2.8798,57.29879,57.29879,-2.8798,-2.8798,2.62,2.62,SNPP,0,0,1
204,2012-03-17,2012-03-17,1,1,57.47088,-7.24777,57.47088,57.47088,-7.24777,-7.24777,2.91,2.91,SNPP,0,0,1
205,2012-03-18,2012-03-18,1,3,55.19685,-2.30968,55.19546,55.19881,-2.31268,-2.30504,4.94,14.82,SNPP,0,0,1
206,2012-03-18,2012-03-18,1,1,56.54176,-3.16038,56.54176,56.54176,-3.16038,-3.16038,15.37,15.37,SNPP,0,0,1
207,2012-03-18,2012-03-18,1,1,56.75945,-2.91851,56.75945,56.75945,-2.91851,-2.91851,6.6,6.6,SNPP,0,0,1
208,2012-03-18,2012-03-18,1,1,56.77673,-3.05827,56.77673,56.77673,-3.05827,-3.05827,14.24,14.24,SNPP,0,0,1
209,2012-03-18,2012-03-18,1,1,56.8266,-2.85799,56.8266,56.8266,-2.85799,-2.85799,3.07,3.07,SNPP,0,0,1
210,2012-03-18,2012-03-18,1,1,56.8559,-2.93403,56.8559,56.8559,-2.93403,-2.93403,6.9,6.9,SNPP,0,0,1
211,2012-03-18,2012-03-18,1,1,56.95989,-2.83131,56.95989,56.95989,-2.83131,-2.83131,4.58,4.58,SNPP,0,0,1
212,2012-03-18,2012-03-18,1,1,57.92056,-4.17899,57.92056,57.92056,-4.17899,-4.17899,5.76,5.76,SNPP,0,0,1
213,2012-03-19,2012-03-19,1,2,54.77592,-1.36474,54.77526,54.77659,-1.36518,-1.3643,0.59,1.11,SNPP,0,2,1
214,2012-03-19,2012-03-19,1,1,54.36154,-1.16226,54.36154,54.36154,-1.16226,-1.16226,4.15,4.15,SNPP,0,0,1
215,2012-03-19,2012-03-19,1,1,50.14695,-5.6015,50.14695,50.14695,-5.6015,-5.6015,2.13,2.13,SNPP,0,0,1
216,2012-03-19,2012-03-19,1,3,50.9099,-1.71146,50.90731,50.91174,-1.71393,-1.70808,8.89,26.67,SNPP,0,0,1
217,2012-03-19,2012-03-19,1,1,51.92189,-0.97176,51.92189,51.92189,-0.97176,-0.97176,1.49,1.49,SNPP,0,0,1
218,2012-03-19,2012-03-20,2,3,54.2412,-2.01692,54.23681,54.24898,-2.02075,-2.01491,5.91,12.61,SNPP,0,0,2
219,2012-03-19,2012-03-19,1,1,54.27571,-1.91865,54.27571,54.27571,-1.91865,-1.91865,4.14,4.14,SNPP,0,0,1
220,2012-03-19,2012-03-19,1,1,54.34098,-1.87648,54.34098,54.34098,-1.87648,-1.87648,2.77,2.77,SNPP,0,0,1
221,2012-03-19,2012-03-19,1,1,54.34346,-1.90322,54.34346,54.34346,-1.90322,-1.90322,6.99,6.99,SNPP,0,0,1
222,2012-03-19,2012-03-19,1,1,54.41035,-2.05434,54.41035,54.41035,-2.05434,-2.05434,3.13,3.13,SNPP,0,0,1
223,2012-03-19,2012-03-19,1,1,54.6521,-1.98033,54.6521,54.6521,-1.98033,-1.98033,3.68,3.68,SNPP,0,0,1
224,2012-03-19,2012-03-19,1,2,51.164,-3.25036,51.16349,51.16452,-3.25108,-3.24963,8.49,16.71,SNPP,0,0,1
225,2012-03-20,2012-03-20,1,1,52.78429,-0.59418,52.78429,52.78429,-0.59418,-0.59418,2.71,2.71,SNPP,0,0,1
226,2012-03-20,2012-03-20,1,1,54.00776,-1.74932,54.00776,54.00776,-1.74932,-1.74932,3.43,3.43,SNPP,0,0,1
227,2012-03-20,2012-03-20,1,1,54.01167,-1.82501,54.01167,54.01167,-1.82501,-1.82501,9.71,9.71,SNPP,0,0,1
228,2012-03-20,2012-03-20,1,2,51.61112,0.94891,51.6105,51.61174,0.94817,0.94965,8.43,16.2,SNPP,0,0,1
229,2012-03-20,2012-03-20,1,1,54.46935,-1.00422,54.46935,54.46935,-1.00422,-1.00422,4.89,4.89,SNPP,0,0,1
230,2012-03-21,2012-03-22,2,4,58.55894,-3.86648,58.55334,58.56437,-3.87411,-3.86278,6.28,15.66,SNPP,0,4,2
231,2012-03-21,2012-03-21,1,1,58.55837,-3.83625,58.55837,58.55837,-3.83625,-3.83625,3.78,3.78,SNPP,0,1,1
232,2012-03-21,2012-03-21,1,1,50.43962,-3.96988,50.43962,50.43962,-3.96988,-3.96988,2.64,2.64,SNPP,0,0,1
233,2012-03-21,2012-03-21,1,1,50.92182,-3.62707,50.92182,50.92182,-3.62707,-3.62707,1.94,1.94,SNPP,0,0,1
234,2012-03-21,2012-03-22,2,2,52.06634,0.06047,52.06582,52.06687,0.06025,0.06069,2.03,2.73,SNPP,0,1,2
235,2012-03-21,2012-03-21,1,1,55.59545,-3.10609,55.59545,55.59545,-3.10609,-3.10609,6.04,6.04,SNPP,0,0,1
236,2012-03-21,2012-03-21,1,1,55.70899,-2.78697,55.70899,55.70899,-2.78697,-2.78697,3.63,3.63,SNPP,0,0,1
237,2012-03-21,2012-03-21,1,2,55.82118,-2.72081,55.81917,55.82318,-2.7224,-2.71922,3.07,6.14,SNPP,0,0,1
238,2012-03-21,2012-03-21,1,4,55.84418,-2.61714,55.84277,55.84696,-2.6324,-2.61156,11.02,28.13,SNPP,0,0,1
239,2012-03-21,2012-03-21,1,1,56.63631,-3.54496,56.63631,56.63631,-3.54496,-3.54496,8.14,8.14,SNPP,0,0,1
240,2012-03-21,2012-03-22,2,3,56.73152,-3.19431,56.7292,56.7357,-3.20389,-3.18787,9.64,14.23,SNPP,0,0,2
241,2012-03-21,2012-03-21,1,3,50.16898,-5.53661,50.16774,50.171,-5.53916,-5.53337,5.07,10.79,SNPP,0,0,1
242,2012-03-21,2012-03-21,1,1,55.42253,-1.76544,55.42253,55.42253,-1.76544,-1.76544,4.97,4.97,SNPP,0,0,1
243,2012-03-21,2012-03-23,2,2,55.76638,-2.69306,55.76562,55.76715,-2.69499,-2.69112,9.13,17.18,SNPP,0,0,3
244,2012-03-21,2012-03-21,1,1,56.78414,-3.04626,56.78414,56.78414,-3.04626,-3.04626,3.04,3.04,SNPP,0,0,1
245,2012-03-21,2012-03-21,1,1,56.85614,-3.43159,56.85614,56.85614,-3.43159,-3.43159,6.11,6.11,SNPP,0,0,1
246,2012-03-21,2012-03-21,1,4,56.89255,-2.6128,56.88985,56.89484,-2.6219,-2.60891,17.16,38.71,SNPP,0,0,1
247,2012-03-21,2012-03-21,1,1,57.28545,-3.10485,57.28545,57.28545,-3.10485,-3.10485,3.03,3.03,SNPP,0,0,1
248,2012-03-21,2012-03-21,1,1,58.20734,-3.71077,58.20734,58.20734,-3.71077,-3.71077,6.06,6.06,SNPP,0,0,1
249,2012-03-22,2012-03-22,1,4,53.95333,-2.65923,53.95221,53.95444,-2.66367,-2.65478,4.91,13.16,SNPP,0,0,1
250,2012-03-22,2012-03-22,1,2,53.99912,-1.76884,53.99851,53.99973,-1.76922,-1.76847,3.41,5.57,SNPP,0,0,1
251,2012-03-22,2012-03-22,1,1,54.0325,-1.95006,54.0325,54.0325,-1.95006,-1.95006,12.57,12.57,SNPP,1,0,1
252,2012-03-22,2012-03-22,1,1,54.04225,-1.84145,54.04225,54.04225,-1.84145,-1.84145,1.6,1.6,SNPP,0,0,1
253,2012-03-22,2012-03-22,1,2,54.20606,-1.83652,54.20532,54.20679,-1.83746,-1.83558,3.98,7.37,SNPP,0,0,1
254,2012-03-22,2012-03-22,1,1,54.35864,-2.02217,54.35864,54.35864,-2.02217,-2.02217,3.49,3.49,SNPP,0,0,1
255,2012-03-22,2012-03-22,1,2,54.39774,-1.80444,54.39646,54.39901,-1.80476,-1.80411,2.73,4.2,SNPP,0,0,1
256,2012-03-22,2012-03-22,1,1,54.47837,-1.88807,54.47837,54.47837,-1.88807,-1.88807,1.51,1.51,SNPP,0,0,1
257,2012-03-22,2012-03-22,1,1,54.49724,-0.91435,54.49724,54.49724,-0.91435,-0.91435,1.59,1.59,SNPP,0,0,1
258,2012-03-22,2012-03-22,1,1,54.78629,-2.13688,54.78629,54.78629,-2.13688,-2.13688,1.73,1.73,SNPP,0,0,1
259,2012-03-22,2012-03-23,2,4,54.86781,-2.05202,54.86616,54.86986,-2.05587,-2.04646,6.18,18.93,SNPP,0,0,2
260,2012-03-22,2012-03-22,1,2,54.8868,-2.39319,54.88656,54.88705,-2.39331,-2.39307,2.83,5.51,SNPP,0,0,1
261,2012-03-22,2012-03-22,1,2,55.27306,-2.00805,55.2723,55.27381,-2.01049,-2.00562,4.12,6.91,SNPP,0,0,1
262,2012-03-22,2012-03-22,1,6,55.28966,-3.73151,55.28734,55.29378,-3.74348,-3.70701,20.09,60.43,SNPP,1,0,1
263,2012-03-22,2012-03-22,1,3,55.52833,-2.15155,55.52721,55.53007,-2.15465,-2.14676,4.34,11.51,SNPP,0,0,1
264,2012-03-22,2012-03-22,1,3,55.72415,-2.45527,55.72211,55.72567,-2.45848,-2.45317,4.9,11.0,SNPP,0,0,1
265,2012-03-22,2012-03-22,1,1,55.81936,-2.58598,55.81936,55.81936,-2.58598,-2.58598,3.55,3.55,SNPP,0,0,1
266,2012-03-22,2012-03-22,1,1,56.62197,-3.43328,56.62197,56.62197,-3.43328,-3.43328,1.63,1.63,SNPP,0,0,1
267,2012-03-22,2012-03-22,1,2,56.62984,-3.38479,56.62916,56.63052,-3.38671,-3.38287,3.66,6.88,SNPP,0,0,1
268,2012-03-22,2012-03-22,1,1,56.81409,-3.97722,56.81409,56.81409,-3.97722,-3.97722,2.12,2.12,SNPP,0,0,1
269,2012-03-22,2012-03-22,1,3,56.85444,-3.45885,56.85232,56.85618,-3.46195,-3.45696,4.5,12.39,SNPP,0,0,1
270,2012-03-22,2012-03-22,1,1,56.88736,-3.67839,56.88736,56.88736,-3.67839,-3.67839,3.28,3.28,SNPP,0,0,1
271,2012-03-22,2012-03-22,1,2,56.95901,-2.64157,56.9567,56.96133,-2.64327,-2.63988,5.15,8.7,SNPP,0,0,1
272,2012-03-22,2012-03-22,1,1,57.27153,-4.12222,57.27153,57.27153,-4.12222,-4.12222,2.19,2.19,SNPP,0,0,1
273,2012-03-22,2012-03-22,1,1,57.27385,-4.34075,57.27385,57.27385,-4.34075,-4.34075,16.39,16.39,SNPP,0,0,1
274,2012-03-22,2012-03-22,1,2,58.19424,-3.66432,58.19116,58.19732,-3.66449,-3.66416,5.9,10.5,SNPP,0,0,1
275,2012-03-22,2012-03-22,1,1,58.23591,-3.57264,58.23591,58.23591,-3.57264,-3.57264,18.41,18.41,SNPP,0,0,1
276,2012-03-22,2012-03-22,1,1,58.27278,-4.55635,58.27278,58.27278,-4.55635,-4.55635,4.47,4.47,SNPP,0,0,1
277,2012-03-22,2012-03-22,1,3,58.3115,-3.88593,58.30892,58.31316,-3.88862,-3.88389,5.64,14.8,SNPP,0,0,1
278,2012-03-22,2012-03-22,1,1,51.63974,-3.64293,51.63974,51.63974,-3.64293,-3.64293,4.32,4.32,SNPP,0,0,1
279,2012-03-22,2012-03-22,1,1,52.35647,0.64381,52.35647,52.35647,0.64381,0.64381,4.66,4.66,SNPP,0,0,1
280,2012-03-22,2012-03-22,1,1,52.54511,-2.84435,52.54511,52.54511,-2.84435,-2.84435,3.77,3.77,SNPP,0,0,1
281,2012-03-22,2012-03-22,1,1,53.41828,-1.68156,53.41828,53.41828,-1.68156,-1.68156,3.7,3.7,SNPP,0,0,1
282,2012-03-22,2012-03-22,1,2,53.87992,-1.7927,53.87787,53.88198,-1.79329,-1.79212,4.54,8.08,SNPP,0,0,1
283,2012-03-22,2012-03-22,1,1,53.95325,-2.58826,53.95325,53.95325,-2.58826,-2.58826,4.26,4.26,SNPP,0,0,1
284,2012-03-22,2012-03-22,1,1,54.22853,-5.97238,54.22853,54.22853,-5.97238,-5.97238,3.96,3.96,SNPP,0,0,1
285,2012-03-22,2012-03-22,1,2,54.25084,-2.13838,54.24878,54.25291,-2.13864,-2.13811,1.41,2.82,SNPP,0,0,1
286,2012-03-22,2012-03-22,1,2,54.25672,-1.96136,54.25463,54.2588,-1.96152,-1.96119,3.82,7.64,SNPP,0,0,1
287,2012-03-22,2012-03-22,1,2,54.36058,-2.0733,54.36032,54.36085,-2.07658,-2.07001,9.4,18.8,SNPP,0,0,1
288,2012-03-22,2012-03-22,1,1,54.43265,-1.91755,54.43265,54.43265,-1.91755,-1.91755,3.5,3.5,SNPP,0,0,1
289,2012-03-22,2012-03-22,1,1,54.67435,-2.02909,54.67435,54.67435,-2.02909,-2.02909,5.24,5.24,SNPP,0,0,1
290,2012-03-22,2012-03-22,1,1,54.68518,-1.99858,54.68518,54.68518,-1.99858,-1.99858,3.88,3.88,SNPP,0,0,1
291,2012-03-22,2012-03-22,1,1,54.78391,-1.93523,54.78391,54.78391,-1.93523,-1.93523,6.17,6.17,SNPP,0,0,1
292,2012-03-22,2012-03-22,1,1,54.83474,-2.15789,54.83474,54.83474,-2.15789,-2.15789,4.61,4.61,SNPP,0,0,1
293,2012-03-22,2012-03-22,1,1,54.83638,-2.02668,54.83638,54.83638,-2.02668,-2.02668,2.09,2.09,SNPP,0,0,1
294,2012-03-22,2012-03-22,1,1,54.8448,-2.29666,54.8448,54.8448,-2.29666,-2.29666,2.96,2.96,SNPP,0,0,1
295,2012-03-22,2012-03-22,1,1,54.85723,-2.55372,54.85723,54.85723,-2.55372,-2.55372,3.87,3.87,SNPP,0,0,1
296,2012-03-22,2012-03-22,1,1,54.90032,-2.51958,54.90032,54.90032,-2.51958,-2.51958,2.88,2.88,SNPP,0,0,1
297,2012-03-22,2012-03-22,1,1,55.27318,-2.14504,55.27318,55.27318,-2.14504,-2.14504,5.18,5.18,SNPP,0,0,1
298,2012-03-22,2012-03-23,2,2,55.27818,-1.94635,55.27716,55.27919,-1.95279,-1.93991,16.01,20.05,SNPP,0,0,2
299,2012-03-22,2012-03-22,1,2,55.33867,-1.89602,55.33855,55.33879,-1.8963,-1.89574,4.14,7.63,SNPP,0,0,1
300,2012-03-22,2012-03-22,1,1,55.54227,-3.71134,55.54227,55.54227,-3.71134,-3.71134,6.08,6.08,SNPP,0,0,1
301,2012-03-22,2012-03-22,1,1,55.5626,-2.88789,55.5626,55.5626,-2.88789,-2.88789,9.49,9.49,SNPP,0,0,1
302,2012-03-22,2012-03-22,1,1,55.57307,-3.15447,55.57307,55.57307,-3.15447,-3.15447,6.96,6.96,SNPP,0,0,1
303,2012-03-22,2012-03-22,1,1,55.60437,-3.17127,55.60437,55.60437,-3.17127,-3.17127,2.47,2.47,SNPP,0,0,1
304,2012-03-22,2012-03-22,1,2,55.64976,-2.99462,55.64774,55.65177,-2.99515,-2.99408,5.84,8.62,SNPP,0,0,1
305,2012-03-22,2012-03-22,1,1,55.6558,-2.94617,55.6558,55.6558,-2.94617,-2.94617,4.93,4.93,SNPP,0,0,1
306,2012-03-22,2012-03-22,1,1,55.76963,-3.45216,55.76963,55.76963,-3.45216,-3.45216,3.69,3.69,SNPP,0,0,1
307,2012-03-22,2012-03-22,1,1,56.67916,-3.35152,56.67916,56.67916,-3.35152,-3.35152,3.18,3.18,SNPP,0,0,1
308,2012-03-22,2012-03-22,1,1,56.72507,-4.25481,56.72507,56.72507,-4.25481,-4.25481,1.83,1.83,SNPP,0,0,1
309,2012-03-22,2012-03-22,1,1,56.78802,-2.95744,56.78802,56.78802,-2.95744,-2.95744,3.22,3.22,SNPP,0,0,1
310,2012-03-22,2012-03-22,1,3,56.85859,-2.92277,56.85753,56.85937,-2.92581,-2.91919,2.62,7.44,SNPP,0,0,1
311,2012-03-22,2012-03-22,1,4,56.88442,-2.54924,56.88217,56.88668,-2.55238,-2.54609,4.92,13.17,SNPP,0,0,1
312,2012-03-22,2012-03-22,1,1,56.91809,-3.07776,56.91809,56.91809,-3.07776,-3.07776,2.36,2.36,SNPP,0,0,1
313,2012-03-22,2012-03-22,1,1,56.9648,-4.16448,56.9648,56.9648,-4.16448,-4.16448,8.13,8.13,SNPP,0,0,1
314,2012-03-22,2012-03-22,1,1,57.21942,-3.95899,57.21942,57.21942,-3.95899,-3.95899,6.86,6.86,SNPP,0,0,1
315,2012-03-22,2012-03-22,1,1,57.23052,-4.3954,57.23052,57.23052,-4.3954,-4.3954,4.42,4.42,SNPP,0,0,1
316,2012-03-22,2012-03-22,1,1,57.23762,-3.984,57.23762,57.23762,-3.984,-3.984,2.98,2.98,SNPP,0,0,1
317,2012-03-22,2012-03-22,1,1,57.36785,-4.58303,57.36785,57.36785,-4.58303,-4.58303,25.6,25.6,SNPP,0,0,1
318,2012-03-22,2012-03-23,2,3,57.46314,-3.44686,57.46043,57.46524,-3.44879,-3.4455,10.02,19.89,SNPP,1,0,2
319,2012-03-22,2012-03-22,1,2,57.51254,-4.58549,57.5106,57.51448,-4.58613,-4.58485,15.85,31.7,SNPP,0,0,1
320,2012-03-22,2012-03-23,2,2,57.98217,-4.07304,57.9809,57.98344,-4.07478,-4.07129,10.32,13.35,SNPP,0,0,2
321,2012-03-22,2012-03-22,1,9,58.19922,-3.81737,58.19345,58.20553,-3.82446,-3.80937,27.87,155.42,SNPP,0,0,1
322,2012-03-22,2012-03-22,1,1,58.30771,-3.71703,58.30771,58.30771,-3.71703,-3.71703,4.85,4.85,SNPP,0,0,1
323,2012-03-22,2012-03-22,1,1,58.43418,-3.28351,58.43418,58.43418,-3.28351,-3.28351,3.21,3.21,SNPP,0,0,1
324,2012-03-23,2012-03-23,1,2,57.33756,-3.90182,57.33572,57.33939,-3.90198,-3.90165,4.14,4.61,SNPP,0,1,1
325,2012-03-23,2012-03-23,1,1,58.1799,-3.6332,58.1799,58.1799,-3.6332,-3.6332,3.51,3.51,SNPP,0,0,1
326,2012-03-23,2012-03-23,1,1,51.04867,-3.60859,51.04867,51.04867,-3.60859,-3.60859,2.32,2.32,SNPP,0,0,1
327,2012-03-23,2012-03-23,1,1,51.2621,-1.85686,51.2621,51.2621,-1.85686,-1.85686,1.3,1.3,SNPP,0,0,1
328,2012-03-23,2012-03-23,1,1,51.63334,-3.44717,51.63334,51.63334,-3.44717,-3.44717,4.38,4.38,SNPP,0,0,1
329,2012-03-23,2012-03-23,1,1,51.63507,-0.94391,51.63507,51.63507,-0.94391,-0.94391,1.89,1.89,SNPP,0,0,1
330,2012-03-23,2012-03-23,1,1,52.13987,-3.23431,52.13987,52.13987,-3.23431,-3.23431,2.41,2.41,SNPP,0,0,1
331,2012-03-23,2012-03-23,1,1,54.81118,-1.96853,54.81118,54.81118,-1.96853,-1.96853,2.74,2.74,SNPP,0,0,1
332,2012-03-23,2012-03-23,1,1,55.20292,-2.22161,55.20292,55.20292,-2.22161,-2.22161,7.63,7.63,SNPP,0,0,1
333,2012-03-23,2012-03-23,1,3,55.25783,-2.15383,55.2564,55.2599,-2.15697,-2.14885,24.54,50.8,SNPP,0,0,1
334,2012-03-23,2012-03-23,1,2,55.52377,-3.02513,55.52204,55.5255,-3.0257,-3.02456,7.48,14.96,SNPP,0,0,1
335,2012-03-23,2012-03-23,1,1,55.61248,-3.19914,55.61248,55.61248,-3.19914,-3.19914,3.39,3.39,SNPP,0,0,1
336,2012-03-23,2012-03-23,1,2,55.67285,-3.09061,55.67252,55.67318,-3.09123,-3.08999,10.18,17.57,SNPP,0,0,1
337,2012-03-23,2012-03-23,1,1,55.7062,-3.46454,55.7062,55.7062,-3.46454,-3.46454,5.47,5.47,SNPP,0,0,1
338,2012-03-23,2012-03-23,1,1,57.7332,-5.06917,57.7332,57.7332,-5.06917,-5.06917,2.06,2.06,SNPP,0,0,1
339,2012-03-23,2012-03-23,1,1,57.73551,-5.53774,57.73551,57.73551,-5.53774,-5.53774,3.65,3.65,SNPP,0,0,1
340,2012-03-23,2012-03-23,1,1,57.90091,-5.40373,57.90091,57.90091,-5.40373,-5.40373,1.92,1.92,SNPP,0,0,1
341,2012-03-23,2012-03-23,1,1,58.22235,-4.22398,58.22235,58.22235,-4.22398,-4.22398,2.95,2.95,SNPP,0,0,1
342,2012-03-24,2012-03-24,1,6,51.73582,-0.00916,51.73331,51.73943,-0.01418,-0.00465,1.96,8.45,SNPP,0,6,1
343,2012-03-27,2012-03-27,1,26,54.92767,-3.64823,54.91297,54.93977,-3.6615,-3.63433,17.04,149.66,SNPP,2,17,1
344,2012-03-27,2012-03-27,1,10,55.11334,-6.20434,55.10895,55.11724,-6.20759,-6.19591,6.08,42.6,SNPP,0,3,1
345,2012-03-27,2012-03-27,1,3,55.49832,-3.19547,55.49717,55.49908,-3.19789,-3.19328,13.62,22.8,SNPP,0,2,1
346,2012-03-27,2012-03-27,1,2,56.95286,-5.48362,56.95277,56.95294,-5.48977,-5.47747,5.39,6.5,SNPP,0,1,1
347,2012-03-27,2012-03-27,1,2,57.37342,-6.70626,57.37214,57.37469,-6.70726,-6.70526,1.05,1.72,SNPP,0,2,1
348,2012-03-27,2012-03-28,2,12,57.61735,-6.24813,57.61294,57.62088,-6.25906,-6.23704,6.18,31.57,SNPP,0,9,2
349,2012-03-27,2012-03-27,1,10,58.15454,-6.37618,58.14606,58.1605,-6.38604,-6.36854,13.76,73.96,SNPP,0,2,1
350,2012-03-27,2012-03-27,1,2,51.15739,-0.73957,51.15717,51.1576,-0.73988,-0.73926,1.23,2.45,SNPP,0,2,1
351,2012-03-27,2012-03-27,1,1,51.62594,-3.49142,51.62594,51.62594,-3.49142,-3.49142,0.78,0.78,SNPP,0,1,1
352,2012-03-27,2012-03-27,1,5,51.62869,-3.7052,51.62671,51.63149,-3.71044,-3.70159,3.74,15.55,SNPP,0,5,1
353,2012-03-27,2012-03-27,1,1,51.83563,-3.85972,51.83563,51.83563,-3.85972,-3.85972,1.18,1.18,SNPP,0,1,1
354,2012-03-27,2012-03-27,1,2,51.93884,-4.90971,51.93681,51.94086,-4.91024,-4.90918,3.62,4.47,SNPP,0,2,1
355,2012-03-27,2012-03-27,1,3,52.73598,-2.10316,52.73458,52.73748,-2.10679,-2.09858,2.81,6.43,SNPP,0,3,1
356,2012-03-27,2012-03-27,1,5,53.12673,-3.55675,53.12468,53.1288,-3.55917,-3.55226,1.27,3.95,SNPP,0,5,1
357,2012-03-27,2012-03-27,1,1,53.57696,-2.15895,53.57696,53.57696,-2.15895,-2.15895,0.73,0.73,SNPP,0,1,1
358,2012-03-27,2012-03-27,1,1,55.79052,-3.97698,55.79052,55.79052,-3.97698,-3.97698,0.25,0.25,SNPP,0,1,1
359,2012-03-27,2012-03-28,2,18,57.86438,-5.17555,57.85549,57.8751,-5.19258,-5.1572,7.67,47.38,SNPP,0,12,2
360,2012-03-27,2012-03-27,1,6,58.3033,-6.75386,58.30048,58.30641,-6.762,-6.74328,12.12,37.4,SNPP,1,1,1
361,2012-03-27,2012-03-27,1,3,58.44929,-4.71474,58.4481,58.44992,-4.71878,-4.71236,2.35,4.54,SNPP,0,3,1
362,2012-03-27,2012-03-27,1,2,50.6784,-4.61847,50.67764,50.67917,-4.61863,-4.61831,4.13,6.68,SNPP,0,0,1
363,2012-03-27,2012-03-27,1,4,51.10136,-3.65874,51.10008,51.10358,-3.66145,-3.65527,18.11,35.28,SNPP,1,0,1
364,2012-03-27,2012-03-27,1,1,51.15822,-3.22855,51.15822,51.15822,-3.22855,-3.22855,4.46,4.46,SNPP,0,0,1
365,2012-03-27,2012-03-27,1,3,51.62877,-3.79482,51.62836,51.62904,-3.7981,-3.79051,5.5,16.02,SNPP,0,0,1
366,2012-03-27,2012-03-27,1,1,51.76455,-3.68664,51.76455,51.76455,-3.68664,-3.68664,21.09,21.09,SNPP,1,0,1
367,2012-03-27,2012-03-27,1,3,51.99247,-4.90204,51.99119,51.99349,-4.90679,-4.8963,6.49,16.21,SNPP,0,0,1
368,2012-03-27,2012-03-27,1,8,51.99635,-4.85307,51.99378,51.99871,-4.86082,-4.84728,9.45,53.78,SNPP,0,0,1
369,2012-03-27,2012-03-27,1,3,52.98999,-3.23702,52.98883,52.99091,-3.23858,-3.2342,16.44,36.1,SNPP,1,0,1
370,2012-03-27,2012-03-27,1,1,53.07416,-4.20765,53.07416,53.07416,-4.20765,-4.20765,4.21,4.21,SNPP,0,0,1
371,2012-03-27,2012-03-28,2,12,53.14951,-4.07356,53.14492,53.15432,-4.08073,-4.06425,19.2,89.71,SNPP,0,7,2
372,2012-03-27,2012-03-27,1,6,54.00819,-1.75394,54.00523,54.01154,-1.75797,-1.74966,10.37,58.1,SNPP,0,0,1
373,2012-03-27,2012-03-27,1,1,54.03436,-1.86985,54.03436,54.03436,-1.86985,-1.86985,5.85,5.85,SNPP,0,0,1
374,2012-03-27,2012-03-27,1,1,54.51587,-2.11973,54.51587,54.51587,-2.11973,-2.11973,3.11,3.11,SNPP,0,0,1
375,2012-03-27,2012-03-27,1,5,54.86674,-4.27991,54.86464,54.86917,-4.28311,-4.27545,4.5,21.54,SNPP,0,0,1
376,2012-03-27,2012-03-29,2,4,54.93357,-2.24244,54.93106,54.93458,-2.24897,-2.23231,4.55,11.65,SNPP,0,0,3
377,2012-03-27,2012-03-27,1,2,55.20436,-2.88167,55.2035,55.20523,-2.88337,-2.87997,6.95,13.63,SNPP,0,0,1
378,2012-03-27,2012-03-27,1,2,55.22134,-3.05374,55.2206,55.22209,-3.05626,-3.05121,29.12,32.88,SNPP,0,0,1
379,2012-03-27,2012-03-27,1,4,55.23902,-3.49708,55.23547,55.24087,-3.49925,-3.49595,2.32,8.37,SNPP,0,0,1
380,2012-03-27,2012-03-27,1,7,55.31628,-5.72777,55.31171,55.31975,-5.73793,-5.7151,3.7,21.43,SNPP,0,0,1
381,2012-03-27,2012-03-27,1,4,55.54681,-3.71544,55.54523,55.54839,-3.71813,-3.71279,7.42,21.54,SNPP,0,0,1
382,2012-03-27,2012-03-27,1,3,55.56658,-3.29906,55.56361,55.56834,-3.30298,-3.29323,9.4,16.19,SNPP,0,0,1
383,2012-03-27,2012-03-27,1,2,55.67388,-3.09365,55.67305,55.6747,-3.0962,-3.0911,5.24,8.18,SNPP,0,0,1
384,2012-03-27,2012-03-27,1,4,55.84198,-2.67394,55.83887,55.84327,-2.68481,-2.66135,4.92,18.6,SNPP,0,0,1
385,2012-03-27,2012-03-27,1,2,56.21898,-3.18429,56.21793,56.22002,-3.18435,-3.18423,11.56,13.75,SNPP,0,0,1
386,2012-03-27,2012-03-27,1,1,56.42292,-3.89711,56.42292,56.42292,-3.89711,-3.89711,3.86,3.86,SNPP,0,0,1
387,2012-03-27,2012-03-27,1,2,56.50092,-3.94337,56.50035,56.50148,-3.9454,-3.94134,3.88,7.66,SNPP,0,0,1
388,2012-03-27,2012-03-27,1,1,56.5583,-3.80938,56.5583,56.5583,-3.80938,-3.80938,4.73,4.73,SNPP,0,0,1
389,2012-03-27,2012-03-27,1,3,56.84124,-3.5522,56.83787,56.84333,-3.55375,-3.55075,8.23,16.97,SNPP,0,0,1
390,2012-03-27,2012-03-27,1,1,56.87627,-3.40242,56.87627,56.87627,-3.40242,-3.40242,8.31,8.31,SNPP,0,0,1
391,2012-03-27,2012-03-27,1,1,56.90107,-4.92136,56.90107,56.90107,-4.92136,-4.92136,9.18,9.18,SNPP,0,0,1
392,2012-03-27,2012-03-27,1,1,56.9157,-2.54846,56.9157,56.9157,-2.54846,-2.54846,3.7,3.7,SNPP,0,0,1
393,2012-03-27,2012-03-27,1,4,56.91631,-5.83542,56.91335,56.918,-5.83973,-5.83021,16.88,33.29,SNPP,1,0,1
394,2012-03-27,2012-03-27,1,1,57.0674,-4.24267,57.0674,57.0674,-4.24267,-4.24267,4.16,4.16,SNPP,0,0,1
395,2012-03-27,2012-03-27,1,4,57.10338,-4.39668,57.10019,57.10485,-4.40116,-4.39084,15.69,30.31,SNPP,0,0,1
396,2012-03-27,2012-03-27,1,4,57.12376,-4.52974,57.11984,57.12675,-4.53056,-4.52863,7.31,23.97,SNPP,0,0,1
397,2012-03-27,2012-03-27,1,1,57.1666,-4.45598,57.1666,57.1666,-4.45598,-4.45598,9.18,9.18,SNPP,0,0,1
398,2012-03-27,2012-03-27,1,3,57.5851,-7.15894,57.58153,57.58847,-7.15954,-7.15849,7.45,16.56,SNPP,0,0,1
399,2012-03-27,2012-03-27,1,2,57.64036,-7.20689,57.63951,57.64122,-7.20946,-7.20432,16.71,24.03,SNPP,1,0,1
400,2012-03-27,2012-03-27,1,1,57.66665,-4.83237,57.66665,57.66665,-4.83237,-4.83237,4.06,4.06,SNPP,0,0,1
401,2012-03-27,2012-03-27,1,6,57.69635,-4.75536,57.69376,57.70089,-4.76151,-4.74731,19.1,52.53,SNPP,2,0,1
402,2012-03-27,2012-03-28,2,11,57.74385,-5.65615,57.74036,57.75013,-5.66943,-5.64798,14.03,69.4,SNPP,2,4,2
403,2012-03-27,2012-03-27,1,2,57.98488,-4.06306,57.98381,57.98594,-4.06334,-4.06277,4.58,8.07,SNPP,0,0,1
404,2012-03-27,2012-03-27,1,2,58.2847,-4.71422,58.28399,58.2854,-4.71466,-4.71377,10.04,16.02,SNPP,0,0,1
405,2012-03-27,2012-03-27,1,2,58.3055,-5.0534,58.30527,58.30573,-5.0557,-5.05111,6.58,12.94,SNPP,0,0,1
406,2012-03-27,2012-03-27,1,1,58.33673,-3.3971,58.33673,58.33673,-3.3971,-3.3971,2.41,2.41,SNPP,0,0,1
407,2012-03-27,2012-03-27,1,2,58.45229,-3.87886,58.45131,58.45327,-3.87966,-3.87806,10.74,15.25,SNPP,1,0,1
408,2012-03-27,2012-03-28,2,10,58.5066,-4.1645,58.49901,58.52115,-4.17626,-4.14365,70.04,114.46,SNPP,0,5,2
409,2012-03-27,2012-03-27,1,1,50.13612,-5.58881,50.13612,50.13612,-5.58881,-5.58881,9.52,9.52,SNPP,0,0,1
410,2012-03-27,2012-03-27,1,1,51.168,-1.42688,51.168,51.168,-1.42688,-1.42688,1.92,1.92,SNPP,0,0,1
411,2012-03-27,2012-03-27,1,1,51.29557,-0.62282,51.29557,51.29557,-0.62282,-0.62282,4.31,4.31,SNPP,0,0,1
412,2012-03-27,2012-03-27,1,1,51.65039,-3.40679,51.65039,51.65039,-3.40679,-3.40679,18.02,18.02,SNPP,0,0,1
413,2012-03-27,2012-03-27,1,1,51.67214,-3.96348,51.67214,51.67214,-3.96348,-3.96348,20.52,20.52,SNPP,0,0,1
414,2012-03-27,2012-03-29,2,3,52.15326,-3.23938,52.15052,52.15546,-3.24597,-3.23468,2.26,6.2,SNPP,0,0,3
415,2012-03-27,2012-03-27,1,3,52.71702,-3.98931,52.71494,52.7184,-3.99223,-3.98448,4.7,12.2,SNPP,0,0,1
416,2012-03-27,2012-03-27,1,1,52.76618,-4.05569,52.76618,52.76618,-4.05569,-4.05569,3.29,3.29,SNPP,0,0,1
417,2012-03-27,2012-03-27,1,1,52.77054,-4.00555,52.77054,52.77054,-4.00555,-4.00555,7.17,7.17,SNPP,0,0,1
418,2012-03-27,2012-03-27,1,1,52.79853,-3.9174,52.79853,52.79853,-3.9174,-3.9174,7.38,7.38,SNPP,0,0,1
419,2012-03-27,2012-03-28,2,4,52.82055,-3.69844,52.81528,52.82567,-3.70046,-3.69668,2.17,6.83,SNPP,0,2,2
420,2012-03-27,2012-03-27,1,1,52.98094,-4.13054,52.98094,52.98094,-4.13054,-4.13054,2.86,2.86,SNPP,0,0,1
421,2012-03-27,2012-03-27,1,1,52.99962,-4.39642,52.99962,52.99962,-4.39642,-4.39642,3.4,3.4,SNPP,0,0,1
422,2012-03-27,2012-03-27,1,2,53.41281,-4.32215,53.41083,53.4148,-4.32257,-4.32173,9.86,19.72,SNPP,0,0,1
423,2012-03-27,2012-03-27,1,1,53.92019,-2.43939,53.92019,53.92019,-2.43939,-2.43939,4.23,4.23,SNPP,0,0,1
424,2012-03-27,2012-03-27,1,1,54.21063,-1.84893,54.21063,54.21063,-1.84893,-1.84893,5.24,5.24,SNPP,0,0,1
425,2012-03-27,2012-03-27,1,1,54.44547,-1.96952,54.44547,54.44547,-1.96952,-1.96952,3.81,3.81,SNPP,0,0,1
426,2012-03-27,2012-03-27,1,1,54.61974,-2.19564,54.61974,54.61974,-2.19564,-2.19564,3.25,3.25,SNPP,0,0,1
427,2012-03-27,2012-03-27,1,1,54.64557,-2.00578,54.64557,54.64557,-2.00578,-2.00578,5.08,5.08,SNPP,0,0,1
428,2012-03-27,2012-03-27,1,1,54.6934,-1.92389,54.6934,54.6934,-1.92389,-1.92389,8.19,8.19,SNPP,0,0,1
429,2012-03-27,2012-03-27,1,1,54.80431,-6.3495,54.80431,54.80431,-6.3495,-6.3495,3.72,3.72,SNPP,0,0,1
430,2012-03-27,2012-03-27,1,1,54.87577,-2.58278,54.87577,54.87577,-2.58278,-2.58278,4.15,4.15,SNPP,0,0,1
431,2012-03-27,2012-03-27,1,1,54.8835,-2.46645,54.8835,54.8835,-2.46645,-2.46645,2.48,2.48,SNPP,0,0,1
432,2012-03-27,2012-03-27,1,1,55.05031,-2.28239,55.05031,55.05031,-2.28239,-2.28239,3.83,3.83,SNPP,0,0,1
433,2012-03-27,2012-03-27,1,1,55.08134,-4.91373,55.08134,55.08134,-4.91373,-4.91373,2.14,2.14,SNPP,0,0,1
434,2012-03-27,2012-03-27,1,1,55.12798,-6.52452,55.12798,55.12798,-6.52452,-6.52452,4.19,4.19,SNPP,0,0,1
435,2012-03-27,2012-03-27,1,1,55.19949,-3.80939,55.19949,55.19949,-3.80939,-3.80939,4.99,4.99,SNPP,0,0,1
436,2012-03-27,2012-03-27,1,1,55.20354,-2.21639,55.20354,55.20354,-2.21639,-2.21639,4.03,4.03,SNPP,0,0,1
437,2012-03-27,2012-03-29,2,2,55.27027,-1.96352,55.26875,55.27179,-1.96542,-1.96161,5.21,8.55,SNPP,0,0,3
438,2012-03-27,2012-03-27,1,2,55.30118,-2.10581,55.30013,55.30222,-2.10653,-2.1051,2.66,4.61,SNPP,0,0,1
439,2012-03-27,2012-03-27,1,1,55.41723,-3.73679,55.41723,55.41723,-3.73679,-3.73679,2.57,2.57,SNPP,0,0,1
440,2012-03-27,2012-03-27,1,2,55.45025,-3.7475,55.45002,55.45048,-3.75058,-3.74442,6.99,13.98,SNPP,0,0,1
441,2012-03-27,2012-03-27,1,1,55.45584,-3.78513,55.45584,55.45584,-3.78513,-3.78513,5.61,5.61,SNPP,0,0,1
442,2012-03-27,2012-03-27,1,3,55.51625,-2.14603,55.51529,55.5177,-2.14882,-2.14123,5.68,10.75,SNPP,0,0,1
443,2012-03-27,2012-03-27,1,1,55.56672,-3.55415,55.56672,55.56672,-3.55415,-3.55415,12.82,12.82,SNPP,0,0,1
444,2012-03-27,2012-03-28,2,12,55.59834,-3.23467,55.59279,55.60307,-3.23933,-3.22855,9.79,66.57,SNPP,0,9,2
445,2012-03-27,2012-03-27,1,1,55.63341,-3.62372,55.63341,55.63341,-3.62372,-3.62372,2.51,2.51,SNPP,0,0,1
446,2012-03-27,2012-03-27,1,3,55.64402,-3.40194,55.63914,55.64789,-3.42102,-3.38418,2.44,6.5,SNPP,0,0,1
447,2012-03-27,2012-03-27,1,2,55.66522,-5.63137,55.66491,55.66553,-5.63152,-5.63121,6.32,9.52,SNPP,0,0,1
448,2012-03-27,2012-03-27,1,1,55.71853,-3.02741,55.71853,55.71853,-3.02741,-3.02741,3.7,3.7,SNPP,0,0,1
449,2012-03-27,2012-03-27,1,1,55.81314,-2.53284,55.81314,55.81314,-2.53284,-2.53284,1.85,1.85,SNPP,0,0,1
450,2012-03-27,2012-03-27,1,1,55.883,-2.81474,55.883,55.883,-2.81474,-2.81474,1.5,1.5,SNPP,0,0,1
451,2012-03-27,2012-03-27,1,1,55.97419,-5.58494,55.97419,55.97419,-5.58494,-5.58494,3.74,3.74,SNPP,0,0,1
452,2012-03-27,2012-03-27,1,1,56.40786,-4.1159,56.40786,56.40786,-4.1159,-4.1159,1.6,1.6,SNPP,0,0,1
453,2012-03-27,2012-03-27,1,1,56.64316,-3.38195,56.64316,56.64316,-3.38195,-3.38195,0.9,0.9,SNPP,0,0,1
454,2012-03-27,2012-03-27,1,1,56.66846,-3.51605,56.66846,56.66846,-3.51605,-3.51605,6.03,6.03,SNPP,0,0,1
455,2012-03-27,2012-03-27,1,2,56.68192,-3.55473,56.68087,56.68296,-3.55508,-3.55438,4.94,7.31,SNPP,0,0,1
456,2012-03-27,2012-03-27,1,1,56.74787,-3.4596,56.74787,56.74787,-3.4596,-3.4596,1.77,1.77,SNPP,0,0,1
457,2012-03-27,2012-03-27,1,2,56.87544,-3.90738,56.87384,56.87703,-3.90857,-3.90618,3.3,5.88,SNPP,0,0,1
458,2012-03-27,2012-03-27,1,1,56.90945,-5.16628,56.90945,56.90945,-5.16628,-5.16628,6.97,6.97,SNPP,0,0,1
459,2012-03-27,2012-03-27,1,2,56.93292,-5.83321,56.93212,56.93372,-5.83379,-5.83264,9.21,17.74,SNPP,0,0,1
460,2012-03-27,2012-03-27,1,1,57.02615,-5.48466,57.02615,57.02615,-5.48466,-5.48466,15.1,15.1,SNPP,0,0,1
461,2012-03-27,2012-03-27,1,1,57.1117,-5.87392,57.1117,57.1117,-5.87392,-5.87392,2.39,2.39,SNPP,0,0,1
462,2012-03-27,2012-03-27,1,3,57.12437,-4.70284,57.12267,57.12728,-4.70683,-4.70045,3.82,10.43,SNPP,0,0,1
463,2012-03-27,2012-03-27,1,1,57.21526,-4.39755,57.21526,57.21526,-4.39755,-4.39755,4.47,4.47,SNPP,0,0,1
464,2012-03-27,2012-03-27,1,1,57.25077,-5.09491,57.25077,57.25077,-5.09491,-5.09491,4.27,4.27,SNPP,0,0,1
465,2012-03-27,2012-03-27,1,1,57.3025,-4.1311,57.3025,57.3025,-4.1311,-4.1311,6.47,6.47,SNPP,0,0,1
466,2012-03-27,2012-03-27,1,6,57.51713,-6.24935,57.51382,57.5215,-6.25975,-6.24078,14.83,79.66,SNPP,0,0,1
467,2012-03-27,2012-03-27,1,1,57.89173,-4.32442,57.89173,57.89173,-4.32442,-4.32442,4.4,4.4,SNPP,0,0,1
468,2012-03-27,2012-03-27,1,1,58.02776,-4.19229,58.02776,58.02776,-4.19229,-4.19229,2.92,2.92,SNPP,0,0,1
469,2012-03-27,2012-03-27,1,1,58.10874,-6.45821,58.10874,58.10874,-6.45821,-6.45821,8.63,8.63,SNPP,0,0,1
470,2012-03-27,2012-03-27,1,1,58.17736,-3.72865,58.17736,58.17736,-3.72865,-3.72865,5.48,5.48,SNPP,0,0,1
471,2012-03-27,2012-03-27,1,1,58.25242,-3.71566,58.25242,58.25242,-3.71566,-3.71566,2.83,2.83,SNPP,0,0,1
472,2012-03-28,2012-03-28,1,9,55.91688,-6.04386,55.90786,55.92413,-6.0486,-6.03662,1.99,9.62,SNPP,0,9,1
473,2012-03-28,2012-03-28,1,1,57.81553,-4.49375,57.81553,57.81553,-4.49375,-4.49375,0.58,0.58,SNPP,0,1,1
474,2012-03-28,2012-03-28,1,1,57.88364,-5.26547,57.88364,57.88364,-5.26547,-5.26547,0.61,0.61,SNPP,0,1,1
475,2012-03-28,2012-03-28,1,2,58.12736,-6.45372,58.12664,58.12807,-6.45654,-6.4509,1.01,1.61,SNPP,0,2,1
476,2012-03-28,2012-04-01,4,13,51.04978,-3.64899,51.04587,51.05584,-3.66849,-3.63343,31.97,121.76,SNPP,1,13,5
477,2012-03-28,2012-03-28,1,1,53.3852,-2.58266,53.3852,53.3852,-2.58266,-2.58266,1.03,1.03,SNPP,0,1,1
478,2012-03-28,2012-03-28,1,1,56.94928,-7.45616,56.94928,56.94928,-7.45616,-7.45616,0.93,0.93,SNPP,0,1,1
479,2012-03-29,2012-03-29,1,3,51.60367,-4.11438,51.602,51.60453,-4.11755,-4.11054,1.67,4.09,SNPP,0,3,1
480,2012-03-29,2012-03-29,1,10,51.9518,-4.73988,51.94355,51.95727,-4.75156,-4.72431,21.38,86.01,SNPP,0,5,1
481,2012-03-29,2012-03-29,1,5,54.14551,-6.51895,54.14297,54.14953,-6.52138,-6.51244,1.77,6.93,SNPP,0,5,1
482,2012-03-29,2012-03-29,1,1,55.29279,-5.74787,55.29279,55.29279,-5.74787,-5.74787,1.66,1.66,SNPP,0,1,1
483,2012-03-29,2012-03-31,2,2,50.66568,-2.04037,50.66504,50.66632,-2.04118,-2.03955,1.3,2.07,SNPP,0,2,3
484,2012-03-29,2012-03-29,1,4,51.96956,-4.76856,51.96703,51.97337,-4.77405,-4.76456,7.15,18.63,SNPP,0,2,1
485,2012-03-29,2012-03-29,1,1,52.38813,-0.00556,52.38813,52.38813,-0.00556,-0.00556,0.25,0.25,SNPP,0,1,1
486,2012-03-29,2012-03-29,1,5,55.22579,-1.9772,55.2215,55.22889,-1.98107,-1.97318,17.32,45.92,SNPP,0,0,1
487,2012-03-29,2012-03-29,1,2,55.39493,-2.0815,55.39476,55.3951,-2.08209,-2.08092,7.3,12.28,SNPP,0,0,1
488,2012-03-29,2012-03-29,1,2,55.41882,-2.26554,55.41734,55.42031,-2.26629,-2.26479,2.96,5.26,SNPP,0,0,1
489,2012-03-29,2012-03-29,1,2,50.56763,-3.77009,50.56598,50.56928,-3.77082,-3.76936,3.21,5.31,SNPP,0,0,1
490,2012-03-29,2012-03-29,1,2,50.63584,-2.17592,50.63541,50.63628,-2.17861,-2.17323,2.25,4.5,SNPP,0,0,1
491,2012-03-29,2012-03-29,1,1,50.96928,-2.44263,50.96928,50.96928,-2.44263,-2.44263,1.63,1.63,SNPP,0,0,1
492,2012-03-29,2012-03-29,1,1,51.08694,-0.23255,51.08694,51.08694,-0.23255,-0.23255,1.65,1.65,SNPP,0,0,1
493,2012-03-29,2012-03-29,1,3,51.18959,-3.64878,51.18817,51.19146,-3.6516,-3.6446,32.21,39.99,SNPP,0,0,1
494,2012-03-29,2012-03-29,1,2,51.55178,-3.26116,51.55014,51.55341,-3.26184,-3.26047,14.55,17.2,SNPP,0,0,1
495,2012-03-29,2012-03-29,1,1,51.73048,-3.89574,51.73048,51.73048,-3.89574,-3.89574,1.28,1.28,SNPP,0,0,1
496,2012-03-29,2012-03-29,1,1,51.75433,-3.62811,51.75433,51.75433,-3.62811,-3.62811,2.94,2.94,SNPP,0,0,1
497,2012-03-29,2012-03-29,1,1,51.9766,-4.70863,51.9766,51.9766,-4.70863,-4.70863,2.92,2.92,SNPP,0,0,1
498,2012-03-29,2012-03-29,1,1,51.98759,0.06781,51.98759,51.98759,0.06781,0.06781,2.45,2.45,SNPP,0,0,1
499,2012-03-29,2012-03-29,1,1,52.66394,-3.51421,52.66394,52.66394,-3.51421,-3.51421,2.61,2.61,SNPP,0,0,1
500,2012-03-29,2012-03-29,1,2,52.67142,-3.95186,52.67093,52.67192,-3.95479,-3.94894,9.18,15.88,SNPP,0,0,1
501,2012-03-29,2012-03-29,1,2,52.74828,-4.0582,52.74665,52.74991,-4.05897,-4.05744,4.6,8.76,SNPP,0,0,1
502,2012-03-29,2012-03-29,1,2,53.1209,-4.17667,53.11927,53.12252,-4.17744,-4.17591,10.11,12.5,SNPP,0,0,1
503,2012-03-29,2012-03-29,1,1,53.50391,-0.86125,53.50391,53.50391,-0.86125,-0.86125,2.71,2.71,SNPP,0,0,1
504,2012-03-29,2012-03-29,1,1,54.40364,-1.91975,54.40364,54.40364,-1.91975,-1.91975,1.99,1.99,SNPP,0,0,1
505,2012-03-29,2012-03-29,1,1,54.42046,-2.22188,54.42046,54.42046,-2.22188,-2.22188,1.48,1.48,SNPP,0,0,1
506,2012-03-29,2012-03-29,1,2,54.61396,-2.14706,54.61352,54.61439,-2.15003,-2.14409,4.75,8.92,SNPP,0,0,1
507,2012-03-29,2012-03-29,1,1,54.69092,-2.00876,54.69092,54.69092,-2.00876,-2.00876,2.27,2.27,SNPP,0,0,1
508,2012-03-29,2012-03-29,1,1,54.82125,-2.27512,54.82125,54.82125,-2.27512,-2.27512,3.2,3.2,SNPP,0,0,1
509,2012-03-29,2012-03-29,1,1,54.83327,-2.4895,54.83327,54.83327,-2.4895,-2.4895,5.17,5.17,SNPP,0,0,1
510,2012-03-29,2012-03-29,1,1,54.90472,-4.30052,54.90472,54.90472,-4.30052,-4.30052,4.37,4.37,SNPP,0,0,1
511,2012-03-29,2012-03-29,1,1,54.90812,-2.45295,54.90812,54.90812,-2.45295,-2.45295,2.48,2.48,SNPP,0,0,1
512,2012-03-29,2012-03-29,1,1,55.30526,-2.15573,55.30526,55.30526,-2.15573,-2.15573,3.41,3.41,SNPP,0,0,1
513,2012-03-29,2012-03-29,1,1,55.30556,-3.70389,55.30556,55.30556,-3.70389,-3.70389,1.63,1.63,SNPP,0,0,1
514,2012-03-29,2012-03-29,1,1,55.62556,-3.27661,55.62556,55.62556,-3.27661,-3.27661,1.07,1.07,SNPP,0,0,1
515,2012-03-29,2012-03-29,1,1,55.72522,-2.99511,55.72522,55.72522,-2.99511,-2.99511,13.58,13.58,SNPP,0,0,1
516,2012-03-29,2012-03-29,1,2,55.78892,-2.61609,55.78729,55.79056,-2.61684,-2.61535,9.92,19.84,SNPP,0,0,1
517,2012-03-29,2012-03-29,1,5,55.90742,-2.61284,55.89672,55.91484,-2.61601,-2.60822,19.35,71.21,SNPP,0,0,1
518,2012-03-29,2012-03-29,1,1,57.32706,-3.42019,57.32706,57.32706,-3.42019,-3.42019,4.73,4.73,SNPP,0,0,1
519,2012-03-29,2012-03-29,1,1,50.48444,-4.89839,50.48444,50.48444,-4.89839,-4.89839,8.57,8.57,SNPP,0,0,1
520,2012-03-29,2012-03-29,1,1,56.83776,-5.19108,56.83776,56.83776,-5.19108,-5.19108,5.36,5.36,SNPP,0,0,1
521,2012-03-30,2012-03-30,1,5,51.17305,-3.75175,51.17039,51.17519,-3.76273,-3.73777,6.64,23.56,SNPP,0,3,1
522,2012-03-30,2012-03-30,1,10,57.43102,-4.58787,57.42685,57.43444,-4.60069,-4.57327,13.38,49.69,SNPP,1,7,1
523,2012-03-30,2012-03-30,1,6,56.83011,-3.83364,56.82557,56.83361,-3.83845,-3.83046,9.6,36.51,SNPP,0,0,1
524,2012-03-30,2012-03-30,1,8,50.56092,-3.94602,50.55781,50.56557,-3.95083,-3.94237,36.28,119.83,SNPP,3,0,1
525,2012-03-30,2012-03-30,1,1,50.65913,-2.40845,50.65913,50.65913,-2.40845,-2.40845,2.02,2.02,SNPP,0,0,1
526,2012-03-30,2012-03-30,1,2,50.68483,-3.91465,50.68404,50.68562,-3.91819,-3.91111,14.03,21.83,SNPP,0,0,1
527,2012-03-30,2012-03-30,1,8,51.16776,-3.67448,51.16365,51.1711,-3.68074,-3.66772,9.69,57.54,SNPP,0,0,1
528,2012-03-30,2012-03-30,1,1,52.78306,-3.90024,52.78306,52.78306,-3.90024,-3.90024,6.14,6.14,SNPP,0,0,1
529,2012-03-30,2012-03-30,1,1,54.42548,-2.11307,54.42548,54.42548,-2.11307,-2.11307,2.03,2.03,SNPP,0,0,1
530,2012-03-30,2012-03-30,1,1,54.56992,-2.18313,54.56992,54.56992,-2.18313,-2.18313,1.92,1.92,SNPP,0,0,1
531,2012-03-30,2012-03-30,1,1,54.63126,-2.16883,54.63126,54.63126,-2.16883,-2.16883,2.75,2.75,SNPP,0,0,1
532,2012-03-30,2012-03-30,1,1,54.80964,-2.54756,54.80964,54.80964,-2.54756,-2.54756,3.74,3.74,SNPP,0,0,1
533,2012-03-30,2012-03-30,1,1,55.31027,-2.12355,55.31027,55.31027,-2.12355,-2.12355,3.1,3.1,SNPP,0,0,1
534,2012-03-30,2012-03-30,1,1,55.54626,-3.71901,55.54626,55.54626,-3.71901,-3.71901,6.87,6.87,SNPP,0,0,1
535,2012-03-30,2012-03-30,1,1,55.78085,-2.72501,55.78085,55.78085,-2.72501,-2.72501,42.18,42.18,SNPP,0,0,1
536,2012-03-30,2012-03-30,1,1,56.37071,-4.17116,56.37071,56.37071,-4.17116,-4.17116,4.27,4.27,SNPP,0,0,1
537,2012-03-30,2012-03-31,2,6,56.42484,-4.08562,56.42256,56.42802,-4.10226,-4.07663,6.07,26.43,SNPP,0,0,2
538,2012-03-30,2012-03-30,1,1,56.42374,-3.8606,56.42374,56.42374,-3.8606,-3.8606,20.75,20.75,SNPP,0,0,1
539,2012-03-30,2012-03-30,1,1,56.85995,-4.11045,56.85995,56.85995,-4.11045,-4.11045,4.75,4.75,SNPP,0,0,1
540,2012-03-30,2012-03-30,1,2,56.8719,-3.00348,56.87075,56.87306,-3.00982,-2.99714,15.39,23.34,SNPP,0,0,1
541,2012-03-30,2012-03-30,1,2,57.12432,-4.59902,57.12199,57.12665,-4.60131,-4.59674,4.38,7.06,SNPP,0,0,1
542,2012-03-30,2012-03-30,1,3,57.12325,-4.42992,57.12165,57.12571,-4.43588,-4.42587,8.81,21.22,SNPP,0,0,1
543,2012-03-30,2012-03-30,1,1,57.33617,-4.33417,57.33617,57.33617,-4.33417,-4.33417,2.41,2.41,SNPP,0,0,1
544,2012-03-30,2012-03-30,1,1,58.08959,-6.4374,58.08959,58.08959,-6.4374,-6.4374,2.32,2.32,SNPP,0,0,1
545,2012-03-30,2012-03-30,1,2,58.21194,-3.86732,58.20584,58.21805,-3.87079,-3.86384,6.64,10.26,SNPP,0,0,1
546,2012-03-30,2012-03-30,1,3,50.548,-3.91024,50.54519,50.55153,-3.91037,-3.91008,15.16,25.78,SNPP,1,0,1
547,2012-03-30,2012-03-30,1,1,50.59781,-3.83485,50.59781,50.59781,-3.83485,-3.83485,4.78,4.78,SNPP,0,0,1
548,2012-03-30,2012-03-30,1,3,51.75162,-3.56634,51.74944,51.75593,-3.56936,-3.56094,3.24,9.58,SNPP,0,0,1
549,2012-03-30,2012-03-30,1,1,52.67984,-3.97269,52.67984,52.67984,-3.97269,-3.97269,4.58,4.58,SNPP,0,0,1
550,2012-03-30,2012-03-30,1,1,56.88974,-3.59641,56.88974,56.88974,-3.59641,-3.59641,15.69,15.69,SNPP,1,0,1
551,2012-03-31,2012-03-31,1,2,51.72268,-3.61098,51.72105,51.72431,-3.61161,-3.61035,1.11,2.2,SNPP,0,2,1
552,2012-03-31,2012-03-31,1,2,52.7005,-3.49123,52.69887,52.70213,-3.49191,-3.49055,1.49,2.98,SNPP,0,2,1
553,2012-03-31,2012-03-31,1,1,55.08554,-4.92168,55.08554,55.08554,-4.92168,-4.92168,6.43,6.43,SNPP,0,0,1
554,2012-03-31,2012-03-31,1,29,55.79,-6.38253,55.77524,55.81166,-6.39532,-6.3685,38.69,436.1,SNPP,0,0,1
555,2012-03-31,2012-03-31,1,2,56.77198,-3.43006,56.77173,56.77222,-3.43104,-3.42908,5.22,7.38,SNPP,0,0,1
556,2012-03-31,2012-03-31,1,2,56.86007,-2.92531,56.85886,56.86128,-2.92592,-2.9247,6.16,7.91,SNPP,0,0,1
557,2012-03-31,2012-03-31,1,2,57.146,-4.6114,57.14491,57.14709,-4.61595,-4.60684,4.55,9.1,SNPP,0,0,1
558,2012-03-31,2012-03-31,1,3,57.15222,-5.81777,57.15014,57.15407,-5.82059,-5.81424,5.89,15.77,SNPP,0,0,1
559,2012-03-31,2012-03-31,1,1,57.25153,-4.83939,57.25153,57.25153,-4.83939,-4.83939,4.97,4.97,SNPP,0,0,1
560,2012-03-31,2012-03-31,1,2,57.35508,-3.92584,57.35497,57.35519,-3.92629,-3.92539,14.72,27.25,SNPP,0,0,1
561,2012-03-31,2012-03-31,1,1,57.58841,-6.2293,57.58841,57.58841,-6.2293,-6.2293,3.11,3.11,SNPP,0,0,1
562,2012-03-31,2012-04-01,2,6,56.45658,-3.8914,56.45404,56.45913,-3.89853,-3.88453,6.1,25.65,SNPP,0,0,2
563,2012-03-31,2012-03-31,1,1,56.7336,-6.13675,56.7336,56.7336,-6.13675,-6.13675,4.14,4.14,SNPP,0,0,1
564,2012-03-31,2012-03-31,1,1,57.37382,-7.26989,57.37382,57.37382,-7.26989,-7.26989,7.67,7.67,SNPP,0,0,1
565,2012-03-31,2012-03-31,1,1,57.37656,-6.01987,57.37656,57.37656,-6.01987,-6.01987,4.45,4.45,SNPP,0,0,1
566,2012-03-31,2012-03-31,1,1,57.47284,-6.37607,57.47284,57.47284,-6.37607,-6.37607,13.89,13.89,SNPP,0,0,1
567,2012-03-31,2012-03-31,1,2,57.4897,-6.38787,57.48722,57.49217,-6.38792,-6.38782,2.59,5.18,SNPP,0,0,1
568,2012-03-31,2012-03-31,1,1,57.49724,-6.62889,57.49724,57.49724,-6.62889,-6.62889,2.39,2.39,SNPP,0,0,1
569,2012-03-31,2012-03-31,1,1,57.6035,-6.35133,57.6035,57.6035,-6.35133,-6.35133,7.05,7.05,SNPP,0,0,1
570,2012-03-31,2012-03-31,1,4,58.01035,-4.29318,58.00508,58.01553,-4.30105,-4.28795,11.4,23.73,SNPP,0,0,1
571,2012-04-01,2012-04-01,1,3,56.9721,-4.77865,56.96714,56.97809,-4.78513,-4.76796,2.11,4.68,SNPP,0,3,1
572,2012-04-01,2012-04-01,1,1,52.57465,-2.10186,52.57465,52.57465,-2.10186,-2.10186,0.89,0.89,SNPP,0,1,1
573,2012-04-01,2012-04-01,1,1,52.9859,-4.24546,52.9859,52.9859,-4.24546,-4.24546,1.14,1.14,SNPP,0,1,1
574,2012-04-01,2012-04-01,1,3,53.00522,-4.20819,53.00416,53.00615,-4.20942,-4.20635,5.28,8.87,SNPP,0,1,1
575,2012-04-01,2012-04-01,1,1,54.18082,-6.36322,54.18082,54.18082,-6.36322,-6.36322,0.62,0.62,SNPP,0,1,1
576,2012-04-01,2012-04-01,1,1,51.81864,-3.76139,51.81864,51.81864,-3.76139,-3.76139,0.52,0.52,SNPP,0,1,1
577,2012-04-01,2012-04-01,1,1,51.83456,-3.76685,51.83456,51.83456,-3.76685,-3.76685,3.32,3.32,SNPP,0,0,1
578,2012-04-01,2012-04-01,1,3,55.27501,-2.15522,55.27454,55.27541,-2.15546,-2.15508,9.38,24.76,SNPP,0,0,1
579,2012-04-01,2012-04-01,1,1,55.7298,-3.02021,55.7298,55.7298,-3.02021,-3.02021,14.49,14.49,SNPP,0,0,1
580,2012-04-01,2012-04-01,1,1,51.32764,-0.78939,51.32764,51.32764,-0.78939,-0.78939,2.95,2.95,SNPP,0,0,1
581,2012-04-01,2012-04-01,1,1,51.6377,-3.43477,51.6377,51.6377,-3.43477,-3.43477,2.39,2.39,SNPP,0,0,1
582,2012-04-01,2012-04-01,1,2,54.71127,-2.25521,54.71103,54.71151,-2.25975,-2.25068,4.21,7.82,SNPP,0,0,1
583,2012-04-04,2012-04-04,1,1,57.70159,-4.03088,57.70159,57.70159,-4.03088,-4.03088,0.63,0.63,SNPP,0,1,1
584,2012-04-04,2012-04-04,1,1,54.81798,-7.49017,54.81798,54.81798,-7.49017,-7.49017,0.5,0.5,SNPP,0,1,1
585,2012-04-04,2012-04-04,1,1,51.58974,0.49713,51.58974,51.58974,0.49713,0.49713,1.65,1.65,SNPP,0,0,1
586,2012-04-05,2012-04-05,1,1,52.83108,1.47757,52.83108,52.83108,1.47757,1.47757,3.78,3.78,SNPP,0,0,1
587,2012-04-05,2012-04-05,1,1,53.8783,-0.87564,53.8783,53.8783,-0.87564,-0.87564,2.54,2.54,SNPP,0,0,1
588,2012-04-05,2012-04-05,1,1,54.22749,-0.50271,54.22749,54.22749,-0.50271,-0.50271,3.05,3.05,SNPP,0,0,1
589,2012-04-05,2012-04-05,1,1,55.76859,-2.53648,55.76859,55.76859,-2.53648,-2.53648,3.36,3.36,SNPP,0,0,1
590,2012-04-06,2012-04-06,1,1,53.31574,-1.14081,53.31574,53.31574,-1.14081,-1.14081,0.75,0.75,SNPP,0,1,1
591,2012-04-11,2012-04-11,1,1,51.64914,-3.84224,51.64914,51.64914,-3.84224,-3.84224,0.48,0.48,SNPP,0,1,1
592,2012-04-11,2012-04-11,1,1,52.5747,-2.10269,52.5747,52.5747,-2.10269,-2.10269,0.53,0.53,SNPP,0,1,1
593,2012-04-12,2012-04-12,1,1,50.96931,-3.25537,50.96931,50.96931,-3.25537,-3.25537,0.73,0.73,SNPP,0,1,1
594,2012-04-13,2012-04-13,1,1,57.01442,-7.47473,57.01442,57.01442,-7.47473,-7.47473,3.02,3.02,SNPP,0,0,1
595,2012-04-13,2012-04-13,1,1,53.27527,-4.56306,53.27527,53.27527,-4.56306,-4.56306,3.73,3.73,SNPP,0,0,1
596,2012-04-13,2012-04-13,1,1,55.8434,-4.18404,55.8434,55.8434,-4.18404,-4.18404,3.32,3.32,SNPP,0,0,1
597,2012-04-15,2012-04-15,1,3,54.73649,-1.32405,54.73485,54.73825,-1.32506,-1.32252,3.03,5.57,SNPP,0,3,1
598,2012-04-15,2012-04-15,1,1,53.56393,-1.4693,53.56393,53.56393,-1.4693,-1.4693,1.13,1.13,SNPP,0,1,1
599,2012-04-15,2012-04-15,1,2,56.73362,-6.16786,56.73315,56.73408,-6.17096,-6.16477,0.49,0.98,SNPP,0,2,1
600,2012-04-15,2012-04-15,1,1,56.85701,-2.73028,56.85701,56.85701,-2.73028,-2.73028,2.4,2.4,SNPP,0,0,1
601,2012-04-16,2012-04-16,1,1,52.0919,-0.00156,52.0919,52.0919,-0.00156,-0.00156,0.68,0.68,SNPP,0,1,1
602,2012-04-16,2012-04-16,1,1,52.31231,-0.92538,52.31231,52.31231,-0.92538,-0.92538,1.11,1.11,SNPP,0,1,1
603,2012-04-16,2012-04-16,1,4,54.86096,-4.59643,54.85909,54.8641,-4.60148,-4.5889,0.73,2.92,SNPP,0,4,1
604,2012-04-16,2012-04-16,1,1,51.35106,1.28541,51.35106,51.35106,1.28541,1.28541,53.11,53.11,SNPP,0,0,1
605,2012-04-16,2012-04-16,1,1,54.84222,-4.92781,54.84222,54.84222,-4.92781,-4.92781,5.31,5.31,SNPP,0,0,1
606,2012-04-16,2012-04-16,1,6,55.30923,-5.73667,55.30263,55.31439,-5.74283,-5.72952,22.33,57.55,SNPP,0,0,1
607,2012-04-16,2012-04-16,1,1,56.99142,-5.80893,56.99142,56.99142,-5.80893,-5.80893,4.15,4.15,SNPP,0,0,1
608,2012-04-19,2012-04-19,1,2,57.58456,-7.19226,57.58307,57.58606,-7.19441,-7.1901,7.32,14.27,SNPP,0,0,1
609,2012-04-20,2012-04-21,2,3,55.83241,-6.27461,55.83088,55.8354,-6.28225,-6.26759,4.14,8.81,SNPP,0,1,2
610,2012-04-21,2012-04-21,1,1,52.5764,-2.1035,52.5764,52.5764,-2.1035,-2.1035,0.83,0.83,SNPP,0,1,1
611,2012-04-21,2012-04-21,1,1,52.64482,-1.10456,52.64482,52.64482,-1.10456,-1.10456,2.58,2.58,SNPP,0,0,1
612,2012-04-24,2012-04-24,1,1,51.0815,-1.67246,51.0815,51.0815,-1.67246,-1.67246,2.96,2.96,SNPP,0,0,1
613,2012-04-28,2012-04-28,1,1,56.50123,-5.43741,56.50123,56.50123,-5.43741,-5.43741,6.61,6.61,SNPP,0,0,1
614,2012-04-29,2012-04-29,1,1,55.95345,-5.31052,55.95345,55.95345,-5.31052,-5.31052,11.76,11.76,SNPP,0,0,1
615,2012-04-30,2012-04-30,1,1,51.55484,0.30778,51.55484,51.55484,0.30778,0.30778,2.86,2.86,SNPP,0,0,1
616,2012-04-30,2012-04-30,1,1,58.14262,-6.48893,58.14262,58.14262,-6.48893,-6.48893,3.3,3.3,SNPP,0,0,1
617,2012-05-02,2012-05-02,1,3,57.1196,-7.30123,57.1166,57.12132,-7.30736,-7.2977,31.25,93.75,SNPP,0,0,1
618,2012-05-03,2012-05-03,1,1,54.97112,-7.26152,54.97112,54.97112,-7.26152,-7.26152,1.17,1.17,SNPP,0,1,1
619,2012-05-03,2012-05-03,1,1,54.30861,-7.20596,54.30861,54.30861,-7.20596,-7.20596,2.28,2.28,SNPP,0,0,1
620,2012-05-03,2012-05-03,1,1,56.88931,-5.71736,56.88931,56.88931,-5.71736,-5.71736,2.21,2.21,SNPP,0,0,1
621,2012-05-03,2012-05-03,1,2,56.99115,-5.72139,56.99085,56.99145,-5.72547,-5.71732,4.94,9.88,SNPP,0,0,1
622,2012-05-05,2012-05-05,1,1,54.95291,-5.9842,54.95291,54.95291,-5.9842,-5.9842,2.41,2.41,SNPP,0,0,1
623,2012-05-05,2012-05-05,1,1,56.93821,-5.59438,56.93821,56.93821,-5.59438,-5.59438,5.47,5.47,SNPP,0,0,1
624,2012-05-06,2012-05-06,1,1,58.14423,-6.4322,58.14423,58.14423,-6.4322,-6.4322,3.95,3.95,SNPP,0,0,1
625,2012-05-07,2012-05-07,1,2,56.59448,-3.13522,56.59285,56.5961,-3.13602,-3.13443,1.66,2.59,SNPP,0,2,1
626,2012-05-11,2012-05-11,1,1,51.70637,-2.93651,51.70637,51.70637,-2.93651,-2.93651,1.78,1.78,SNPP,0,0,1
627,2012-05-11,2012-05-11,1,1,51.91902,-2.92643,51.91902,51.91902,-2.92643,-2.92643,1.82,1.82,SNPP,0,0,1
628,2012-05-12,2012-05-12,1,1,51.72363,0.41227,51.72363,51.72363,0.41227,0.41227,0.65,0.65,SNPP,0,1,1
629,2012-05-12,2012-05-12,1,1,52.56059,-1.73935,52.56059,52.56059,-1.73935,-1.73935,0.91,0.91,SNPP,0,1,1
630,2012-05-12,2012-05-13,2,2,52.57522,-2.10198,52.57504,52.57541,-2.10299,-2.10097,1.22,1.91,SNPP,0,2,2
631,2012-05-12,2012-05-12,1,1,51.65811,-4.00813,51.65811,51.65811,-4.00813,-4.00813,1.88,1.88,SNPP,0,0,1
632,2012-05-13,2012-05-13,1,1,51.51517,0.51398,51.51517,51.51517,0.51398,0.51398,1.05,1.05,SNPP,0,1,1
633,2012-05-13,2012-05-13,1,3,53.11382,-3.42471,53.11035,53.11576,-3.4281,-3.41871,76.05,163.25,SNPP,0,0,1
634,2012-05-13,2012-05-13,1,1,53.28312,-2.78845,53.28312,53.28312,-2.78845,-2.78845,2.61,2.61,SNPP,0,0,1
635,2012-05-14,2012-05-14,1,1,51.11655,-2.9971,51.11655,51.11655,-2.9971,-2.9971,0.49,0.49,SNPP,0,1,1
636,2012-05-14,2012-05-14,1,1,51.27398,-0.49325,51.27398,51.27398,-0.49325,-0.49325,0.45,0.45,SNPP,0,1,1
637,2012-05-14,2012-05-14,1,1,53.04638,-2.33214,53.04638,53.04638,-2.33214,-2.33214,2.77,2.77,SNPP,0,0,1
638,2012-05-15,2012-05-15,1,4,51.70229,-3.14021,51.70102,51.70319,-3.14353,-3.13547,8.92,27.45,SNPP,1,4,1
639,2012-05-16,2012-05-16,1,1,53.06816,-0.77776,53.06816,53.06816,-0.77776,-0.77776,0.28,0.28,SNPP,0,1,1
640,2012-05-16,2012-05-16,1,1,52.57537,-2.10414,52.57537,52.57537,-2.10414,-2.10414,0.49,0.49,SNPP,0,1,1
641,2012-05-19,2012-05-19,1,1,50.12482,-5.55588,50.12482,50.12482,-5.55588,-5.55588,0.53,0.53,SNPP,0,1,1
642,2012-05-20,2012-05-20,1,1,57.33425,-2.60663,57.33425,57.33425,-2.60663,-2.60663,5.1,5.1,SNPP,0,0,1
643,2012-05-22,2012-05-23,2,2,52.57562,-2.10093,52.57532,52.57591,-2.10116,-2.10069,1.06,2.07,SNPP,0,2,2
644,2012-05-22,2012-05-22,1,1,52.063,-0.42597,52.063,52.063,-0.42597,-0.42597,1.38,1.38,SNPP,0,0,1
645,2012-05-22,2012-05-22,1,1,52.10601,1.33914,52.10601,52.10601,1.33914,1.33914,2.5,2.5,SNPP,0,0,1
646,2012-05-22,2012-05-22,1,1,53.47039,-2.23404,53.47039,53.47039,-2.23404,-2.23404,0.76,0.76,SNPP,0,0,1
647,2012-05-23,2012-05-24,2,2,53.77065,-1.45436,53.77023,53.77107,-1.45513,-1.4536,0.35,0.63,SNPP,0,2,2
648,2012-05-23,2012-05-23,1,1,51.02431,-0.26282,51.02431,51.02431,-0.26282,-0.26282,0.56,0.56,SNPP,0,1,1
649,2012-05-23,2012-05-23,1,1,51.41063,-0.53936,51.41063,51.41063,-0.53936,-0.53936,0.37,0.37,SNPP,0,1,1
650,2012-05-23,2012-05-23,1,1,52.37773,-1.28633,52.37773,52.37773,-1.28633,-1.28633,0.48,0.48,SNPP,0,1,1
651,2012-05-23,2012-05-23,1,1,51.52219,0.51357,51.52219,51.52219,0.51357,0.51357,2.55,2.55,SNPP,0,0,1
652,2012-05-24,2012-05-24,1,1,51.04197,0.54763,51.04197,51.04197,0.54763,0.54763,0.32,0.32,SNPP,0,1,1
653,2012-05-24,2012-05-24,1,1,54.52198,-6.98339,54.52198,54.52198,-6.98339,-6.98339,2.47,2.47,SNPP,0,0,1
654,2012-05-24,2012-05-24,1,1,55.80376,-4.323,55.80376,55.80376,-4.323,-4.323,4.12,4.12,SNPP,0,0,1
655,2012-05-24,2012-05-26,3,3,55.00585,-7.11468,55.00372,55.00919,-7.12114,-7.10653,4.67,7.9,SNPP,0,0,3
656,2012-05-25,2012-05-25,1,5,51.54329,-4.22539,51.5417,51.54495,-4.22865,-4.22175,1.56,5.78,SNPP,0,5,1
657,2012-05-25,2012-05-25,1,2,54.51708,-6.19791,54.51686,54.51729,-6.19921,-6.19661,2.4,4.36,SNPP,0,2,1
658,2012-05-25,2012-05-25,1,1,54.93682,-2.2768,54.93682,54.93682,-2.2768,-2.2768,1.23,1.23,SNPP,0,0,1
659,2012-05-25,2012-05-25,1,1,51.04263,-0.33356,51.04263,51.04263,-0.33356,-0.33356,2.46,2.46,SNPP,0,0,1
660,2012-05-25,2012-05-25,1,1,52.54045,1.11583,52.54045,52.54045,1.11583,1.11583,4.52,4.52,SNPP,0,0,1
661,2012-05-25,2012-05-25,1,1,56.2057,-4.00489,56.2057,56.2057,-4.00489,-4.00489,3.36,3.36,SNPP,0,0,1
662,2012-05-26,2012-05-26,1,3,56.09532,-6.19749,56.09515,56.09559,-6.20193,-6.19506,2.61,7.45,SNPP,0,3,1
663,2012-05-26,2012-05-26,1,5,56.38984,-5.49055,56.38637,56.39203,-5.49287,-5.48589,1.69,7.51,SNPP,0,5,1
664,2012-05-26,2012-05-26,1,1,51.52361,0.51507,51.52361,51.52361,0.51507,0.51507,0.38,0.38,SNPP,0,1,1
665,2012-05-26,2012-05-29,3,3,52.57583,-2.1029,52.5743,52.57679,-2.10373,-2.10146,1.58,3.07,SNPP,0,3,4
666,2012-05-26,2012-05-26,1,1,53.58217,-2.15423,53.58217,53.58217,-2.15423,-2.15423,0.65,0.65,SNPP,0,1,1
667,2012-05-26,2012-05-26,1,9,54.14806,-6.47822,54.14396,54.15265,-6.4844,-6.47171,31.55,192.96,SNPP,2,0,1
668,2012-05-26,2012-05-26,1,1,50.84357,-1.27375,50.84357,50.84357,-1.27375,-1.27375,2.24,2.24,SNPP,0,0,1
669,2012-05-26,2012-05-26,1,1,51.78938,-0.01641,51.78938,51.78938,-0.01641,-0.01641,1.29,1.29,SNPP,0,0,1
670,2012-05-26,2012-05-26,1,1,51.86504,-2.43445,51.86504,51.86504,-2.43445,-2.43445,1.04,1.04,SNPP,0,0,1
671,2012-05-26,2012-05-26,1,1,52.52682,-2.40639,52.52682,52.52682,-2.40639,-2.40639,7.72,7.72,SNPP,0,0,1
672,2012-05-26,2012-05-26,1,3,53.10388,-2.47175,53.10284,53.10516,-2.475,-2.4689,5.62,11.91,SNPP,0,0,1
673,2012-05-26,2012-05-26,1,1,54.21361,-7.21237,54.21361,54.21361,-7.21237,-7.21237,1.81,1.81,SNPP,0,0,1
674,2012-05-26,2012-05-26,1,1,54.25231,-6.71362,54.25231,54.25231,-6.71362,-6.71362,1.81,1.81,SNPP,0,0,1
675,2012-05-26,2012-05-26,1,1,54.47253,-7.2147,54.47253,54.47253,-7.2147,-7.2147,5.37,5.37,SNPP,0,0,1
676,2012-05-26,2012-05-26,1,2,55.00926,-3.03277,55.00756,55.01097,-3.03341,-3.03213,29.63,33.74,SNPP,0,0,1
677,2012-05-27,2012-05-28,2,2,51.56454,-2.65268,51.56364,51.56543,-2.6534,-2.65195,7.84,9.09,SNPP,0,2,2
678,2012-05-27,2012-05-27,1,1,53.28928,-4.67859,53.28928,53.28928,-4.67859,-4.67859,0.7,0.7,SNPP,0,1,1
679,2012-05-27,2012-05-27,1,1,51.1335,-1.69525,51.1335,51.1335,-1.69525,-1.69525,1.31,1.31,SNPP,0,0,1
680,2012-05-27,2012-05-27,1,1,53.67903,-2.75822,53.67903,53.67903,-2.75822,-2.75822,1.99,1.99,SNPP,0,0,1
681,2012-05-27,2012-05-27,1,1,54.30785,-7.37932,54.30785,54.30785,-7.37932,-7.37932,3.62,3.62,SNPP,0,0,1
682,2012-05-28,2012-05-28,1,1,54.68782,-1.52756,54.68782,54.68782,-1.52756,-1.52756,0.46,0.46,SNPP,0,1,1
683,2012-05-28,2012-05-28,1,1,53.41074,-2.1548,53.41074,53.41074,-2.1548,-2.1548,6.27,6.27,SNPP,0,1,1
684,2012-05-28,2012-05-28,1,1,53.58366,-2.31358,53.58366,53.58366,-2.31358,-2.31358,0.64,0.64,SNPP,0,1,1
685,2012-05-28,2012-05-28,1,1,53.77063,-1.45125,53.77063,53.77063,-1.45125,-1.45125,0.41,0.41,SNPP,0,1,1
686,2012-05-28,2012-05-28,1,1,54.10334,-3.18465,54.10334,54.10334,-3.18465,-3.18465,0.69,0.69,SNPP,0,1,1
687,2012-05-28,2012-05-28,1,1,51.04257,-0.33738,51.04257,51.04257,-0.33738,-0.33738,2.67,2.67,SNPP,0,0,1
688,2012-05-28,2012-05-28,1,2,54.13035,-6.52154,54.12975,54.13095,-6.52289,-6.5202,9.42,12.89,SNPP,0,0,1
689,2012-05-28,2012-05-28,1,1,54.92741,-2.95631,54.92741,54.92741,-2.95631,-2.95631,2.47,2.47,SNPP,0,0,1
690,2012-05-28,2012-05-28,1,2,53.65886,-2.08947,53.65882,53.65889,-2.09017,-2.08877,9.29,17.59,SNPP,1,0,1
691,2012-05-29,2012-05-29,1,1,51.32377,0.62983,51.32377,51.32377,0.62983,0.62983,0.8,0.8,SNPP,0,1,1
692,2012-05-29,2012-05-29,1,1,52.37759,-1.28794,52.37759,52.37759,-1.28794,-1.28794,0.5,0.5,SNPP,0,1,1
693,2012-05-29,2012-05-29,1,1,54.65042,-5.9497,54.65042,54.65042,-5.9497,-5.9497,0.39,0.39,SNPP,0,1,1
694,2012-05-29,2012-05-29,1,5,54.82106,-7.38261,54.8191,54.82349,-7.3838,-7.3818,1.34,5.56,SNPP,0,5,1
695,2012-05-30,2012-05-30,1,1,51.98645,-0.43163,51.98645,51.98645,-0.43163,-0.43163,1.73,1.73,SNPP,0,0,1
696,2012-06-01,2012-06-01,1,1,51.51563,0.51203,51.51563,51.51563,0.51203,0.51203,1.65,1.65,SNPP,0,1,1
697,2012-06-01,2012-06-01,1,1,54.60072,-6.1167,54.60072,54.60072,-6.1167,-6.1167,2.09,2.09,SNPP,0,0,1
698,2012-06-02,2012-06-02,1,1,54.58662,-5.7923,54.58662,54.58662,-5.7923,-5.7923,3.44,3.44,SNPP,0,1,1
699,2012-06-03,2012-06-03,1,1,55.45701,-4.27191,55.45701,55.45701,-4.27191,-4.27191,2.07,2.07,SNPP,0,1,1
700,2012-06-04,2012-06-04,1,2,58.49692,-3.19647,58.49209,58.50175,-3.19854,-3.1944,11.47,14.81,SNPP,0,1,1
701,2012-06-04,2012-06-04,1,5,58.62135,-3.09774,58.6177,58.62752,-3.10522,-3.08723,51.57,136.35,SNPP,0,1,1
702,2012-06-04,2012-06-04,1,1,54.55139,-3.40152,54.55139,54.55139,-3.40152,-3.40152,1.44,1.44,SNPP,0,1,1
703,2012-06-04,2012-06-04,1,2,55.79796,-6.28624,55.7974,55.79851,-6.28723,-6.28526,3.37,5.86,SNPP,0,0,1
704,2012-06-04,2012-06-04,1,3,56.97958,-5.82523,56.97789,56.98203,-5.82879,-5.82292,23.15,34.93,SNPP,0,0,1
705,2012-06-04,2012-06-04,1,2,55.3306,-4.6949,55.32944,55.33175,-4.696,-4.6938,3.42,6.82,SNPP,0,0,1
706,2012-06-05,2012-06-05,1,1,54.93843,-1.81533,54.93843,54.93843,-1.81533,-1.81533,0.83,0.83,SNPP,0,1,1
707,2012-06-05,2012-06-05,1,1,56.17419,-4.15142,56.17419,56.17419,-4.15142,-4.15142,0.91,0.91,SNPP,0,1,1
708,2012-06-05,2012-06-05,1,1,56.33171,-3.85885,56.33171,56.33171,-3.85885,-3.85885,1.32,1.32,SNPP,0,1,1
709,2012-06-05,2012-06-05,1,1,52.74849,0.14956,52.74849,52.74849,0.14956,0.14956,1.03,1.03,SNPP,0,1,1
710,2012-06-06,2012-06-06,1,2,52.10984,-3.07601,52.10862,52.11105,-3.07942,-3.0726,2.19,4.34,SNPP,0,0,1
711,2012-06-06,2012-06-06,1,1,52.77174,-0.13574,52.77174,52.77174,-0.13574,-0.13574,6.91,6.91,SNPP,0,0,1
712,2012-06-13,2012-06-13,1,2,52.11652,0.28899,52.11473,52.1183,0.28797,0.29001,4.78,9.56,SNPP,0,2,1
713,2012-06-14,2012-06-14,1,1,51.49142,0.19496,51.49142,51.49142,0.19496,0.19496,1.02,1.02,SNPP,0,1,1
714,2012-06-14,2012-06-14,1,1,52.33875,-0.23519,52.33875,52.33875,-0.23519,-0.23519,1.43,1.43,SNPP,0,0,1
715,2012-06-14,2012-06-14,1,2,55.11703,-3.65036,55.11695,55.11711,-3.65089,-3.64983,3.9,6.82,SNPP,0,0,1
716,2012-06-14,2012-06-14,1,1,56.87029,-2.3093,56.87029,56.87029,-2.3093,-2.3093,2.86,2.86,SNPP,0,0,1
717,2012-06-19,2012-06-19,1,2,52.3133,-1.07192,52.31282,52.31379,-1.07472,-1.06911,2.14,3.64,SNPP,0,2,1
718,2012-06-19,2012-06-19,1,1,52.57665,-2.10301,52.57665,52.57665,-2.10301,-2.10301,0.97,0.97,SNPP,0,1,1
719,2012-06-19,2012-06-19,1,1,51.84539,-2.1648,51.84539,51.84539,-2.1648,-2.1648,2.76,2.76,SNPP,0,0,1
720,2012-06-19,2012-06-19,1,1,51.56623,-3.58691,51.56623,51.56623,-3.58691,-3.58691,5.35,5.35,SNPP,0,0,1
721,2012-06-25,2012-06-25,1,1,52.57566,-2.10216,52.57566,52.57566,-2.10216,-2.10216,0.73,0.73,SNPP,0,1,1
722,2012-06-25,2012-06-25,1,1,52.63657,0.71923,52.63657,52.63657,0.71923,0.71923,0.56,0.56,SNPP,0,1,1
723,2012-06-29,2012-06-29,1,1,57.50995,-2.22695,57.50995,57.50995,-2.22695,-2.22695,0.56,0.56,SNPP,0,1,1
724,2012-06-30,2012-06-30,1,1,52.9504,0.05745,52.9504,52.9504,0.05745,0.05745,0.49,0.49,SNPP,0,1,1
725,2012-07-01,2012-07-01,1,2,54.61198,-1.1996,54.6119,54.61205,-1.20069,-1.1985,1.34,2.57,SNPP,0,2,1
726,2012-07-09,2012-07-09,1,1,54.69453,-3.35302,54.69453,54.69453,-3.35302,-3.35302,0.28,0.28,SNPP,0,1,1
727,2012-07-11,2012-07-11,1,1,54.75146,-6.51339,54.75146,54.75146,-6.51339,-6.51339,1.57,1.57,SNPP,0,1,1
728,2012-07-12,2012-07-12,1,1,53.06553,-0.78072,53.06553,53.06553,-0.78072,-0.78072,1.55,1.55,SNPP,0,1,1
729,2012-07-12,2012-07-12,1,2,54.25864,-5.85012,54.25783,54.25945,-5.85045,-5.84979,0.95,1.83,SNPP,0,2,1
730,2012-07-12,2012-07-12,1,1,54.40014,-5.64623,54.40014,54.40014,-5.64623,-5.64623,0.91,0.91,SNPP,0,1,1
731,2012-07-12,2012-07-12,1,1,54.40524,-5.90396,54.40524,54.40524,-5.90396,-5.90396,0.82,0.82,SNPP,0,1,1
732,2012-07-12,2012-07-12,1,3,54.42388,-6.45187,54.42339,54.4244,-6.45416,-6.45034,2.93,7.36,SNPP,0,3,1
733,2012-07-12,2012-07-12,1,1,54.45205,-6.32992,54.45205,54.45205,-6.32992,-6.32992,0.81,0.81,SNPP,0,1,1
734,2012-07-12,2012-07-12,1,4,54.50626,-6.06236,54.50498,54.50925,-6.07075,-6.05268,1.42,5.12,SNPP,0,4,1
735,2012-07-12,2012-07-12,1,2,54.51734,-6.02565,54.51262,54.52207,-6.02636,-6.02493,1.31,2.3,SNPP,0,2,1
736,2012-07-12,2012-07-12,1,1,54.52479,-6.0756,54.52479,54.52479,-6.0756,-6.0756,1.06,1.06,SNPP,0,1,1
737,2012-07-12,2012-07-12,1,1,54.54555,-5.48571,54.54555,54.54555,-5.48571,-5.48571,0.96,0.96,SNPP,0,1,1
738,2012-07-12,2012-07-12,1,3,54.54615,-5.94027,54.54596,54.54633,-5.94369,-5.93831,4.25,9.48,SNPP,0,3,1
739,2012-07-12,2012-07-12,1,3,54.55623,-5.98036,54.55324,54.55794,-5.98535,-5.97623,1.49,3.43,SNPP,0,3,1
740,2012-07-12,2012-07-12,1,1,54.56869,-6.00326,54.56869,54.56869,-6.00326,-6.00326,1.64,1.64,SNPP,0,1,1
741,2012-07-12,2012-07-12,1,1,54.57751,-5.89921,54.57751,54.57751,-5.89921,-5.89921,0.57,0.57,SNPP,0,1,1
742,2012-07-12,2012-07-12,1,18,54.59926,-5.94695,54.57887,54.61318,-5.9803,-5.92479,3.2,29.33,SNPP,0,18,1
743,2012-07-12,2012-07-12,1,1,54.57945,-5.84661,54.57945,54.57945,-5.84661,-5.84661,1.49,1.49,SNPP,0,1,1
744,2012-07-12,2012-07-12,1,2,54.58121,-5.70254,54.58113,54.58129,-5.70395,-5.70112,2.91,4.42,SNPP,0,2,1
745,2012-07-12,2012-07-12,1,6,54.58998,-5.79396,54.58614,54.5955,-5.79756,-5.78913,2.16,10.99,SNPP,0,6,1
746,2012-07-12,2012-07-12,1,1,54.59071,-5.87995,54.59071,54.59071,-5.87995,-5.87995,1.1,1.1,SNPP,0,1,1
747,2012-07-12,2012-07-12,1,3,54.60165,-5.69817,54.59976,54.6044,-5.7003,-5.6951,1.44,3.15,SNPP,0,3,1
748,2012-07-12,2012-07-12,1,1,54.60479,-5.54123,54.60479,54.60479,-5.54123,-5.54123,0.7,0.7,SNPP,0,1,1
749,2012-07-12,2012-07-12,1,1,54.60905,-5.86849,54.60905,54.60905,-5.86849,-5.86849,1.04,1.04,SNPP,0,1,1
750,2012-07-12,2012-07-12,1,2,54.61968,-5.97674,54.61924,54.62011,-5.9849,-5.96859,1.8,2.91,SNPP,0,2,1
751,2012-07-12,2012-07-12,1,6,54.63737,-5.92364,54.63093,54.64615,-5.92465,-5.92244,1.41,6.16,SNPP,0,6,1
752,2012-07-12,2012-07-12,1,1,54.63332,-5.96512,54.63332,54.63332,-5.96512,-5.96512,0.81,0.81,SNPP,0,1,1
753,2012-07-12,2012-07-12,1,5,54.64044,-5.65971,54.63515,54.64447,-5.66057,-5.65876,1.78,5.42,SNPP,0,5,1
754,2012-07-12,2012-07-12,1,2,54.63899,-5.54366,54.63771,54.64027,-5.54384,-5.54348,1.16,1.94,SNPP,0,2,1
755,2012-07-12,2012-07-12,1,6,54.64946,-5.69324,54.64639,54.65297,-5.70025,-5.69,1.78,6.91,SNPP,0,6,1
756,2012-07-12,2012-07-12,1,2,54.65368,-6.74936,54.6535,54.65386,-6.74972,-6.74901,1.39,2.36,SNPP,0,2,1
757,2012-07-12,2012-07-12,1,1,54.66428,-5.63952,54.66428,54.66428,-5.63952,-5.63952,0.84,0.84,SNPP,0,1,1
758,2012-07-12,2012-07-12,1,11,54.6746,-5.91701,54.66391,54.68851,-5.92612,-5.9066,3.31,22.66,SNPP,0,11,1
759,2012-07-12,2012-07-12,1,2,54.69026,-5.94812,54.68982,54.6907,-5.9566,-5.93964,3.92,5.68,SNPP,0,2,1
760,2012-07-12,2012-07-12,1,1,54.69569,-5.87126,54.69569,54.69569,-5.87126,-5.87126,1.93,1.93,SNPP,0,1,1
761,2012-07-12,2012-07-12,1,1,54.70709,-6.18209,54.70709,54.70709,-6.18209,-6.18209,5.21,5.21,SNPP,0,1,1
762,2012-07-12,2012-07-12,1,1,54.70933,-6.22652,54.70933,54.70933,-6.22652,-6.22652,2.04,2.04,SNPP,0,1,1
763,2012-07-12,2012-07-12,1,2,54.72012,-6.20228,54.71751,54.72274,-6.2064,-6.19815,1.62,3.24,SNPP,0,2,1
764,2012-07-12,2012-07-12,1,9,54.72469,-5.81414,54.71882,54.73001,-5.82378,-5.80133,5.93,17.8,SNPP,0,9,1
765,2012-07-12,2012-07-12,1,1,54.75251,-6.31752,54.75251,54.75251,-6.31752,-6.31752,1.34,1.34,SNPP,0,1,1
766,2012-07-12,2012-07-12,1,1,54.77053,-5.74978,54.77053,54.77053,-5.74978,-5.74978,1.52,1.52,SNPP,0,1,1
767,2012-07-12,2012-07-12,1,4,54.77873,-5.70689,54.77427,54.78236,-5.70885,-5.70507,0.68,2.46,SNPP,0,4,1
768,2012-07-12,2012-07-12,1,1,54.80871,-6.21327,54.80871,54.80871,-6.21327,-6.21327,1.35,1.35,SNPP,0,1,1
769,2012-07-12,2012-07-12,1,1,54.82582,-5.80971,54.82582,54.82582,-5.80971,-5.80971,0.87,0.87,SNPP,0,1,1
770,2012-07-12,2012-07-12,1,3,54.85632,-5.8115,54.84933,54.86046,-5.81507,-5.80645,0.84,2.38,SNPP,0,3,1
771,2012-07-12,2012-07-12,1,4,54.85908,-6.26027,54.85012,54.86357,-6.26993,-6.24989,2.32,7.22,SNPP,0,4,1
772,2012-07-12,2012-07-12,1,1,54.85764,-6.32268,54.85764,54.85764,-6.32268,-6.32268,0.74,0.74,SNPP,0,1,1
773,2012-07-12,2012-07-12,1,2,54.86138,-5.8428,54.86102,54.86173,-5.84595,-5.83965,1.89,2.9,SNPP,0,2,1
774,2012-07-12,2012-07-12,1,1,54.89152,-6.34673,54.89152,54.89152,-6.34673,-6.34673,0.79,0.79,SNPP,0,1,1
775,2012-07-12,2012-07-12,1,1,54.98212,-7.27894,54.98212,54.98212,-7.27894,-7.27894,1.06,1.06,SNPP,0,1,1
776,2012-07-12,2012-07-12,1,2,55.00243,-6.50534,55.00117,55.00369,-6.50719,-6.50349,2.35,4.29,SNPP,0,2,1
777,2012-07-12,2012-07-12,1,1,55.04727,-6.50055,55.04727,55.04727,-6.50055,-6.50055,1.15,1.15,SNPP,0,1,1
778,2012-07-15,2012-07-15,1,1,55.33715,-3.45593,55.33715,55.33715,-3.45593,-3.45593,0.41,0.41,SNPP,0,1,1
779,2012-07-18,2012-07-18,1,1,51.86552,0.82894,51.86552,51.86552,0.82894,0.82894,0.53,0.53,SNPP,0,1,1
780,2012-07-21,2012-07-21,1,1,52.22259,-1.93473,52.22259,52.22259,-1.93473,-1.93473,0.97,0.97,SNPP,0,1,1
781,2012-07-24,2012-07-24,1,3,53.775,-0.33262,53.77232,53.77659,-0.33404,-0.33064,14.79,20.09,SNPP,0,3,1
782,2012-07-24,2012-07-24,1,1,50.80258,-1.8682,50.80258,50.80258,-1.8682,-1.8682,2.09,2.09,SNPP,0,0,1
783,2012-07-24,2012-07-24,1,1,51.24086,-0.27473,51.24086,51.24086,-0.27473,-0.27473,2.32,2.32,SNPP,0,0,1
784,2012-07-25,2012-07-25,1,3,52.22218,-0.26152,52.21874,52.22455,-0.26288,-0.26072,1.46,3.67,SNPP,0,3,1
785,2012-07-25,2012-07-25,1,1,53.55192,-1.45855,53.55192,53.55192,-1.45855,-1.45855,0.59,0.59,SNPP,0,1,1
786,2012-07-26,2012-07-26,1,1,52.71145,-3.41206,52.71145,52.71145,-3.41206,-3.41206,2.56,2.56,SNPP,0,0,1
787,2012-07-27,2012-07-27,1,2,50.64642,-4.18364,50.64636,50.64647,-4.18381,-4.18347,0.69,1.12,SNPP,0,2,1
788,2012-07-27,2012-07-27,1,2,51.71984,0.54022,51.71875,51.72092,0.53924,0.5412,0.61,0.83,SNPP,0,2,1
789,2012-07-27,2012-07-27,1,1,51.74868,-0.64475,51.74868,51.74868,-0.64475,-0.64475,0.38,0.38,SNPP,0,1,1
790,2012-07-29,2012-07-29,1,1,51.03992,0.54971,51.03992,51.03992,0.54971,0.54971,1.51,1.51,SNPP,0,0,1
791,2012-07-30,2012-07-30,1,1,52.08572,0.58413,52.08572,52.08572,0.58413,0.58413,0.62,0.62,SNPP,0,1,1
792,2012-07-30,2012-07-30,1,1,51.47167,-3.16186,51.47167,51.47167,-3.16186,-3.16186,0.83,0.83,SNPP,0,1,1
793,2012-07-30,2012-07-30,1,1,51.28286,0.22768,51.28286,51.28286,0.22768,0.22768,2.11,2.11,SNPP,0,0,1
794,2012-07-30,2012-07-30,1,1,53.96048,-1.36398,53.96048,53.96048,-1.36398,-1.36398,1.77,1.77,SNPP,0,0,1
795,2012-07-31,2012-07-31,1,1,57.69631,-4.16147,57.69631,57.69631,-4.16147,-4.16147,3.9,3.9,SNPP,0,0,1
796,2012-08-01,2012-08-01,1,1,50.83036,-1.26733,50.83036,50.83036,-1.26733,-1.26733,0.38,0.38,SNPP,0,1,1
797,2012-08-01,2012-08-01,1,1,51.03942,0.54628,51.03942,51.03942,0.54628,0.54628,0.47,0.47,SNPP,0,1,1
798,2012-08-01,2012-08-01,1,1,52.70363,0.47319,52.70363,52.70363,0.47319,0.47319,0.3,0.3,SNPP,0,1,1
799,2012-08-03,2012-08-03,1,1,50.84111,-0.69456,50.84111,50.84111,-0.69456,-0.69456,0.48,0.48,SNPP,0,1,1
800,2012-08-04,2012-08-04,1,1,56.49672,-2.82769,56.49672,56.49672,-2.82769,-2.82769,1.52,1.52,SNPP,0,0,1
801,2012-08-05,2012-08-05,1,1,51.66833,-0.66732,51.66833,51.66833,-0.66732,-0.66732,3.04,3.04,SNPP,0,0,1
802,2012-08-08,2012-08-08,1,1,53.28473,-3.19588,53.28473,53.28473,-3.19588,-3.19588,2.56,2.56,SNPP,0,0,1
803,2012-08-09,2012-08-09,1,4,56.01612,-3.58709,56.01367,56.01938,-3.5922,-3.58145,12.21,30.2,SNPP,0,4,1
804,2012-08-09,2012-08-09,1,1,54.60069,-5.94272,54.60069,54.60069,-5.94272,-5.94272,1.1,1.1,SNPP,0,1,1
805,2012-08-09,2012-08-09,1,1,51.78474,-1.13606,51.78474,51.78474,-1.13606,-1.13606,3.79,3.79,SNPP,0,0,1
806,2012-08-10,2012-08-10,1,3,53.67275,-2.07812,53.67199,53.67377,-2.07932,-2.07752,0.86,2.29,SNPP,0,3,1
807,2012-08-10,2012-08-10,1,1,51.21317,-0.12125,51.21317,51.21317,-0.12125,-0.12125,2.81,2.81,SNPP,0,0,1
808,2012-08-10,2012-08-10,1,1,53.48152,-2.20047,53.48152,53.48152,-2.20047,-2.20047,2.31,2.31,SNPP,0,0,1
809,2012-08-11,2012-08-12,2,5,51.58502,0.67822,51.5831,51.58659,0.67505,0.68161,4.25,11.07,SNPP,0,3,2
810,2012-08-11,2012-08-11,1,1,53.50147,-2.85454,53.50147,53.50147,-2.85454,-2.85454,0.99,0.99,SNPP,0,1,1
811,2012-08-11,2012-08-11,1,1,54.10367,-3.18612,54.10367,54.10367,-3.18612,-3.18612,0.23,0.23,SNPP,0,1,1
812,2012-08-11,2012-08-11,1,4,54.99642,-7.30043,54.99074,55.00302,-7.31963,-7.28745,1.53,4.01,SNPP,0,4,1
813,2012-08-11,2012-08-11,1,1,51.05109,-1.24984,51.05109,51.05109,-1.24984,-1.24984,0.59,0.59,SNPP,0,1,1
814,2012-08-12,2012-08-12,1,2,52.43832,-0.79567,52.43669,52.43996,-0.79632,-0.79502,1.24,1.67,SNPP,0,2,1
815,2012-08-12,2012-08-12,1,1,52.99504,-0.85507,52.99504,52.99504,-0.85507,-0.85507,0.71,0.71,SNPP,0,1,1
816,2012-08-12,2012-08-12,1,1,53.08196,-1.67737,53.08196,53.08196,-1.67737,-1.67737,0.52,0.52,SNPP,0,1,1
817,2012-08-12,2012-08-12,1,2,51.75752,0.15132,51.75589,51.75914,0.15065,0.15198,0.47,0.94,SNPP,0,2,1
818,2012-08-12,2012-08-12,1,1,51.51698,0.14367,51.51698,51.51698,0.14367,0.14367,4.54,4.54,SNPP,0,0,1
819,2012-08-13,2012-08-13,1,1,51.50037,0.40915,51.50037,51.50037,0.40915,0.40915,0.6,0.6,SNPP,0,1,1
820,2012-08-13,2012-08-15,2,2,52.32965,-0.26262,52.3293,52.33,-0.26316,-0.26207,1.99,2.42,SNPP,0,2,3
821,2012-08-14,2012-08-14,1,1,53.00187,-1.98874,53.00187,53.00187,-1.98874,-1.98874,1.89,1.89,SNPP,0,1,1
822,2012-08-14,2012-08-14,1,1,51.16838,-2.92588,51.16838,51.16838,-2.92588,-2.92588,1.21,1.21,SNPP,0,0,1
823,2012-08-16,2012-08-16,1,1,52.52598,-1.61991,52.52598,52.52598,-1.61991,-1.61991,0.73,0.73,SNPP,0,1,1
824,2012-08-16,2012-08-16,1,1,54.61192,-1.20261,54.61192,54.61192,-1.20261,-1.20261,0.44,0.44,SNPP,0,1,1
825,2012-08-16,2012-08-16,1,1,54.98248,-7.31354,54.98248,54.98248,-7.31354,-7.31354,0.66,0.66,SNPP,0,1,1
826,2012-08-16,2012-08-16,1,1,52.32499,-1.0774,52.32499,52.32499,-1.0774,-1.0774,0.78,0.78,SNPP,0,1,1
827,2012-08-18,2012-08-18,1,1,52.58134,1.09351,52.58134,52.58134,1.09351,1.09351,4.62,4.62,SNPP,0,0,1
828,2012-08-19,2012-08-19,1,1,51.05369,-1.24517,51.05369,51.05369,-1.24517,-1.24517,0.68,0.68,SNPP,0,1,1
829,2012-08-19,2012-08-19,1,1,51.05747,-1.07475,51.05747,51.05747,-1.07475,-1.07475,1.05,1.05,SNPP,0,1,1
830,2012-08-19,2012-08-19,1,4,52.75762,1.2646,52.75504,52.76011,1.26138,1.26606,0.88,2.71,SNPP,0,4,1
831,2012-08-20,2012-08-20,1,1,50.81595,-0.73764,50.81595,50.81595,-0.73764,-0.73764,9.92,9.92,SNPP,0,0,1
832,2012-08-20,2012-08-20,1,1,51.4063,-3.54461,51.4063,51.4063,-3.54461,-3.54461,3.07,3.07,SNPP,0,0,1
833,2012-08-22,2012-08-22,1,3,51.86544,1.06568,51.86397,51.86755,1.06393,1.06677,2.38,5.97,SNPP,0,3,1
834,2012-08-22,2012-08-22,1,1,54.68943,-1.52889,54.68943,54.68943,-1.52889,-1.52889,0.3,0.3,SNPP,0,1,1
835,2012-08-22,2012-08-22,1,1,50.89799,-0.28895,50.89799,50.89799,-0.28895,-0.28895,0.22,0.22,SNPP,0,1,1
836,2012-08-22,2012-08-22,1,1,53.20291,-0.68,53.20291,53.20291,-0.68,-0.68,3.65,3.65,SNPP,0,1,1
837,2012-08-22,2012-08-22,1,1,54.10317,-3.18602,54.10317,54.10317,-3.18602,-3.18602,0.26,0.26,SNPP,0,1,1
838,2012-08-25,2012-08-25,1,3,51.79514,-1.78139,51.79222,51.79726,-1.78182,-1.78083,2.46,7.26,SNPP,0,3,1
839,2012-08-25,2012-08-25,1,2,52.47557,0.10904,52.47542,52.47572,0.10678,0.11129,2.13,4.24,SNPP,0,2,1
840,2012-08-25,2012-08-25,1,1,53.23927,0.3225,53.23927,53.23927,0.3225,0.3225,1.16,1.16,SNPP,0,1,1
841,2012-08-26,2012-08-26,1,1,50.6134,-4.412,50.6134,50.6134,-4.412,-4.412,1.1,1.1,SNPP,0,1,1
842,2012-08-27,2012-08-27,1,1,51.42105,0.50633,51.42105,51.42105,0.50633,0.50633,2.98,2.98,SNPP,0,1,1
843,2012-08-28,2012-08-28,1,1,54.10204,-3.18153,54.10204,54.10204,-3.18153,-3.18153,0.94,0.94,SNPP,0,1,1
844,2012-08-28,2012-08-28,1,1,52.00483,0.87003,52.00483,52.00483,0.87003,0.87003,1.21,1.21,SNPP,0,0,1
845,2012-08-29,2012-08-29,1,1,51.42598,0.31346,51.42598,51.42598,0.31346,0.31346,1.04,1.04,SNPP,0,1,1
846,2012-08-29,2012-08-29,1,1,51.67033,-0.35303,51.67033,51.67033,-0.35303,-0.35303,0.74,0.74,SNPP,0,1,1
847,2012-08-29,2012-08-29,1,2,52.09004,-0.14058,52.08823,52.09184,-0.1411,-0.14005,0.48,0.96,SNPP,0,2,1
848,2012-08-31,2012-08-31,1,1,51.2112,0.32093,51.2112,51.2112,0.32093,0.32093,1.05,1.05,SNPP,0,0,1
849,2012-09-01,2012-09-01,1,2,51.18089,1.35693,51.18032,51.18146,1.3562,1.35766,2.5,4.8,SNPP,0,2,1
850,2012-09-02,2012-09-02,1,2,50.55046,-2.4304,50.54883,50.5521,-2.43102,-2.42978,0.46,0.92,SNPP,0,2,1
851,2012-09-02,2012-09-02,1,1,53.29159,-2.38178,53.29159,53.29159,-2.38178,-2.38178,8.09,8.09,SNPP,0,0,1
852,2012-09-03,2012-09-03,1,2,52.76357,-2.99242,52.76295,52.76419,-2.99459,-2.99024,0.94,1.8,SNPP,0,2,1
853,2012-09-03,2012-09-03,1,2,56.60768,-2.62534,56.60732,56.60805,-2.6255,-2.62517,3.32,5.88,SNPP,0,0,1
854,2012-09-04,2012-09-04,1,1,51.3516,1.11777,51.3516,51.3516,1.11777,1.11777,1.98,1.98,SNPP,0,1,1
855,2012-09-04,2012-09-04,1,1,56.64798,-2.58708,56.64798,56.64798,-2.58708,-2.58708,2.1,2.1,SNPP,0,0,1
856,2012-09-04,2012-09-04,1,1,56.76045,-2.91835,56.76045,56.76045,-2.91835,-2.91835,2.93,2.93,SNPP,0,0,1
857,2012-09-05,2012-09-05,1,2,51.96466,0.34095,51.96415,51.96518,0.33872,0.34318,1.37,1.93,SNPP,0,2,1
858,2012-09-05,2012-09-05,1,1,53.56266,-1.08562,53.56266,53.56266,-1.08562,-1.08562,1.18,1.18,SNPP,0,1,1
859,2012-09-05,2012-09-05,1,2,50.84259,-0.33326,50.83952,50.84566,-0.33367,-0.33285,5.31,9.89,SNPP,0,0,1
860,2012-09-05,2012-09-05,1,1,53.51892,-1.02239,53.51892,53.51892,-1.02239,-1.02239,4.1,4.1,SNPP,0,0,1
861,2012-09-05,2012-09-07,2,3,57.5063,-2.0774,57.5038,57.50785,-2.08123,-2.07419,5.26,15.42,SNPP,0,0,3
862,2012-09-06,2012-09-06,1,1,54.1018,-3.1857,54.1018,54.1018,-3.1857,-3.1857,0.88,0.88,SNPP,0,1,1
863,2012-09-06,2012-09-06,1,1,50.98589,-1.76866,50.98589,50.98589,-1.76866,-1.76866,3.63,3.63,SNPP,0,0,1
864,2012-09-06,2012-09-06,1,1,51.33849,0.83455,51.33849,51.33849,0.83455,0.83455,6.24,6.24,SNPP,0,0,1
865,2012-09-06,2012-09-06,1,1,54.09098,-1.56237,54.09098,54.09098,-1.56237,-1.56237,10.49,10.49,SNPP,0,0,1
866,2012-09-06,2012-09-06,1,1,53.06359,-1.20822,53.06359,53.06359,-1.20822,-1.20822,10.81,10.81,SNPP,0,0,1
867,2012-09-07,2012-09-07,1,1,51.21726,1.35323,51.21726,51.21726,1.35323,1.35323,0.46,0.46,SNPP,0,1,1
868,2012-09-07,2012-09-07,1,1,51.44928,-0.67044,51.44928,51.44928,-0.67044,-0.67044,1.0,1.0,SNPP,0,1,1
869,2012-09-07,2012-09-07,1,1,51.46946,-3.15449,51.46946,51.46946,-3.15449,-3.15449,0.58,0.58,SNPP,0,1,1
870,2012-09-07,2012-09-07,1,1,51.81532,1.09316,51.81532,51.81532,1.09316,1.09316,2.33,2.33,SNPP,0,1,1
871,2012-09-07,2012-09-07,1,1,52.37785,-1.2863,52.37785,52.37785,-1.2863,-1.2863,0.5,0.5,SNPP,0,1,1
872,2012-09-07,2012-09-07,1,1,53.40153,-1.48851,53.40153,53.40153,-1.48851,-1.48851,0.25,0.25,SNPP,0,1,1
873,2012-09-07,2012-09-07,1,1,53.58514,-1.47501,53.58514,53.58514,-1.47501,-1.47501,0.76,0.76,SNPP,0,1,1
874,2012-09-07,2012-09-07,1,1,51.82588,1.21787,51.82588,51.82588,1.21787,1.21787,3.56,3.56,SNPP,0,0,1
875,2012-09-07,2012-09-07,1,1,52.7228,-2.43921,52.7228,52.7228,-2.43921,-2.43921,5.19,5.19,SNPP,0,0,1
876,2012-09-07,2012-09-07,1,1,50.83627,-2.04735,50.83627,50.83627,-2.04735,-2.04735,2.65,2.65,SNPP,0,0,1
877,2012-09-07,2012-09-07,1,1,51.52481,-1.51871,51.52481,51.52481,-1.51871,-1.51871,3.1,3.1,SNPP,0,0,1
878,2012-09-07,2012-09-07,1,1,53.25441,0.28984,53.25441,53.25441,0.28984,0.28984,1.93,1.93,SNPP,0,0,1
879,2012-09-07,2012-09-07,1,2,56.65084,-2.61529,56.64935,56.65232,-2.61578,-2.6148,4.41,7.14,SNPP,0,0,1
880,2012-09-07,2012-09-07,1,1,57.41273,-2.20809,57.41273,57.41273,-2.20809,-2.20809,1.54,1.54,SNPP,0,0,1
881,2012-09-08,2012-09-08,1,1,51.30507,0.23632,51.30507,51.30507,0.23632,0.23632,1.02,1.02,SNPP,0,1,1
882,2012-09-08,2012-09-08,1,1,51.30896,0.63231,51.30896,51.30896,0.63231,0.63231,0.64,0.64,SNPP,0,1,1
883,2012-09-08,2012-09-08,1,3,51.7901,1.08636,51.7879,51.79124,1.08481,1.08816,1.85,4.63,SNPP,0,3,1
884,2012-09-08,2012-09-08,1,1,52.07561,-0.52338,52.07561,52.07561,-0.52338,-0.52338,0.65,0.65,SNPP,0,1,1
885,2012-09-08,2012-09-08,1,2,53.50737,-1.2473,53.50535,53.50939,-1.24755,-1.24705,1.58,2.87,SNPP,0,2,1
886,2012-09-08,2012-09-08,1,1,52.47944,-1.31368,52.47944,52.47944,-1.31368,-1.31368,3.06,3.06,SNPP,0,0,1
887,2012-09-08,2012-09-08,1,1,54.93565,-5.91258,54.93565,54.93565,-5.91258,-5.91258,2.93,2.93,SNPP,0,0,1
888,2012-09-09,2012-09-09,1,2,51.41796,0.88083,51.41688,51.41903,0.88078,0.88088,1.03,1.99,SNPP,0,2,1
889,2012-09-09,2012-09-09,1,1,52.46262,-1.16486,52.46262,52.46262,-1.16486,-1.16486,0.65,0.65,SNPP,0,1,1
890,2012-09-09,2012-09-09,1,3,52.56489,1.67724,52.56295,52.56656,1.67596,1.67842,1.59,4.63,SNPP,0,3,1
891,2012-09-09,2012-09-09,1,2,53.7449,-0.96713,53.74444,53.74537,-0.96785,-0.96641,0.87,1.25,SNPP,0,2,1
892,2012-09-09,2012-09-09,1,2,52.31145,0.89503,52.30933,52.31357,0.89463,0.89543,2.36,4.72,SNPP,0,0,1
893,2012-09-10,2012-09-10,1,1,53.19081,-0.45961,53.19081,53.19081,-0.45961,-0.45961,1.95,1.95,SNPP,0,1,1
894,2012-09-10,2012-09-10,1,1,50.9874,0.65911,50.9874,50.9874,0.65911,0.65911,1.49,1.49,SNPP,0,0,1
895,2012-09-10,2012-09-10,1,1,51.24923,0.59371,51.24923,51.24923,0.59371,0.59371,2.89,2.89,SNPP,0,0,1
896,2012-09-11,2012-09-11,1,1,51.07519,-1.67536,51.07519,51.07519,-1.67536,-1.67536,2.79,2.79,SNPP,0,0,1
897,2012-09-11,2012-09-11,1,1,52.38612,-2.43691,52.38612,52.38612,-2.43691,-2.43691,2.66,2.66,SNPP,0,0,1
898,2012-09-11,2012-09-11,1,1,52.85836,1.11091,52.85836,52.85836,1.11091,1.11091,6.07,6.07,SNPP,0,0,1
899,2012-09-11,2012-09-11,1,1,53.1116,0.14209,53.1116,53.1116,0.14209,0.14209,2.98,2.98,SNPP,0,0,1
900,2012-09-11,2012-09-11,1,1,55.89666,-3.4401,55.89666,55.89666,-3.4401,-3.4401,4.78,4.78,SNPP,0,0,1
901,2012-09-12,2012-09-12,1,3,54.31194,-0.43552,54.31027,54.31333,-0.43786,-0.43133,1.85,5.05,SNPP,0,3,1
902,2012-09-12,2012-09-12,1,1,51.63361,-1.25626,51.63361,51.63361,-1.25626,-1.25626,0.6,0.6,SNPP,0,1,1
903,2012-09-13,2012-09-13,1,1,51.19166,0.97962,51.19166,51.19166,0.97962,0.97962,3.26,3.26,SNPP,0,0,1
904,2012-09-15,2012-09-15,1,2,53.76485,-0.95581,53.76405,53.76565,-0.95688,-0.95474,1.9,3.37,SNPP,0,2,1
905,2012-09-15,2012-09-15,1,1,51.30696,0.63078,51.30696,51.30696,0.63078,0.63078,0.5,0.5,SNPP,0,1,1
906,2012-09-15,2012-09-15,1,1,52.54092,-2.17583,52.54092,52.54092,-2.17583,-2.17583,0.8,0.8,SNPP,0,1,1
907,2012-09-15,2012-09-15,1,2,51.29848,-1.14371,51.29675,51.3002,-1.14423,-1.14319,44.57,89.14,SNPP,0,0,1
908,2012-09-15,2012-09-15,1,1,54.72406,-1.42656,54.72406,54.72406,-1.42656,-1.42656,2.04,2.04,SNPP,0,0,1
909,2012-09-15,2012-09-15,1,3,57.00589,-2.87971,57.00417,57.00851,-2.88406,-2.87696,54.92,73.6,SNPP,0,0,1
910,2012-09-16,2012-09-16,1,1,53.39496,-0.58473,53.39496,53.39496,-0.58473,-0.58473,1.12,1.12,SNPP,0,1,1
911,2012-09-17,2012-09-17,1,5,52.59499,0.08707,52.59225,52.59719,0.08242,0.09118,4.62,17.98,SNPP,0,5,1
912,2012-09-17,2012-09-19,3,10,52.94359,-1.30071,52.94202,52.94538,-1.30535,-1.29556,20.83,50.15,SNPP,0,8,3
913,2012-09-17,2012-09-17,1,1,56.58342,-2.81394,56.58342,56.58342,-2.81394,-2.81394,1.76,1.76,SNPP,0,1,1
914,2012-09-17,2012-09-18,2,3,52.00524,-2.47383,52.00267,52.00694,-2.47571,-2.47276,3.69,7.79,SNPP,0,1,2
915,2012-09-17,2012-09-17,1,1,52.6806,0.22235,52.6806,52.6806,0.22235,0.22235,1.62,1.62,SNPP,0,1,1
916,2012-09-17,2012-09-17,1,1,54.82813,-1.35163,54.82813,54.82813,-1.35163,-1.35163,2.66,2.66,SNPP,0,0,1
917,2012-09-18,2012-09-18,1,1,52.38913,-0.53915,52.38913,52.38913,-0.53915,-0.53915,1.17,1.17,SNPP,0,1,1
918,2012-09-18,2012-09-18,1,2,52.77928,-0.97846,52.77909,52.77948,-0.98085,-0.97607,4.36,4.97,SNPP,0,2,1
919,2012-09-18,2012-09-18,1,1,51.31043,0.63064,51.31043,51.31043,0.63064,0.63064,0.77,0.77,SNPP,0,1,1
920,2012-09-18,2012-09-18,1,1,50.89401,-4.08627,50.89401,50.89401,-4.08627,-4.08627,2.68,2.68,SNPP,0,0,1
921,2012-09-18,2012-09-18,1,1,51.68099,0.45628,51.68099,51.68099,0.45628,0.45628,3.62,3.62,SNPP,0,0,1
922,2012-09-18,2012-09-18,1,1,52.96057,-0.91602,52.96057,52.96057,-0.91602,-0.91602,2.48,2.48,SNPP,0,0,1
923,2012-09-18,2012-09-18,1,1,53.35071,-0.72534,53.35071,53.35071,-0.72534,-0.72534,15.83,15.83,SNPP,0,0,1
924,2012-09-18,2012-09-18,1,2,50.87546,0.3439,50.8751,50.87581,0.34225,0.34555,4.46,7.74,SNPP,0,0,1
925,2012-09-18,2012-09-18,1,1,51.2322,-0.94782,51.2322,51.2322,-0.94782,-0.94782,2.33,2.33,SNPP,0,0,1
926,2012-09-18,2012-09-18,1,1,52.86728,-1.10536,52.86728,52.86728,-1.10536,-1.10536,5.09,5.09,SNPP,0,0,1
927,2012-09-18,2012-09-18,1,2,53.21098,-0.5344,53.20815,53.2138,-0.53448,-0.53432,3.55,6.53,SNPP,0,0,1
928,2012-09-19,2012-09-19,1,2,54.01028,-0.55502,54.00882,54.01174,-0.55741,-0.55263,4.71,6.05,SNPP,0,2,1
929,2012-09-19,2012-09-19,1,1,56.33538,-3.68083,56.33538,56.33538,-3.68083,-3.68083,5.01,5.01,SNPP,0,0,1
930,2012-09-20,2012-09-20,1,2,51.39182,0.3484,51.39164,51.39201,0.34535,0.35144,2.83,5.59,SNPP,0,2,1
931,2012-09-20,2012-09-20,1,1,51.21533,0.88164,51.21533,51.21533,0.88164,0.88164,3.41,3.41,SNPP,0,0,1
932,2012-09-20,2012-09-20,1,1,51.61443,0.95294,51.61443,51.61443,0.95294,0.95294,4.82,4.82,SNPP,0,0,1
933,2012-09-22,2012-09-23,2,6,51.12499,-1.31131,51.12218,51.12687,-1.3167,-1.30836,7.76,29.54,SNPP,0,5,2
934,2012-09-22,2012-09-22,1,1,54.59543,-1.18577,54.59543,54.59543,-1.18577,-1.18577,1.62,1.62,SNPP,0,1,1
935,2012-09-22,2012-09-22,1,1,51.09072,-0.38835,51.09072,51.09072,-0.38835,-0.38835,1.76,1.76,SNPP,0,0,1
936,2012-09-22,2012-09-22,1,1,51.63652,0.54265,51.63652,51.63652,0.54265,0.54265,1.87,1.87,SNPP,0,0,1
937,2012-09-22,2012-09-22,1,1,52.7819,-1.04101,52.7819,52.7819,-1.04101,-1.04101,2.1,2.1,SNPP,0,0,1
938,2012-09-22,2012-09-22,1,1,51.26779,-1.17085,51.26779,51.26779,-1.17085,-1.17085,6.23,6.23,SNPP,0,0,1
939,2012-09-23,2012-09-23,1,1,52.41241,-1.27504,52.41241,52.41241,-1.27504,-1.27504,4.86,4.86,SNPP,0,1,1
940,2012-09-23,2012-09-23,1,1,53.01921,-0.38486,53.01921,53.01921,-0.38486,-0.38486,6.47,6.47,SNPP,0,1,1
941,2012-09-26,2012-09-26,1,1,52.30243,0.57261,52.30243,52.30243,0.57261,0.57261,2.68,2.68,SNPP,0,1,1
942,2012-09-26,2012-09-26,1,1,52.31927,0.59815,52.31927,52.31927,0.59815,0.59815,3.81,3.81,SNPP,0,1,1
943,2012-09-27,2012-09-27,1,1,52.52861,0.09856,52.52861,52.52861,0.09856,0.09856,2.6,2.6,SNPP,0,0,1
944,2012-09-29,2012-09-29,1,1,52.03587,-3.01859,52.03587,52.03587,-3.01859,-3.01859,1.4,1.4,SNPP,0,1,1
945,2012-09-29,2012-09-29,1,1,52.87259,-0.83846,52.87259,52.87259,-0.83846,-0.83846,0.46,0.46,SNPP,0,1,1
946,2012-09-29,2012-09-29,1,1,53.73665,-1.15665,53.73665,53.73665,-1.15665,-1.15665,0.47,0.47,SNPP,0,1,1
947,2012-09-29,2012-09-29,1,1,53.85745,-0.5615,53.85745,53.85745,-0.5615,-0.5615,1.63,1.63,SNPP,0,1,1
948,2012-09-29,2012-09-29,1,1,54.10217,-3.18205,54.10217,54.10217,-3.18205,-3.18205,0.4,0.4,SNPP,0,1,1
949,2012-09-29,2012-09-29,1,1,58.29205,-3.30324,58.29205,58.29205,-3.30324,-3.30324,0.63,0.63,SNPP,0,1,1
950,2012-09-29,2012-09-29,1,1,51.06178,0.5043,51.06178,51.06178,0.5043,0.5043,1.49,1.49,SNPP,0,0,1
951,2012-09-29,2012-09-29,1,1,56.39102,-3.00046,56.39102,56.39102,-3.00046,-3.00046,5.37,5.37,SNPP,0,0,1
952,2012-09-30,2012-09-30,1,1,52.468,-1.44981,52.468,52.468,-1.44981,-1.44981,0.89,0.89,SNPP,0,1,1
953,2012-10-01,2012-10-01,1,1,55.78368,-2.56474,55.78368,55.78368,-2.56474,-2.56474,9.42,9.42,SNPP,0,0,1
954,2012-10-02,2012-10-02,1,2,57.40369,-2.26126,57.40357,57.40381,-2.26626,-2.25626,9.21,16.19,SNPP,0,0,1
955,2012-10-03,2012-10-03,1,1,52.64134,-1.29755,52.64134,52.64134,-1.29755,-1.29755,0.6,0.6,SNPP,0,1,1
956,2012-10-03,2012-10-03,1,1,52.6382,-0.08503,52.6382,52.6382,-0.08503,-0.08503,4.14,4.14,SNPP,0,0,1
957,2012-10-03,2012-10-03,1,1,52.70332,-0.15338,52.70332,52.70332,-0.15338,-0.15338,3.52,3.52,SNPP,0,0,1
958,2012-10-04,2012-10-04,1,1,58.29099,-3.30201,58.29099,58.29099,-3.30201,-3.30201,0.7,0.7,SNPP,0,1,1
959,2012-10-04,2012-10-04,1,1,51.2103,-0.51849,51.2103,51.2103,-0.51849,-0.51849,5.61,5.61,SNPP,0,0,1
960,2012-10-04,2012-10-04,1,1,57.36222,-3.82598,57.36222,57.36222,-3.82598,-3.82598,5.1,5.1,SNPP,0,0,1
961,2012-10-04,2012-10-04,1,1,54.35144,-1.02192,54.35144,54.35144,-1.02192,-1.02192,3.68,3.68,SNPP,0,0,1
962,2012-10-06,2012-10-06,1,2,56.92981,-2.89493,56.92883,56.93079,-2.8953,-2.89456,2.89,5.51,SNPP,0,0,1
963,2012-10-07,2012-10-09,3,7,52.60506,0.29783,52.60321,52.60677,0.29639,0.29926,9.12,31.58,SNPP,0,6,3
964,2012-10-07,2012-10-07,1,5,53.04573,-1.15726,53.04452,53.04667,-1.15997,-1.15447,2.28,8.98,SNPP,0,4,1
965,2012-10-07,2012-10-07,1,3,53.60351,-2.44742,53.60049,53.60611,-2.44835,-2.44628,3.13,5.97,SNPP,0,3,1
966,2012-10-07,2012-10-07,1,3,51.41413,0.30621,51.41357,51.41467,0.3035,0.31045,2.22,5.36,SNPP,0,3,1
967,2012-10-07,2012-10-07,1,1,54.36895,-1.11992,54.36895,54.36895,-1.11992,-1.11992,2.28,2.28,SNPP,0,0,1
968,2012-10-07,2012-10-07,1,1,54.33456,-1.25365,54.33456,54.33456,-1.25365,-1.25365,2.21,2.21,SNPP,0,0,1
969,2012-10-07,2012-10-07,1,2,54.3607,-1.09084,54.36029,54.36111,-1.09379,-1.08789,3.28,6.27,SNPP,0,0,1
970,2012-10-07,2012-10-07,1,1,54.36351,-0.8669,54.36351,54.36351,-0.8669,-0.8669,4.48,4.48,SNPP,0,0,1
971,2012-10-07,2012-10-07,1,1,54.41654,-0.98976,54.41654,54.41654,-0.98976,-0.98976,1.91,1.91,SNPP,0,0,1
972,2012-10-08,2012-10-08,1,1,58.29433,-3.30406,58.29433,58.29433,-3.30406,-3.30406,0.39,0.39,SNPP,0,1,1
973,2012-10-08,2012-10-08,1,1,54.95332,-2.2862,54.95332,54.95332,-2.2862,-2.2862,3.1,3.1,SNPP,0,0,1
974,2012-10-09,2012-10-09,1,1,57.11106,-3.15981,57.11106,57.11106,-3.15981,-3.15981,3.25,3.25,SNPP,0,0,1
975,2012-10-09,2012-10-09,1,1,54.09235,-1.56375,54.09235,54.09235,-1.56375,-1.56375,2.7,2.7,SNPP,0,0,1
976,2012-10-09,2012-10-09,1,2,54.40146,-1.112,54.40008,54.40285,-1.11312,-1.11088,7.93,13.34,SNPP,0,0,1
977,2012-10-09,2012-10-09,1,1,54.45376,-1.01052,54.45376,54.45376,-1.01052,-1.01052,3.24,3.24,SNPP,0,0,1
978,2012-10-10,2012-10-10,1,1,53.56493,-0.53195,53.56493,53.56493,-0.53195,-0.53195,1.16,1.16,SNPP,0,1,1
979,2012-10-10,2012-10-10,1,1,56.83676,-2.81302,56.83676,56.83676,-2.81302,-2.81302,2.73,2.73,SNPP,0,0,1
980,2012-10-10,2012-10-10,1,1,57.33295,-2.48366,57.33295,57.33295,-2.48366,-2.48366,6.67,6.67,SNPP,0,0,1
981,2012-10-10,2012-10-10,1,1,54.38708,-0.67384,54.38708,54.38708,-0.67384,-0.67384,5.47,5.47,SNPP,0,0,1
982,2012-10-10,2012-10-10,1,1,55.53669,-2.72403,55.53669,55.53669,-2.72403,-2.72403,4.3,4.3,SNPP,0,0,1
983,2012-10-10,2012-10-10,1,1,55.62413,-2.54469,55.62413,55.62413,-2.54469,-2.54469,7.47,7.47,SNPP,0,0,1
984,2012-10-10,2012-10-10,1,1,56.62664,-3.14108,56.62664,56.62664,-3.14108,-3.14108,2.4,2.4,SNPP,0,0,1
985,2012-10-10,2012-10-10,1,2,56.69989,-3.46733,56.6997,56.70008,-3.4677,-3.46696,3.4,5.67,SNPP,0,0,1
986,2012-10-10,2012-10-10,1,1,56.78996,-3.09097,56.78996,56.78996,-3.09097,-3.09097,2.47,2.47,SNPP,0,0,1
987,2012-10-10,2012-10-10,1,2,56.82103,-3.1913,56.8209,56.82116,-3.1925,-3.19009,5.84,10.8,SNPP,0,0,1
988,2012-10-10,2012-10-10,1,3,56.94984,-2.82161,56.94764,56.95221,-2.8226,-2.82058,12.8,20.26,SNPP,0,0,1
989,2012-10-10,2012-10-10,1,1,57.37054,-3.84219,57.37054,57.37054,-3.84219,-3.84219,4.39,4.39,SNPP,0,0,1
990,2012-10-10,2012-10-10,1,1,57.37726,-3.32062,57.37726,57.37726,-3.32062,-3.32062,5.24,5.24,SNPP,0,0,1
991,2012-10-10,2012-10-10,1,1,57.49794,-3.38225,57.49794,57.49794,-3.38225,-3.38225,4.58,4.58,SNPP,0,0,1
992,2012-10-12,2012-10-12,1,2,51.58196,-3.05278,51.58069,51.58324,-3.05308,-3.05249,0.75,1.45,SNPP,0,2,1
993,2012-10-12,2012-10-12,1,1,50.73262,-1.2875,50.73262,50.73262,-1.2875,-1.2875,2.88,2.88,SNPP,0,0,1
994,2012-10-13,2012-10-13,1,2,51.48226,-2.45658,51.48199,51.48252,-2.45691,-2.45625,1.77,3.28,SNPP,0,2,1
995,2012-10-13,2012-10-13,1,1,53.36488,-1.17379,53.36488,53.36488,-1.17379,-1.17379,3.31,3.31,SNPP,0,0,1
996,2012-10-14,2012-10-14,1,1,52.68801,-2.07012,52.68801,52.68801,-2.07012,-2.07012,1.04,1.04,SNPP,0,1,1
997,2012-10-18,2012-10-18,1,1,52.05592,-4.4615,52.05592,52.05592,-4.4615,-4.4615,0.61,0.61,SNPP,0,1,1
998,2012-10-18,2012-10-18,1,1,52.88401,-4.08031,52.88401,52.88401,-4.08031,-4.08031,3.17,3.17,SNPP,0,0,1
999,2012-10-19,2012-10-21,3,7,52.8235,-0.20267,52.82105,52.82489,-0.2047,-0.20015,7.4,23.49,SNPP,0,6,3
1000,2012-10-20,2012-10-20,1,1,53.49035,-0.98623,53.49035,53.49035,-0.98623,-0.98623,0.43,0.43,SNPP,0,1,1
1001,2012-10-20,2012-10-20,1,1,51.28993,-2.77902,51.28993,51.28993,-2.77902,-2.77902,0.58,0.58,SNPP,0,1,1
1002,2012-10-21,2012-10-21,1,1,53.7704,-1.4525,53.7704,53.7704,-1.4525,-1.4525,0.57,0.57,SNPP,0,1,1
1003,2012-10-27,2012-10-27,1,1,53.4607,-1.70163,53.4607,53.4607,-1.70163,-1.70163,2.5,2.5,SNPP,0,0,1
1004,2012-10-27,2012-10-27,1,3,53.94502,-2.66213,53.9444,53.94554,-2.66707,-2.65965,38.8,82.53,SNPP,0,0,1
1005,2012-10-27,2012-10-27,1,1,54.02474,-2.55568,54.02474,54.02474,-2.55568,-2.55568,3.67,3.67,SNPP,0,0,1
1006,2012-10-28,2012-10-28,1,1,53.08765,-1.06273,53.08765,53.08765,-1.06273,-1.06273,1.39,1.39,SNPP,0,1,1
1007,2012-10-28,2012-10-28,1,2,53.46457,0.03314,53.46435,53.46479,0.02895,0.03734,2.3,3.68,SNPP,0,2,1
1008,2012-10-28,2012-10-28,1,1,51.21377,-0.06232,51.21377,51.21377,-0.06232,-0.06232,0.52,0.52,SNPP,0,1,1
1009,2012-10-31,2012-10-31,1,1,51.21376,-0.05954,51.21376,51.21376,-0.05954,-0.05954,0.58,0.58,SNPP,0,1,1
1010,2012-11-03,2012-11-03,1,2,52.37992,0.47182,52.37878,52.38105,0.4711,0.47254,0.7,1.27,SNPP,0,2,1
1011,2012-11-03,2012-11-03,1,2,52.69314,-0.01614,52.69299,52.69328,-0.01873,-0.01356,1.05,1.88,SNPP,0,2,1
1012,2012-11-03,2012-11-03,1,2,52.9863,-2.36813,52.98607,52.98652,-2.37097,-2.36529,1.64,3.12,SNPP,0,2,1
1013,2012-11-03,2012-11-03,1,3,53.2875,-0.54555,53.28658,53.28884,-0.54723,-0.5436,1.2,3.5,SNPP,0,3,1
1014,2012-11-03,2012-11-03,1,2,53.43376,-0.7632,53.43276,53.43476,-0.76422,-0.76218,0.7,1.01,SNPP,0,2,1
1015,2012-11-03,2012-11-03,1,1,51.48973,-2.03908,51.48973,51.48973,-2.03908,-2.03908,0.78,0.78,SNPP,0,1,1
1016,2012-11-03,2012-11-03,1,2,51.75952,0.48578,51.75909,51.75996,0.48504,0.48652,1.25,2.45,SNPP,0,2,1
1017,2012-11-03,2012-11-03,1,1,51.43552,-3.23379,51.43552,51.43552,-3.23379,-3.23379,0.51,0.51,SNPP,0,1,1
1018,2012-11-03,2012-11-03,1,1,52.32544,-2.0395,52.32544,52.32544,-2.0395,-2.0395,0.9,0.9,SNPP,0,1,1
1019,2012-11-03,2012-11-03,1,2,52.41798,-2.23602,52.41609,52.41987,-2.23724,-2.2348,0.96,1.59,SNPP,0,2,1
1020,2012-11-03,2012-11-03,1,1,53.19843,-0.59842,53.19843,53.19843,-0.59842,-0.59842,0.62,0.62,SNPP,0,1,1
1021,2012-11-03,2012-11-04,2,2,53.80905,-2.83204,53.80843,53.80967,-2.83262,-2.83146,4.25,5.56,SNPP,0,2,2
1022,2012-11-03,2012-11-03,1,1,51.61042,-0.44084,51.61042,51.61042,-0.44084,-0.44084,7.24,7.24,SNPP,0,0,1
1023,2012-11-04,2012-11-04,1,2,52.34383,-1.0017,52.34237,52.34529,-1.00269,-1.00072,2.13,3.57,SNPP,0,2,1
1024,2012-11-04,2012-11-04,1,1,52.3798,0.42183,52.3798,52.3798,0.42183,0.42183,1.09,1.09,SNPP,0,1,1
1025,2012-11-04,2012-11-04,1,2,52.88612,-2.85636,52.88507,52.88717,-2.85807,-2.85465,1.01,1.78,SNPP,0,2,1
1026,2012-11-04,2012-11-04,1,2,52.89528,-1.287,52.89396,52.8966,-1.28744,-1.28655,1.96,2.95,SNPP,0,2,1
1027,2012-11-04,2012-11-04,1,3,52.95324,-1.08198,52.95293,52.95364,-1.08402,-1.07934,1.93,5.49,SNPP,0,3,1
1028,2012-11-04,2012-11-04,1,2,53.01424,-0.38938,53.01391,53.01458,-0.39219,-0.38658,1.7,3.14,SNPP,0,2,1
1029,2012-11-04,2012-11-05,2,7,53.03015,-2.37288,53.02613,53.03325,-2.37536,-2.36897,3.94,16.16,SNPP,0,7,2
1030,2012-11-04,2012-11-04,1,6,53.69334,-1.10949,53.68829,53.70048,-1.11486,-1.10117,3.07,10.9,SNPP,0,6,1
1031,2012-11-04,2012-11-04,1,2,53.70977,-0.53954,53.70912,53.71042,-0.54137,-0.53771,16.76,20.96,SNPP,0,2,1
1032,2012-11-04,2012-11-04,1,2,53.78698,-2.90841,53.78625,53.7877,-2.91003,-2.90679,2.82,4.38,SNPP,0,2,1
1033,2012-11-04,2012-11-06,2,2,51.73952,0.03596,51.73894,51.74011,0.03557,0.03634,1.77,2.28,SNPP,0,2,3
1034,2012-11-04,2012-11-04,1,1,52.59673,-1.33861,52.59673,52.59673,-1.33861,-1.33861,0.91,0.91,SNPP,0,1,1
1035,2012-11-04,2012-11-05,2,2,52.59902,-1.90092,52.59893,52.59911,-1.90114,-1.90071,3.26,3.67,SNPP,0,2,2
1036,2012-11-04,2012-11-04,1,1,52.66589,-2.41324,52.66589,52.66589,-2.41324,-2.41324,0.57,0.57,SNPP,0,1,1
1037,2012-11-04,2012-11-04,1,1,52.76442,-1.41307,52.76442,52.76442,-1.41307,-1.41307,0.7,0.7,SNPP,0,1,1
1038,2012-11-04,2012-11-04,1,1,52.78171,-0.8602,52.78171,52.78171,-0.8602,-0.8602,1.35,1.35,SNPP,0,1,1
1039,2012-11-04,2012-11-04,1,1,52.94367,-0.00624,52.94367,52.94367,-0.00624,-0.00624,1.23,1.23,SNPP,0,1,1
1040,2012-11-04,2012-11-04,1,1,52.99572,-1.97186,52.99572,52.99572,-1.97186,-1.97186,0.54,0.54,SNPP,0,1,1
1041,2012-11-04,2012-11-04,1,1,53.11632,-1.18907,53.11632,53.11632,-1.18907,-1.18907,0.8,0.8,SNPP,0,1,1
1042,2012-11-04,2012-11-04,1,2,53.11944,-0.19813,53.11877,53.12012,-0.20142,-0.19484,1.07,2.14,SNPP,0,2,1
1043,2012-11-04,2012-11-04,1,1,53.15049,-2.26001,53.15049,53.15049,-2.26001,-2.26001,2.16,2.16,SNPP,0,1,1
1044,2012-11-04,2012-11-04,1,1,53.21105,-2.08443,53.21105,53.21105,-2.08443,-2.08443,0.75,0.75,SNPP,0,1,1
1045,2012-11-04,2012-11-04,1,1,53.22604,-0.208,53.22604,53.22604,-0.208,-0.208,24.28,24.28,SNPP,0,1,1
1046,2012-11-04,2012-11-04,1,1,53.30504,-1.50428,53.30504,53.30504,-1.50428,-1.50428,0.69,0.69,SNPP,0,1,1
1047,2012-11-04,2012-11-04,1,1,53.36168,-2.33294,53.36168,53.36168,-2.33294,-2.33294,0.19,0.19,SNPP,0,1,1
1048,2012-11-04,2012-11-04,1,1,53.468,-2.53793,53.468,53.468,-2.53793,-2.53793,1.74,1.74,SNPP,0,1,1
1049,2012-11-04,2012-11-04,1,1,53.51248,-2.62348,53.51248,53.51248,-2.62348,-2.62348,1.25,1.25,SNPP,0,1,1
1050,2012-11-04,2012-11-04,1,1,53.52248,-2.05799,53.52248,53.52248,-2.05799,-2.05799,1.13,1.13,SNPP,0,1,1
1051,2012-11-04,2012-11-04,1,1,53.54122,-1.49163,53.54122,53.54122,-1.49163,-1.49163,0.56,0.56,SNPP,0,1,1
1052,2012-11-04,2012-11-04,1,1,53.5801,-2.1526,53.5801,53.5801,-2.1526,-2.1526,0.65,0.65,SNPP,0,1,1
1053,2012-11-04,2012-11-04,1,1,53.59099,-2.0942,53.59099,53.59099,-2.0942,-2.0942,1.49,1.49,SNPP,0,1,1
1054,2012-11-04,2012-11-04,1,1,53.61476,-1.47168,53.61476,53.61476,-1.47168,-1.47168,0.49,0.49,SNPP,0,1,1
1055,2012-11-04,2012-11-04,1,1,53.62977,-2.28406,53.62977,53.62977,-2.28406,-2.28406,0.41,0.41,SNPP,0,1,1
1056,2012-11-04,2012-11-04,1,1,53.71847,-2.31607,53.71847,53.71847,-2.31607,-2.31607,3.42,3.42,SNPP,0,1,1
1057,2012-11-04,2012-11-04,1,1,53.74717,-2.66996,53.74717,53.74717,-2.66996,-2.66996,0.46,0.46,SNPP,0,1,1
1058,2012-11-04,2012-11-04,1,1,53.77422,-1.42457,53.77422,53.77422,-1.42457,-1.42457,1.91,1.91,SNPP,0,1,1
1059,2012-11-04,2012-11-04,1,1,54.13486,-1.14358,54.13486,54.13486,-1.14358,-1.14358,0.47,0.47,SNPP,0,1,1
1060,2012-11-05,2012-11-05,1,1,52.67307,-2.12801,52.67307,52.67307,-2.12801,-2.12801,1.02,1.02,SNPP,0,1,1
1061,2012-11-05,2012-11-05,1,1,52.68268,-2.05213,52.68268,52.68268,-2.05213,-2.05213,2.75,2.75,SNPP,0,1,1
1062,2012-11-05,2012-11-05,1,1,53.15221,-2.3944,53.15221,53.15221,-2.3944,-2.3944,0.99,0.99,SNPP,0,1,1
1063,2012-11-05,2012-11-05,1,1,53.56766,-2.90104,53.56766,53.56766,-2.90104,-2.90104,0.62,0.62,SNPP,0,1,1
1064,2012-11-05,2012-11-05,1,1,53.5848,-1.47311,53.5848,53.5848,-1.47311,-1.47311,0.77,0.77,SNPP,0,1,1
1065,2012-11-05,2012-11-05,1,2,53.60113,-2.51164,53.59993,53.60233,-2.5152,-2.50807,3.16,4.76,SNPP,0,2,1
1066,2012-11-05,2012-11-05,1,1,53.67997,-1.35245,53.67997,53.67997,-1.35245,-1.35245,0.7,0.7,SNPP,0,1,1
1067,2012-11-05,2012-11-05,1,3,53.77405,-2.58795,53.77354,53.77437,-2.5916,-2.58562,1.14,3.32,SNPP,0,3,1
1068,2012-11-05,2012-11-05,1,1,51.85347,0.3293,51.85347,51.85347,0.3293,0.3293,0.51,0.51,SNPP,0,1,1
1069,2012-11-05,2012-11-05,1,1,53.4626,-1.65441,53.4626,53.4626,-1.65441,-1.65441,2.57,2.57,SNPP,0,0,1
1070,2012-11-05,2012-11-05,1,1,56.38318,-3.33159,56.38318,56.38318,-3.33159,-3.33159,2.22,2.22,SNPP,0,0,1
1071,2012-11-05,2012-11-05,1,1,57.50705,-2.07936,57.50705,57.50705,-2.07936,-2.07936,1.95,1.95,SNPP,0,0,1
1072,2012-11-06,2012-11-06,1,1,53.06627,-0.77674,53.06627,53.06627,-0.77674,-0.77674,0.57,0.57,SNPP,0,1,1
1073,2012-11-06,2012-11-06,1,1,53.0676,-0.95714,53.0676,53.0676,-0.95714,-0.95714,1.02,1.02,SNPP,0,1,1
1074,2012-11-06,2012-11-06,1,2,53.2611,-1.41963,53.26054,53.26167,-1.41964,-1.41962,0.83,1.61,SNPP,0,2,1
1075,2012-11-06,2012-11-06,1,1,53.32363,-1.18234,53.32363,53.32363,-1.18234,-1.18234,1.0,1.0,SNPP,0,1,1
1076,2012-11-06,2012-11-06,1,1,53.34313,-2.16576,53.34313,53.34313,-2.16576,-2.16576,1.57,1.57,SNPP,0,1,1
1077,2012-11-06,2012-11-06,1,1,53.50859,-0.58468,53.50859,53.50859,-0.58468,-0.58468,2.62,2.62,SNPP,0,1,1
1078,2012-11-06,2012-11-06,1,1,53.63413,-1.64681,53.63413,53.63413,-1.64681,-1.64681,2.74,2.74,SNPP,0,1,1
1079,2012-11-06,2012-11-06,1,4,53.64788,-1.18272,53.64626,53.65014,-1.18551,-1.17724,6.33,13.17,SNPP,0,4,1
1080,2012-11-06,2012-11-06,1,2,53.68536,-2.69644,53.68467,53.68606,-2.69704,-2.69585,1.44,2.35,SNPP,0,2,1
1081,2012-11-06,2012-11-06,1,2,53.69825,-1.67431,53.69779,53.69871,-1.67488,-1.67374,0.82,1.58,SNPP,0,2,1
1082,2012-11-06,2012-11-06,1,1,53.75988,-1.67812,53.75988,53.75988,-1.67812,-1.67812,2.45,2.45,SNPP,0,1,1
1083,2012-11-06,2012-11-06,1,1,53.76944,-1.4503,53.76944,53.76944,-1.4503,-1.4503,0.72,0.72,SNPP,0,1,1
1084,2012-11-06,2012-11-06,1,1,53.79647,-1.50901,53.79647,53.79647,-1.50901,-1.50901,0.93,0.93,SNPP,0,1,1
1085,2012-11-06,2012-11-06,1,2,53.79822,-2.75698,53.7979,53.79854,-2.75801,-2.75594,1.15,1.77,SNPP,0,2,1
1086,2012-11-06,2012-11-06,1,1,53.83387,-1.50461,53.83387,53.83387,-1.50461,-1.50461,0.84,0.84,SNPP,0,1,1
1087,2012-11-06,2012-11-06,1,1,53.83754,-0.44173,53.83754,53.83754,-0.44173,-0.44173,0.58,0.58,SNPP,0,1,1
1088,2012-11-06,2012-11-06,1,1,54.02295,-1.29836,54.02295,54.02295,-1.29836,-1.29836,1.2,1.2,SNPP,0,1,1
1089,2012-11-06,2012-11-06,1,1,54.66953,-1.20655,54.66953,54.66953,-1.20655,-1.20655,5.08,5.08,SNPP,0,1,1
1090,2012-11-06,2012-11-06,1,1,55.9238,-3.11755,55.9238,55.9238,-3.11755,-3.11755,1.03,1.03,SNPP,0,1,1
1091,2012-11-06,2012-11-06,1,1,50.755,0.20279,50.755,50.755,0.20279,0.20279,0.52,0.52,SNPP,0,1,1
1092,2012-11-06,2012-11-06,1,1,50.79227,-1.97036,50.79227,50.79227,-1.97036,-1.97036,2.34,2.34,SNPP,0,1,1
1093,2012-11-06,2012-11-06,1,2,50.87914,0.00748,50.87875,50.87952,0.00458,0.01038,0.63,1.26,SNPP,0,2,1
1094,2012-11-06,2012-11-06,1,1,51.27081,0.13792,51.27081,51.27081,0.13792,0.13792,0.58,0.58,SNPP,0,1,1
1095,2012-11-06,2012-11-06,1,3,51.42267,-1.01885,51.42026,51.42398,-1.02,-1.01765,1.36,3.64,SNPP,0,3,1
1096,2012-11-06,2012-11-06,1,2,51.48046,0.24217,51.4796,51.48131,0.23987,0.24447,1.63,2.38,SNPP,0,2,1
1097,2012-11-06,2012-11-06,1,2,51.53839,-3.63716,51.53832,51.53846,-3.63803,-3.63629,1.38,2.71,SNPP,0,2,1
1098,2012-11-06,2012-11-06,1,1,51.63325,0.54415,51.63325,51.63325,0.54415,0.54415,1.09,1.09,SNPP,0,1,1
1099,2012-11-06,2012-11-06,1,1,51.80505,-1.64115,51.80505,51.80505,-1.64115,-1.64115,1.4,1.4,SNPP,0,1,1
1100,2012-11-06,2012-11-06,1,2,51.99731,-0.17284,51.99673,51.99789,-0.17457,-0.17112,2.79,3.69,SNPP,0,2,1
1101,2012-11-06,2012-11-06,1,1,52.36716,0.49264,52.36716,52.36716,0.49264,0.49264,0.47,0.47,SNPP,0,1,1
1102,2012-11-06,2012-11-06,1,1,52.45325,-0.45302,52.45325,52.45325,-0.45302,-0.45302,0.69,0.69,SNPP,0,1,1
1103,2012-11-06,2012-11-06,1,1,52.59382,-1.23024,52.59382,52.59382,-1.23024,-1.23024,0.59,0.59,SNPP,0,1,1
1104,2012-11-06,2012-11-06,1,4,52.5974,0.61417,52.59463,52.60033,0.61121,0.61907,7.51,13.06,SNPP,0,4,1
1105,2012-11-06,2012-11-06,1,1,52.62342,-2.02888,52.62342,52.62342,-2.02888,-2.02888,0.98,0.98,SNPP,0,1,1
1106,2012-11-08,2012-11-08,1,1,51.43236,0.48074,51.43236,51.43236,0.48074,0.48074,0.86,0.86,SNPP,0,1,1
1107,2012-11-11,2012-11-11,1,1,50.95087,0.73881,50.95087,50.95087,0.73881,0.73881,0.34,0.34,SNPP,0,1,1
1108,2012-11-11,2012-11-11,1,1,51.32293,0.63117,51.32293,51.32293,0.63117,0.63117,0.45,0.45,SNPP,0,1,1
1109,2012-11-11,2012-11-11,1,1,51.35845,-1.13041,51.35845,51.35845,-1.13041,-1.13041,0.72,0.72,SNPP,0,1,1
1110,2012-11-11,2012-11-11,1,1,51.8046,-2.54922,51.8046,51.8046,-2.54922,-2.54922,1.92,1.92,SNPP,0,1,1
1111,2012-11-11,2012-11-11,1,1,52.28981,-2.41662,52.28981,52.28981,-2.41662,-2.41662,0.64,0.64,SNPP,0,1,1
1112,2012-11-11,2012-11-11,1,2,52.31618,0.70088,52.3157,52.31666,0.69975,0.70202,3.04,4.58,SNPP,0,2,1
1113,2012-11-11,2012-11-11,1,1,52.36086,-1.36033,52.36086,52.36086,-1.36033,-1.36033,0.94,0.94,SNPP,0,1,1
1114,2012-11-11,2012-11-11,1,1,52.3726,-1.45237,52.3726,52.3726,-1.45237,-1.45237,0.69,0.69,SNPP,0,1,1
1115,2012-11-11,2012-11-11,1,1,52.88789,-2.85651,52.88789,52.88789,-2.85651,-2.85651,2.65,2.65,SNPP,0,1,1
1116,2012-11-11,2012-11-12,2,2,53.08259,-1.6778,53.08228,53.0829,-1.67942,-1.67618,1.31,1.9,SNPP,0,2,2
1117,2012-11-11,2012-11-11,1,1,53.30852,-2.05875,53.30852,53.30852,-2.05875,-2.05875,0.7,0.7,SNPP,0,1,1
1118,2012-11-11,2012-11-11,1,3,51.74949,-0.27022,51.74909,51.74989,-0.27594,-0.26702,10.08,30.0,SNPP,0,0,1
1119,2012-11-12,2012-11-15,4,9,51.74131,-0.39583,51.73835,51.74338,-0.40322,-0.39173,26.47,71.94,SNPP,0,7,4
1120,2012-11-13,2012-11-13,1,1,51.54225,-1.9592,51.54225,51.54225,-1.9592,-1.9592,1.19,1.19,SNPP,0,1,1
1121,2012-11-14,2012-11-14,1,1,50.84963,-0.88961,50.84963,50.84963,-0.88961,-0.88961,4.12,4.12,SNPP,0,0,1
1122,2012-11-18,2012-11-19,2,8,51.74097,-0.39423,51.73904,51.74346,-0.3951,-0.39166,9.43,51.88,SNPP,2,7,2
1123,2012-11-18,2012-11-18,1,1,52.29215,1.09176,52.29215,52.29215,1.09176,1.09176,1.67,1.67,SNPP,0,1,1
1124,2012-11-18,2012-11-18,1,2,57.66594,-2.35992,57.66566,57.66621,-2.36091,-2.35893,3.09,5.53,SNPP,0,0,1
1125,2012-11-18,2012-11-18,1,1,53.4824,0.0892,53.4824,53.4824,0.0892,0.0892,3.3,3.3,SNPP,0,0,1
1126,2012-11-21,2012-11-21,1,1,57.22969,-3.49899,57.22969,57.22969,-3.49899,-3.49899,2.64,2.64,SNPP,0,0,1
1127,2012-11-22,2012-11-22,1,1,58.29151,-3.30693,58.29151,58.29151,-3.30693,-3.30693,0.33,0.33,SNPP,0,1,1
1128,2012-11-24,2012-11-24,1,1,53.62997,-2.25688,53.62997,53.62997,-2.25688,-2.25688,0.68,0.68,SNPP,0,1,1
1129,2012-11-24,2012-11-24,1,1,57.62241,-2.66323,57.62241,57.62241,-2.66323,-2.66323,4.03,4.03,SNPP,0,0,1
1130,2012-11-28,2012-11-28,1,2,53.72306,-1.4893,53.72099,53.72512,-1.48978,-1.48882,1.25,2.5,SNPP,0,2,1
1131,2012-11-29,2012-11-29,1,1,52.80225,-2.45968,52.80225,52.80225,-2.45968,-2.45968,4.78,4.78,SNPP,0,0,1
1132,2012-11-30,2012-11-30,1,1,55.8977,-2.80944,55.8977,55.8977,-2.80944,-2.80944,5.73,5.73,SNPP,0,0,1
1133,2012-12-04,2012-12-06,2,4,52.03873,-2.6719,52.03828,52.03992,-2.67398,-2.6694,1.63,5.12,SNPP,0,4,3
1134,2012-12-05,2012-12-07,3,4,51.40816,-1.13919,51.40685,51.40964,-1.14123,-1.13677,4.33,9.74,SNPP,0,3,3
1135,2012-12-07,2012-12-07,1,1,51.63394,0.54183,51.63394,51.63394,0.54183,0.54183,1.0,1.0,SNPP,0,1,1
1136,2012-12-07,2012-12-07,1,2,55.99946,-3.89943,55.99796,56.00096,-3.90065,-3.89821,1.3,2.37,SNPP,0,2,1
1137,2012-12-10,2012-12-10,1,1,51.40771,-1.13806,51.40771,51.40771,-1.13806,-1.13806,0.9,0.9,SNPP,0,1,1
1138,2012-12-10,2012-12-10,1,2,53.39502,-1.70493,53.39449,53.39556,-1.70613,-1.70373,3.79,7.07,SNPP,0,0,1
1139,2012-12-10,2012-12-10,1,1,57.5062,-2.08188,57.5062,57.5062,-2.08188,-2.08188,4.29,4.29,SNPP,0,0,1
1140,2012-12-11,2012-12-11,1,1,53.58319,-2.31364,53.58319,53.58319,-2.31364,-2.31364,0.4,0.4,SNPP,0,1,1
1141,2012-12-11,2012-12-11,1,1,51.63686,0.54201,51.63686,51.63686,0.54201,0.54201,2.06,2.06,SNPP,0,0,1
1142,2012-12-13,2012-12-13,1,1,53.77083,-1.45412,53.77083,53.77083,-1.45412,-1.45412,0.63,0.63,SNPP,0,1,1
1143,2012-12-26,2012-12-26,1,1,51.01141,-1.57281,51.01141,51.01141,-1.57281,-1.57281,0.53,0.53,SNPP,0,1,1
1144,2012-12-30,2012-12-30,1,1,51.04004,0.54888,51.04004,51.04004,0.54888,0.54888,0.68,0.68,SNPP,0,1,1
1145,2013-01-01,2013-01-01,1,3,55.62543,-3.52088,55.62421,55.62765,-3.52321,-3.51755,1.28,3.0,SNPP,0,3,1
1146,2013-01-01,2013-01-01,1,2,52.9546,-2.00882,52.9539,52.95531,-2.00942,-2.00822,1.34,2.23,SNPP,0,2,1
1147,2013-01-15,2013-01-15,1,1,54.06479,-1.11271,54.06479,54.06479,-1.11271,-1.11271,1.14,1.14,SNPP,0,1,1
1148,2013-01-16,2013-01-16,1,1,51.3987,0.31707,51.3987,51.3987,0.31707,0.31707,1.31,1.31,SNPP,0,1,1
1149,2013-01-18,2013-01-18,1,2,58.5397,-4.44588,58.53799,58.5414,-4.44727,-4.44449,4.98,8.05,SNPP,0,0,1
1150,2013-01-27,2013-01-27,1,1,52.07108,1.36745,52.07108,52.07108,1.36745,1.36745,6.0,6.0,SNPP,0,0,1
1151,2013-02-04,2013-02-04,1,1,53.19889,-0.85079,53.19889,53.19889,-0.85079,-0.85079,3.14,3.14,SNPP,0,0,1
1152,2013-02-06,2013-02-06,1,1,53.3142,-4.30706,53.3142,53.3142,-4.30706,-4.30706,3.22,3.22,SNPP,0,0,1
1153,2013-02-15,2013-02-15,1,1,55.5969,-3.77859,55.5969,55.5969,-3.77859,-3.77859,0.8,0.8,SNPP,0,1,1
1154,2013-02-16,2013-02-16,1,1,54.40116,-0.7797,54.40116,54.40116,-0.7797,-0.7797,2.52,2.52,SNPP,0,0,1
1155,2013-02-17,2013-02-19,2,2,54.37017,-0.78114,54.36904,54.3713,-0.7875,-0.77478,7.06,12.16,SNPP,0,0,3
1156,2013-02-17,2013-02-17,1,1,54.39273,-0.66747,54.39273,54.39273,-0.66747,-0.66747,6.99,6.99,SNPP,0,0,1
1157,2013-02-18,2013-02-18,1,1,54.1913,-1.69853,54.1913,54.1913,-1.69853,-1.69853,6.15,6.15,SNPP,0,0,1
1158,2013-02-18,2013-02-18,1,1,54.36642,-0.73219,54.36642,54.36642,-0.73219,-0.73219,4.31,4.31,SNPP,0,0,1
1159,2013-02-18,2013-02-18,1,1,54.47291,-0.86512,54.47291,54.47291,-0.86512,-0.86512,2.2,2.2,SNPP,0,0,1
1160,2013-02-18,2013-02-18,1,1,55.84948,-3.27514,55.84948,55.84948,-3.27514,-3.27514,2.98,2.98,SNPP,0,0,1
1161,2013-02-18,2013-02-18,1,3,57.10422,-2.94418,57.10278,57.1054,-2.94732,-2.9388,5.85,14.03,SNPP,0,0,1
1162,2013-02-18,2013-02-18,1,1,57.22249,-4.08985,57.22249,57.22249,-4.08985,-4.08985,2.72,2.72,SNPP,0,0,1
1163,2013-02-18,2013-02-18,1,1,57.31347,-3.42696,57.31347,57.31347,-3.42696,-3.42696,2.74,2.74,SNPP,0,0,1
1164,2013-02-18,2013-02-18,1,1,54.8456,-6.52988,54.8456,54.8456,-6.52988,-6.52988,4.17,4.17,SNPP,0,0,1
1165,2013-02-19,2013-02-19,1,1,54.32433,-1.05259,54.32433,54.32433,-1.05259,-1.05259,8.4,8.4,SNPP,0,0,1
1166,2013-02-19,2013-02-19,1,1,54.33318,-0.97231,54.33318,54.33318,-0.97231,-0.97231,2.77,2.77,SNPP,0,0,1
1167,2013-02-19,2013-02-19,1,1,54.34835,-1.01214,54.34835,54.34835,-1.01214,-1.01214,8.83,8.83,SNPP,0,0,1
1168,2013-02-19,2013-02-19,1,1,54.40271,-1.10751,54.40271,54.40271,-1.10751,-1.10751,5.85,5.85,SNPP,0,0,1
1169,2013-02-19,2013-02-19,1,1,54.42339,-1.90697,54.42339,54.42339,-1.90697,-1.90697,7.32,7.32,SNPP,0,0,1
1170,2013-02-19,2013-02-19,1,1,54.45651,-1.05547,54.45651,54.45651,-1.05547,-1.05547,1.86,1.86,SNPP,0,0,1
1171,2013-02-19,2013-02-19,1,1,57.37101,-3.68741,57.37101,57.37101,-3.68741,-3.68741,3.01,3.01,SNPP,0,0,1
1172,2013-02-19,2013-02-19,1,1,57.42186,-3.30296,57.42186,57.42186,-3.30296,-3.30296,4.41,4.41,SNPP,0,0,1
1173,2013-02-19,2013-02-19,1,2,58.20009,-3.49617,58.19928,58.2009,-3.49922,-3.49312,22.83,25.7,SNPP,0,0,1
1174,2013-02-19,2013-02-19,1,2,51.23546,-3.79382,51.23447,51.23644,-3.79479,-3.79286,2.04,3.81,SNPP,0,0,1
1175,2013-02-19,2013-02-19,1,2,53.96026,-1.79822,53.96,53.96052,-1.79826,-1.79818,2.83,4.55,SNPP,0,0,1
1176,2013-02-19,2013-02-19,1,1,54.40401,-1.88241,54.40401,54.40401,-1.88241,-1.88241,3.1,3.1,SNPP,0,0,1
1177,2013-02-19,2013-02-19,1,3,57.18658,-2.88404,57.18415,57.1878,-2.88774,-2.88101,3.4,10.06,SNPP,0,0,1
1178,2013-02-20,2013-02-21,2,2,57.3831,-4.5842,57.38204,57.38416,-4.59312,-4.57529,6.21,8.47,SNPP,0,0,2
1179,2013-02-20,2013-02-20,1,3,57.41642,-3.84716,57.41478,57.41727,-3.8511,-3.84405,3.68,9.91,SNPP,0,0,1
1180,2013-02-20,2013-02-20,1,1,57.34463,-6.02478,57.34463,57.34463,-6.02478,-6.02478,3.96,3.96,SNPP,0,0,1
1181,2013-02-20,2013-02-20,1,1,57.35643,-3.69842,57.35643,57.35643,-3.69842,-3.69842,4.9,4.9,SNPP,0,0,1
1182,2013-02-20,2013-02-21,2,4,57.47592,-4.57213,57.47261,57.47992,-4.57451,-4.56952,3.84,14.8,SNPP,0,0,2
1183,2013-02-21,2013-02-21,1,2,57.19494,-4.48274,57.19445,57.19544,-4.48361,-4.48187,9.38,12.09,SNPP,0,0,1
1184,2013-02-21,2013-02-21,1,1,57.23463,-4.4352,57.23463,57.23463,-4.4352,-4.4352,2.78,2.78,SNPP,0,0,1
1185,2013-02-21,2013-02-21,1,1,57.27821,-4.35532,57.27821,57.27821,-4.35532,-4.35532,1.65,1.65,SNPP,0,0,1
1186,2013-02-21,2013-02-21,1,2,57.29744,-4.59112,57.29498,57.29991,-4.59481,-4.58743,4.94,6.76,SNPP,0,0,1
1187,2013-02-21,2013-02-21,1,2,56.97325,-4.20922,56.97271,56.9738,-4.21012,-4.20832,3.73,7.08,SNPP,0,0,1
1188,2013-02-21,2013-02-21,1,4,57.24992,-3.50302,57.24771,57.25213,-3.50438,-3.50169,4.75,17.54,SNPP,0,0,1
1189,2013-02-21,2013-02-21,1,1,57.76434,-6.93522,57.76434,57.76434,-6.93522,-6.93522,1.59,1.59,SNPP,0,0,1
1190,2013-02-21,2013-02-21,1,1,58.22223,-3.54735,58.22223,58.22223,-3.54735,-3.54735,2.55,2.55,SNPP,0,0,1
1191,2013-02-22,2013-02-22,1,3,57.15548,-4.58715,57.15462,57.15633,-4.59379,-4.5805,22.4,46.88,SNPP,0,0,1
1192,2013-02-22,2013-02-22,1,1,57.17248,-3.27656,57.17248,57.17248,-3.27656,-3.27656,6.99,6.99,SNPP,0,0,1
1193,2013-02-22,2013-02-22,1,2,57.20719,-3.35016,57.20704,57.20734,-3.35038,-3.34995,4.61,8.4,SNPP,0,0,1
1194,2013-02-22,2013-02-22,1,1,57.35432,-3.04015,57.35432,57.35432,-3.04015,-3.04015,3.28,3.28,SNPP,0,0,1
1195,2013-02-22,2013-02-22,1,1,57.36818,-3.78586,57.36818,57.36818,-3.78586,-3.78586,2.21,2.21,SNPP,0,0,1
1196,2013-02-25,2013-02-25,1,1,56.95427,-7.43451,56.95427,56.95427,-7.43451,-7.43451,2.29,2.29,SNPP,0,1,1
1197,2013-02-25,2013-02-25,1,1,54.86689,-4.25617,54.86689,54.86689,-4.25617,-4.25617,2.08,2.08,SNPP,0,0,1
1198,2013-02-25,2013-02-25,1,2,57.19002,-3.36858,57.18908,57.19095,-3.37042,-3.36673,5.96,8.14,SNPP,0,0,1
1199,2013-02-25,2013-02-25,1,2,57.35068,-7.25076,57.35066,57.35071,-7.25101,-7.25052,9.94,16.44,SNPP,0,0,1
1200,2013-02-25,2013-02-25,1,1,58.31338,-4.27538,58.31338,58.31338,-4.27538,-4.27538,1.58,1.58,SNPP,0,0,1
1201,2013-02-25,2013-02-25,1,1,56.80951,-5.19346,56.80951,56.80951,-5.19346,-5.19346,32.08,32.08,SNPP,1,0,1
1202,2013-02-25,2013-02-25,1,1,57.20341,-3.47057,57.20341,57.20341,-3.47057,-3.47057,1.65,1.65,SNPP,0,0,1
1203,2013-02-25,2013-02-25,1,1,57.95939,-5.16679,57.95939,57.95939,-5.16679,-5.16679,4.21,4.21,SNPP,0,0,1
1204,2013-02-26,2013-02-26,1,1,56.96183,-4.19218,56.96183,56.96183,-4.19218,-4.19218,8.95,8.95,SNPP,0,0,1
1205,2013-02-26,2013-02-26,1,1,57.47873,-6.6201,57.47873,57.47873,-6.6201,-6.6201,3.07,3.07,SNPP,0,0,1
1206,2013-02-26,2013-02-26,1,5,58.2208,-3.52233,58.21727,58.22427,-3.52875,-3.51906,19.71,78.92,SNPP,0,0,1
1207,2013-02-26,2013-02-26,1,1,54.12656,-5.94058,54.12656,54.12656,-5.94058,-5.94058,3.88,3.88,SNPP,0,0,1
1208,2013-02-26,2013-02-26,1,1,54.14246,-2.0808,54.14246,54.14246,-2.0808,-2.0808,2.54,2.54,SNPP,0,0,1
1209,2013-02-26,2013-02-26,1,1,54.66236,-7.53066,54.66236,54.66236,-7.53066,-7.53066,1.95,1.95,SNPP,0,0,1
1210,2013-02-26,2013-02-26,1,2,55.57815,-3.38306,55.57793,55.57836,-3.38601,-3.38011,4.8,9.6,SNPP,0,0,1
1211,2013-02-26,2013-02-26,1,3,55.619,-3.18713,55.61805,55.62045,-3.19088,-3.18445,6.34,16.32,SNPP,0,0,1
1212,2013-02-26,2013-02-27,2,2,56.40186,-5.05171,56.39931,56.40442,-5.06084,-5.04258,10.0,17.38,SNPP,0,0,2
1213,2013-02-26,2013-02-26,1,1,56.93433,-4.21339,56.93433,56.93433,-4.21339,-4.21339,4.01,4.01,SNPP,0,0,1
1214,2013-02-26,2013-02-26,1,1,56.95452,-2.58953,56.95452,56.95452,-2.58953,-2.58953,2.16,2.16,SNPP,0,0,1
1215,2013-02-26,2013-02-26,1,3,56.99753,-5.76378,56.99469,56.99932,-5.76712,-5.75861,11.88,27.48,SNPP,0,0,1
1216,2013-02-26,2013-02-26,1,1,57.00456,-7.48008,57.00456,57.00456,-7.48008,-7.48008,3.99,3.99,SNPP,0,0,1
1217,2013-02-26,2013-02-26,1,2,57.01556,-2.95916,57.01546,57.01567,-2.95923,-2.95909,3.82,6.39,SNPP,0,0,1
1218,2013-02-26,2013-02-26,1,3,57.07366,-4.74059,57.07211,57.07623,-4.74324,-4.73586,5.05,15.14,SNPP,0,0,1
1219,2013-02-26,2013-02-26,1,1,57.08297,-4.10235,57.08297,57.08297,-4.10235,-4.10235,3.52,3.52,SNPP,0,0,1
1220,2013-02-26,2013-02-26,1,1,57.14874,-3.21416,57.14874,57.14874,-3.21416,-3.21416,6.11,6.11,SNPP,0,0,1
1221,2013-02-26,2013-02-26,1,3,57.28983,-4.58963,57.28828,57.29241,-4.5924,-4.58491,4.91,11.08,SNPP,0,0,1
1222,2013-02-26,2013-02-26,1,1,57.37107,-3.761,57.37107,57.37107,-3.761,-3.761,2.78,2.78,SNPP,0,0,1
1223,2013-02-26,2013-02-26,1,1,57.38704,-3.83889,57.38704,57.38704,-3.83889,-3.83889,2.57,2.57,SNPP,0,0,1
1224,2013-02-26,2013-02-26,1,1,57.4959,-4.81845,57.4959,57.4959,-4.81845,-4.81845,4.13,4.13,SNPP,0,0,1
1225,2013-02-26,2013-02-26,1,1,58.1878,-5.2858,58.1878,58.1878,-5.2858,-5.2858,2.44,2.44,SNPP,0,0,1
1226,2013-02-27,2013-02-27,1,5,53.6743,-2.49351,53.67297,53.67549,-2.4968,-2.4895,11.79,27.3,SNPP,0,0,1
1227,2013-02-27,2013-02-27,1,1,54.34367,-0.89947,54.34367,54.34367,-0.89947,-0.89947,3.33,3.33,SNPP,0,0,1
1228,2013-02-27,2013-02-27,1,1,57.21461,-3.15671,57.21461,57.21461,-3.15671,-3.15671,4.11,4.11,SNPP,0,0,1
1229,2013-02-27,2013-02-27,1,1,57.37257,-4.61935,57.37257,57.37257,-4.61935,-4.61935,2.47,2.47,SNPP,0,0,1
1230,2013-02-27,2013-02-27,1,1,54.00872,-2.61952,54.00872,54.00872,-2.61952,-2.61952,2.64,2.64,SNPP,0,0,1
1231,2013-02-27,2013-02-27,1,1,54.1019,-1.82991,54.1019,54.1019,-1.82991,-1.82991,2.45,2.45,SNPP,0,0,1
1232,2013-02-27,2013-02-28,2,2,54.1908,-1.7515,54.19028,54.19133,-1.75307,-1.74994,9.45,15.11,SNPP,0,0,2
1233,2013-02-27,2013-02-27,1,1,54.21214,-3.16377,54.21214,54.21214,-3.16377,-3.16377,9.42,9.42,SNPP,0,0,1
1234,2013-02-27,2013-02-27,1,1,54.34758,-0.94215,54.34758,54.34758,-0.94215,-0.94215,2.96,2.96,SNPP,0,0,1
1235,2013-02-27,2013-02-27,1,2,54.36794,-1.07455,54.36266,54.37322,-1.08013,-1.06897,2.43,4.64,SNPP,0,0,1
1236,2013-02-27,2013-03-02,3,6,54.3885,-0.66522,54.38453,54.39705,-0.67181,-0.65946,7.27,29.91,SNPP,0,0,4
1237,2013-02-27,2013-02-28,2,4,55.22084,-3.06382,55.21681,55.22517,-3.06948,-3.05557,10.75,38.06,SNPP,0,0,2
1238,2013-02-27,2013-02-27,1,1,55.58928,-3.64707,55.58928,55.58928,-3.64707,-3.64707,10.18,10.18,SNPP,0,0,1
1239,2013-02-27,2013-02-27,1,1,56.2324,-5.48268,56.2324,56.2324,-5.48268,-5.48268,2.51,2.51,SNPP,0,0,1
1240,2013-02-27,2013-02-27,1,2,57.04052,-3.2794,57.03872,57.04232,-3.28016,-3.27864,44.61,53.07,SNPP,0,0,1
1241,2013-02-27,2013-03-01,2,2,57.15811,-2.98435,57.15673,57.15948,-2.99265,-2.97605,3.93,5.67,SNPP,0,0,3
1242,2013-02-27,2013-02-27,1,1,57.37994,-3.39041,57.37994,57.37994,-3.39041,-3.39041,6.2,6.2,SNPP,0,0,1
1243,2013-02-28,2013-02-28,1,2,53.96018,-0.9949,53.95913,53.96124,-0.99527,-0.99452,3.1,5.16,SNPP,0,2,1
1244,2013-02-28,2013-02-28,1,3,54.00266,-0.8802,54.00129,54.00336,-0.88155,-0.87931,2.49,6.23,SNPP,0,3,1
1245,2013-02-28,2013-02-28,1,4,55.21904,-2.9355,55.21574,55.22147,-2.93928,-2.93104,11.5,22.62,SNPP,0,4,1
1246,2013-02-28,2013-02-28,1,3,54.06578,-0.92605,54.0626,54.06817,-0.92928,-0.92295,1.78,4.26,SNPP,0,3,1
1247,2013-02-28,2013-02-28,1,2,53.88507,-1.80984,53.88473,53.88541,-1.8125,-1.80717,8.27,10.5,SNPP,0,0,1
1248,2013-02-28,2013-02-28,1,3,54.05508,-1.84896,54.05332,54.0565,-1.85648,-1.84255,7.54,17.58,SNPP,0,0,1
1249,2013-02-28,2013-02-28,1,1,54.84122,-2.02667,54.84122,54.84122,-2.02667,-2.02667,4.18,4.18,SNPP,0,0,1
1250,2013-02-28,2013-02-28,1,1,53.41099,-1.93889,53.41099,53.41099,-1.93889,-1.93889,6.61,6.61,SNPP,0,0,1
1251,2013-02-28,2013-02-28,1,1,53.90694,-2.12468,53.90694,53.90694,-2.12468,-2.12468,3.2,3.2,SNPP,0,0,1
1252,2013-02-28,2013-02-28,1,1,53.92764,-2.65555,53.92764,53.92764,-2.65555,-2.65555,4.02,4.02,SNPP,0,0,1
1253,2013-02-28,2013-02-28,1,1,54.13305,-1.72737,54.13305,54.13305,-1.72737,-1.72737,4.21,4.21,SNPP,0,0,1
1254,2013-02-28,2013-02-28,1,1,54.32145,-0.64874,54.32145,54.32145,-0.64874,-0.64874,3.86,3.86,SNPP,0,0,1
1255,2013-02-28,2013-02-28,1,1,54.48308,-0.8315,54.48308,54.48308,-0.8315,-0.8315,3.04,3.04,SNPP,0,0,1
1256,2013-02-28,2013-03-02,2,3,54.49335,-1.00769,54.48993,54.49528,-1.01527,-1.00301,6.03,9.34,SNPP,0,0,3
1257,2013-02-28,2013-02-28,1,1,54.50134,-0.80013,54.50134,54.50134,-0.80013,-0.80013,2.35,2.35,SNPP,0,0,1
1258,2013-02-28,2013-02-28,1,2,55.19576,-2.24306,55.19499,55.19652,-2.2442,-2.24193,13.45,15.14,SNPP,0,0,1
1259,2013-02-28,2013-02-28,1,1,55.50046,-3.30282,55.50046,55.50046,-3.30282,-3.30282,1.83,1.83,SNPP,0,0,1
1260,2013-02-28,2013-02-28,1,1,56.42658,-5.02633,56.42658,56.42658,-5.02633,-5.02633,2.86,2.86,SNPP,0,0,1
1261,2013-03-01,2013-03-01,1,1,55.57285,-3.30232,55.57285,55.57285,-3.30232,-3.30232,4.8,4.8,SNPP,0,0,1
1262,2013-03-01,2013-03-01,1,1,56.38458,-5.58291,56.38458,56.38458,-5.58291,-5.58291,5.47,5.47,SNPP,0,0,1
1263,2013-03-01,2013-03-01,1,1,56.67965,-3.84956,56.67965,56.67965,-3.84956,-3.84956,8.02,8.02,SNPP,0,0,1
1264,2013-03-01,2013-03-01,1,3,57.09271,-3.09397,57.09003,57.09558,-3.09881,-3.08699,6.06,15.84,SNPP,0,0,1
1265,2013-03-01,2013-03-01,1,2,57.35687,-3.39105,57.35486,57.35888,-3.39164,-3.39046,3.92,6.52,SNPP,0,0,1
1266,2013-03-01,2013-03-01,1,3,55.89541,-5.14394,55.89132,55.89748,-5.14926,-5.14059,6.73,20.19,SNPP,0,0,1
1267,2013-03-01,2013-03-01,1,1,55.95257,-5.14483,55.95257,55.95257,-5.14483,-5.14483,3.99,3.99,SNPP,0,0,1
1268,2013-03-01,2013-03-01,1,1,56.9634,-4.18394,56.9634,56.9634,-4.18394,-4.18394,5.79,5.79,SNPP,0,0,1
1269,2013-03-01,2013-03-01,1,2,56.99107,-3.21275,56.98981,56.99234,-3.2131,-3.2124,9.14,16.48,SNPP,0,0,1
1270,2013-03-01,2013-03-01,1,1,57.03149,-3.02507,57.03149,57.03149,-3.02507,-3.02507,4.77,4.77,SNPP,0,0,1
1271,2013-03-02,2013-03-02,1,1,53.40818,-1.68645,53.40818,53.40818,-1.68645,-1.68645,3.34,3.34,SNPP,0,0,1
1272,2013-03-02,2013-03-02,1,1,53.87746,-0.878,53.87746,53.87746,-0.878,-0.878,1.45,1.45,SNPP,0,0,1
1273,2013-03-02,2013-03-02,1,3,54.24683,-1.79795,54.24633,54.24757,-1.80144,-1.79559,4.33,10.48,SNPP,0,0,1
1274,2013-03-02,2013-03-02,1,1,54.35543,-1.91355,54.35543,54.35543,-1.91355,-1.91355,2.69,2.69,SNPP,0,0,1
1275,2013-03-02,2013-03-02,1,1,54.36312,-0.87455,54.36312,54.36312,-0.87455,-0.87455,4.73,4.73,SNPP,0,0,1
1276,2013-03-02,2013-03-02,1,1,54.37453,-0.8046,54.37453,54.37453,-0.8046,-0.8046,14.34,14.34,SNPP,0,0,1
1277,2013-03-02,2013-03-02,1,1,54.39669,-0.85278,54.39669,54.39669,-0.85278,-0.85278,3.97,3.97,SNPP,0,0,1
1278,2013-03-02,2013-03-02,1,1,54.40966,-0.99909,54.40966,54.40966,-0.99909,-0.99909,4.0,4.0,SNPP,0,0,1
1279,2013-03-02,2013-03-02,1,1,54.49475,-0.96014,54.49475,54.49475,-0.96014,-0.96014,3.8,3.8,SNPP,0,0,1
1280,2013-03-02,2013-03-02,1,1,54.83868,-1.95249,54.83868,54.83868,-1.95249,-1.95249,2.34,2.34,SNPP,0,0,1
1281,2013-03-02,2013-03-02,1,2,55.89101,-2.57105,55.89051,55.89151,-2.57174,-2.57036,5.96,11.28,SNPP,0,0,1
1282,2013-03-02,2013-03-02,1,1,56.41971,-3.89078,56.41971,56.41971,-3.89078,-3.89078,6.0,6.0,SNPP,0,0,1
1283,2013-03-02,2013-03-02,1,1,57.01288,-4.14501,57.01288,57.01288,-4.14501,-4.14501,5.23,5.23,SNPP,0,0,1
1284,2013-03-02,2013-03-02,1,2,50.46977,-4.62431,50.46941,50.47013,-4.62553,-4.62309,25.67,39.7,SNPP,0,0,1
1285,2013-03-02,2013-03-02,1,1,51.73604,-3.83015,51.73604,51.73604,-3.83015,-3.83015,1.95,1.95,SNPP,0,0,1
1286,2013-03-02,2013-03-02,1,1,53.49086,-1.81495,53.49086,53.49086,-1.81495,-1.81495,2.23,2.23,SNPP,0,0,1
1287,2013-03-02,2013-03-02,1,1,54.3561,-1.06692,54.3561,54.3561,-1.06692,-1.06692,5.0,5.0,SNPP,0,0,1
1288,2013-03-02,2013-03-02,1,1,54.42907,-1.94129,54.42907,54.42907,-1.94129,-1.94129,6.37,6.37,SNPP,0,0,1
1289,2013-03-02,2013-03-02,1,1,54.43666,-0.91214,54.43666,54.43666,-0.91214,-0.91214,2.43,2.43,SNPP,0,0,1
1290,2013-03-02,2013-03-02,1,1,54.85291,-2.55525,54.85291,54.85291,-2.55525,-2.55525,2.72,2.72,SNPP,0,0,1
1291,2013-03-02,2013-03-02,1,2,55.51242,-3.28334,55.5122,55.51265,-3.28338,-3.28331,2.78,5.21,SNPP,0,0,1
1292,2013-03-02,2013-03-02,1,1,55.77659,-2.51464,55.77659,55.77659,-2.51464,-2.51464,2.37,2.37,SNPP,0,0,1
1293,2013-03-03,2013-03-03,1,1,52.78545,-4.10746,52.78545,52.78545,-4.10746,-4.10746,3.74,3.74,SNPP,0,0,1
1294,2013-03-03,2013-03-03,1,3,56.91624,-2.90291,56.91517,56.91797,-2.90724,-2.89887,13.62,30.5,SNPP,0,0,1
1295,2013-03-04,2013-03-04,1,1,50.02361,-5.19232,50.02361,50.02361,-5.19232,-5.19232,4.33,4.33,SNPP,0,0,1
1296,2013-03-04,2013-03-04,1,2,51.56008,-4.27752,51.55988,51.56029,-4.27839,-4.27664,12.29,24.17,SNPP,0,0,1
1297,2013-03-04,2013-03-04,1,2,51.57841,-4.15512,51.57803,51.57879,-4.15591,-4.15432,3.27,6.22,SNPP,0,0,1
1298,2013-03-04,2013-03-04,1,1,51.61922,-4.05195,51.61922,51.61922,-4.05195,-4.05195,3.39,3.39,SNPP,0,0,1
1299,2013-03-04,2013-03-04,1,1,51.72589,-3.87721,51.72589,51.72589,-3.87721,-3.87721,4.66,4.66,SNPP,0,0,1
1300,2013-03-04,2013-03-05,2,3,51.83574,-3.58435,51.83031,51.84335,-3.5874,-3.58216,3.88,10.7,SNPP,0,0,2
1301,2013-03-04,2013-03-04,1,1,51.99264,-5.08779,51.99264,51.99264,-5.08779,-5.08779,6.5,6.5,SNPP,0,0,1
1302,2013-03-04,2013-03-04,1,1,53.09195,-4.2125,53.09195,53.09195,-4.2125,-4.2125,3.61,3.61,SNPP,0,0,1
1303,2013-03-05,2013-03-05,1,1,51.58732,-4.28777,51.58732,51.58732,-4.28777,-4.28777,1.86,1.86,SNPP,0,1,1
1304,2013-03-05,2013-03-05,1,3,50.89458,-1.70028,50.89268,50.8967,-1.70707,-1.69647,6.38,18.33,SNPP,0,0,1
1305,2013-03-05,2013-03-05,1,3,54.18966,-1.80485,54.18821,54.19079,-1.80732,-1.80048,5.08,12.48,SNPP,0,0,1
1306,2013-03-05,2013-03-05,1,1,54.33533,-1.91629,54.33533,54.33533,-1.91629,-1.91629,4.07,4.07,SNPP,0,0,1
1307,2013-03-05,2013-03-05,1,2,54.81201,-1.98416,54.8103,54.81372,-1.98596,-1.98237,6.21,10.87,SNPP,0,0,1
1308,2013-03-05,2013-03-05,1,1,50.69577,-3.7954,50.69577,50.69577,-3.7954,-3.7954,7.16,7.16,SNPP,0,0,1
1309,2013-03-05,2013-03-05,1,1,50.87855,-1.73989,50.87855,50.87855,-1.73989,-1.73989,2.71,2.71,SNPP,0,0,1
1310,2013-03-05,2013-03-05,1,1,51.62817,-4.12116,51.62817,51.62817,-4.12116,-4.12116,3.38,3.38,SNPP,0,0,1
1311,2013-03-05,2013-03-05,1,1,52.18883,-3.15847,52.18883,52.18883,-3.15847,-3.15847,1.65,1.65,SNPP,0,0,1
1312,2013-03-05,2013-03-05,1,1,52.38507,-3.194,52.38507,52.38507,-3.194,-3.194,2.96,2.96,SNPP,0,0,1
1313,2013-03-05,2013-03-05,1,1,52.58638,-2.92506,52.58638,52.58638,-2.92506,-2.92506,5.09,5.09,SNPP,0,0,1
1314,2013-03-05,2013-03-05,1,2,52.67758,-3.97974,52.67596,52.67921,-3.98042,-3.97905,8.2,12.55,SNPP,0,0,1
1315,2013-03-05,2013-03-05,1,1,52.82562,-4.62023,52.82562,52.82562,-4.62023,-4.62023,2.55,2.55,SNPP,0,0,1
1316,2013-03-05,2013-03-05,1,1,52.95666,-3.35624,52.95666,52.95666,-3.35624,-3.35624,2.39,2.39,SNPP,0,0,1
1317,2013-03-05,2013-03-05,1,1,53.41743,-1.68474,53.41743,53.41743,-1.68474,-1.68474,5.98,5.98,SNPP,0,0,1
1318,2013-03-05,2013-03-05,1,1,53.47508,-1.80299,53.47508,53.47508,-1.80299,-1.80299,2.09,2.09,SNPP,0,0,1
1319,2013-03-05,2013-03-05,1,1,53.48806,-1.73178,53.48806,53.48806,-1.73178,-1.73178,5.12,5.12,SNPP,0,0,1
1320,2013-03-05,2013-03-05,1,1,53.92574,-2.64902,53.92574,53.92574,-2.64902,-2.64902,9.11,9.11,SNPP,0,0,1
1321,2013-03-05,2013-03-05,1,1,53.9684,-2.59793,53.9684,53.9684,-2.59793,-2.59793,8.84,8.84,SNPP,0,0,1
1322,2013-03-05,2013-03-05,1,1,53.98027,-1.80256,53.98027,53.98027,-1.80256,-1.80256,9.74,9.74,SNPP,0,0,1
1323,2013-03-05,2013-03-05,1,1,54.10458,-1.87007,54.10458,54.10458,-1.87007,-1.87007,6.24,6.24,SNPP,0,0,1
1324,2013-03-05,2013-03-05,1,1,54.13913,-1.7405,54.13913,54.13913,-1.7405,-1.7405,4.33,4.33,SNPP,0,0,1
1325,2013-03-05,2013-03-05,1,1,54.21153,-3.06908,54.21153,54.21153,-3.06908,-3.06908,2.89,2.89,SNPP,0,0,1
1326,2013-03-05,2013-03-05,1,1,54.32648,-1.09323,54.32648,54.32648,-1.09323,-1.09323,3.93,3.93,SNPP,0,0,1
1327,2013-03-05,2013-03-05,1,1,54.3497,-0.93371,54.3497,54.3497,-0.93371,-0.93371,1.74,1.74,SNPP,0,0,1
1328,2013-03-05,2013-03-05,1,1,54.35073,-0.77757,54.35073,54.35073,-0.77757,-0.77757,5.98,5.98,SNPP,0,0,1
1329,2013-03-05,2013-03-05,1,1,54.36614,-1.14788,54.36614,54.36614,-1.14788,-1.14788,4.27,4.27,SNPP,0,0,1
1330,2013-03-05,2013-03-05,1,1,54.39944,-1.0883,54.39944,54.39944,-1.0883,-1.0883,4.33,4.33,SNPP,0,0,1
1331,2013-03-05,2013-03-05,1,1,54.40491,-2.04166,54.40491,54.40491,-2.04166,-2.04166,5.65,5.65,SNPP,0,0,1
1332,2013-03-05,2013-03-05,1,1,54.61083,-1.93999,54.61083,54.61083,-1.93999,-1.93999,4.14,4.14,SNPP,0,0,1
1333,2013-03-05,2013-03-05,1,1,54.63784,-2.21882,54.63784,54.63784,-2.21882,-2.21882,1.39,1.39,SNPP,0,0,1
1334,2013-03-05,2013-03-05,1,1,54.70427,-2.35107,54.70427,54.70427,-2.35107,-2.35107,1.64,1.64,SNPP,0,0,1
1335,2013-03-05,2013-03-05,1,1,54.76666,-1.95606,54.76666,54.76666,-1.95606,-1.95606,2.4,2.4,SNPP,0,0,1
1336,2013-03-05,2013-03-05,1,1,54.8103,-2.13244,54.8103,54.8103,-2.13244,-2.13244,2.16,2.16,SNPP,0,0,1
1337,2013-03-05,2013-03-05,1,1,55.49554,-5.18488,55.49554,55.49554,-5.18488,-5.18488,5.01,5.01,SNPP,0,0,1
1338,2013-03-05,2013-03-05,1,1,55.59681,-3.14039,55.59681,55.59681,-3.14039,-3.14039,2.76,2.76,SNPP,0,0,1
1339,2013-03-05,2013-03-05,1,2,55.61509,-3.14778,55.61342,55.61676,-3.14843,-3.14713,3.74,7.48,SNPP,0,0,1
1340,2013-03-05,2013-03-05,1,1,55.77949,-3.4521,55.77949,55.77949,-3.4521,-3.4521,3.69,3.69,SNPP,0,0,1
1341,2013-03-06,2013-03-06,1,2,53.00915,-4.24784,53.0074,53.0109,-4.24854,-4.24714,1.65,2.2,SNPP,0,2,1
1342,2013-03-06,2013-03-06,1,1,51.30335,1.15732,51.30335,51.30335,1.15732,1.15732,2.75,2.75,SNPP,0,0,1
1343,2013-03-10,2013-03-10,1,4,56.44873,-5.36997,56.44597,56.45093,-5.37422,-5.36703,7.48,19.21,SNPP,0,0,1
1344,2013-03-10,2013-03-10,1,1,56.97019,-5.78693,56.97019,56.97019,-5.78693,-5.78693,4.07,4.07,SNPP,0,0,1
1345,2013-03-11,2013-03-11,1,6,57.52428,-7.29206,57.52094,57.52801,-7.29497,-7.28871,3.1,12.6,SNPP,0,6,1
1346,2013-03-11,2013-03-11,1,1,60.33147,-1.18428,60.33147,60.33147,-1.18428,-1.18428,1.52,1.52,SNPP,0,1,1
1347,2013-03-11,2013-03-11,1,3,57.61438,-6.1958,57.61203,57.61584,-6.19839,-6.19366,11.13,23.95,SNPP,0,0,1
1348,2013-03-11,2013-03-11,1,1,54.87392,-4.53633,54.87392,54.87392,-4.53633,-4.53633,4.55,4.55,SNPP,0,0,1
1349,2013-03-11,2013-03-12,2,4,56.42822,-5.42048,56.42416,56.43225,-5.42673,-5.41477,3.94,11.4,SNPP,0,1,2
1350,2013-03-11,2013-03-11,1,2,56.96197,-5.62787,56.96184,56.96209,-5.6281,-5.62764,13.88,27.52,SNPP,0,0,1
1351,2013-03-11,2013-03-11,1,4,57.17456,-6.09785,57.17253,57.17701,-6.10406,-6.09077,8.42,31.87,SNPP,0,0,1
1352,2013-03-11,2013-03-11,1,8,57.18162,-5.97078,57.17432,57.18479,-5.98895,-5.95914,28.16,102.82,SNPP,0,0,1
1353,2013-03-11,2013-03-11,1,1,57.41388,-7.28752,57.41388,57.41388,-7.28752,-7.28752,1.58,1.58,SNPP,0,0,1
1354,2013-03-11,2013-03-11,1,1,57.8325,-6.77729,57.8325,57.8325,-6.77729,-6.77729,8.01,8.01,SNPP,0,0,1
1355,2013-03-11,2013-03-11,1,1,58.28145,-5.02803,58.28145,58.28145,-5.02803,-5.02803,1.91,1.91,SNPP,0,0,1
1356,2013-03-11,2013-03-11,1,3,58.44741,-4.41229,58.4442,58.45062,-4.41416,-4.41041,4.67,11.46,SNPP,0,0,1
1357,2013-03-11,2013-03-11,1,6,58.50731,-4.13174,58.5008,58.51245,-4.13494,-4.12352,15.57,69.14,SNPP,0,0,1
1358,2013-03-11,2013-03-13,2,5,56.3968,-5.54932,56.39635,56.39742,-5.55843,-5.53138,8.54,33.08,SNPP,0,0,3
1359,2013-03-11,2013-03-11,1,3,58.05005,-5.41023,58.04767,58.05444,-5.41055,-5.40973,9.23,24.59,SNPP,0,0,1
1360,2013-03-11,2013-03-11,1,1,58.40889,-4.20103,58.40889,58.40889,-4.20103,-4.20103,3.67,3.67,SNPP,0,0,1
1361,2013-03-12,2013-03-12,1,1,53.5854,-2.31552,53.5854,53.5854,-2.31552,-2.31552,1.04,1.04,SNPP,0,1,1
1362,2013-03-12,2013-03-12,1,1,52.90005,-4.34038,52.90005,52.90005,-4.34038,-4.34038,4.84,4.84,SNPP,0,0,1
1363,2013-03-12,2013-03-12,1,1,56.31742,-6.36638,56.31742,56.31742,-6.36638,-6.36638,2.72,2.72,SNPP,0,0,1
1364,2013-03-13,2013-03-13,1,1,52.59609,-0.17357,52.59609,52.59609,-0.17357,-0.17357,1.51,1.51,SNPP,0,1,1
1365,2013-03-13,2013-03-13,1,1,54.22549,-3.13778,54.22549,54.22549,-3.13778,-3.13778,4.2,4.2,SNPP,0,0,1
1366,2013-03-13,2013-03-13,1,1,55.32118,-3.7256,55.32118,55.32118,-3.7256,-3.7256,2.58,2.58,SNPP,0,0,1
1367,2013-03-13,2013-03-13,1,1,57.36296,-6.67852,57.36296,57.36296,-6.67852,-6.67852,5.33,5.33,SNPP,0,0,1
1368,2013-03-14,2013-03-14,1,1,53.67369,-2.37929,53.67369,53.67369,-2.37929,-2.37929,1.32,1.32,SNPP,0,1,1
1369,2013-03-14,2013-03-14,1,2,52.11698,-0.60444,52.11605,52.11792,-0.60588,-0.60301,2.73,3.88,SNPP,0,2,1
1370,2013-03-14,2013-03-14,1,1,51.1737,-3.54733,51.1737,51.1737,-3.54733,-3.54733,4.56,4.56,SNPP,0,0,1
1371,2013-03-14,2013-03-14,1,2,51.21634,-3.50986,51.21367,51.21901,-3.51186,-3.50786,4.71,8.46,SNPP,0,0,1
1372,2013-03-14,2013-03-14,1,1,51.92568,-3.00604,51.92568,51.92568,-3.00604,-3.00604,4.89,4.89,SNPP,0,0,1
1373,2013-03-18,2013-03-18,1,1,53.46198,-2.03958,53.46198,53.46198,-2.03958,-2.03958,0.66,0.66,SNPP,0,1,1
1374,2013-03-20,2013-03-20,1,1,53.42356,-2.39356,53.42356,53.42356,-2.39356,-2.39356,0.77,0.77,SNPP,0,1,1
1375,2013-03-20,2013-03-21,2,7,56.98312,-7.38776,56.97982,56.98708,-7.39465,-7.38048,20.52,73.08,SNPP,0,0,2
1376,2013-03-20,2013-03-20,1,1,57.64568,-7.28146,57.64568,57.64568,-7.28146,-7.28146,8.23,8.23,SNPP,0,0,1
1377,2013-03-21,2013-03-21,1,4,57.37192,-6.67618,57.36749,57.37492,-6.68227,-6.67207,2.59,7.72,SNPP,0,1,1
1378,2013-03-21,2013-03-21,1,1,56.64196,-5.63439,56.64196,56.64196,-5.63439,-5.63439,2.51,2.51,SNPP,0,0,1
1379,2013-03-24,2013-03-24,1,10,57.56152,-6.38871,57.55589,57.56458,-6.39846,-6.3811,8.24,37.21,SNPP,0,7,1
1380,2013-03-24,2013-03-26,3,5,57.61504,-6.26609,57.61163,57.62057,-6.26927,-6.26124,4.82,12.03,SNPP,0,3,3
1381,2013-03-24,2013-03-24,1,1,57.14286,-7.33295,57.14286,57.14286,-7.33295,-7.33295,10.86,10.86,SNPP,0,0,1
1382,2013-03-24,2013-03-24,1,1,60.30078,-1.4286,60.30078,60.30078,-1.4286,-1.4286,10.38,10.38,SNPP,0,0,1
1383,2013-03-25,2013-03-25,1,1,60.28115,-1.58326,60.28115,60.28115,-1.58326,-1.58326,0.5,0.5,SNPP,0,1,1
1384,2013-03-25,2013-03-25,1,1,53.5691,-2.40698,53.5691,53.5691,-2.40698,-2.40698,4.24,4.24,SNPP,0,0,1
1385,2013-03-25,2013-03-25,1,1,56.96691,-5.68806,56.96691,56.96691,-5.68806,-5.68806,4.06,4.06,SNPP,0,0,1
1386,2013-03-25,2013-03-27,2,2,56.9695,-5.7297,56.96489,56.97412,-5.73224,-5.72716,5.24,10.29,SNPP,0,0,3
1387,2013-03-25,2013-03-25,1,1,57.21261,-4.53439,57.21261,57.21261,-4.53439,-4.53439,3.16,3.16,SNPP,0,0,1
1388,2013-03-26,2013-03-26,1,1,56.7648,-5.86707,56.7648,56.7648,-5.86707,-5.86707,1.45,1.45,SNPP,0,1,1
1389,2013-03-26,2013-03-26,1,3,57.19187,-5.54371,57.1895,57.19306,-5.54524,-5.54284,2.34,5.61,SNPP,0,3,1
1390,2013-03-26,2013-03-26,1,1,57.20819,-6.36646,57.20819,57.20819,-6.36646,-6.36646,0.9,0.9,SNPP,0,1,1
1391,2013-03-26,2013-03-26,1,1,57.1091,-7.3466,57.1091,57.1091,-7.3466,-7.3466,4.66,4.66,SNPP,0,0,1
1392,2013-03-26,2013-03-28,2,3,57.36241,-3.38722,57.35752,57.36635,-3.39288,-3.37854,4.74,10.14,SNPP,0,0,3
1393,2013-03-27,2013-03-28,2,24,57.20279,-5.5971,57.19524,57.21342,-5.62604,-5.57376,41.99,353.95,SNPP,0,9,2
1394,2013-03-27,2013-03-27,1,1,57.65982,-6.29231,57.65982,57.65982,-6.29231,-6.29231,3.12,3.12,SNPP,0,1,1
1395,2013-03-27,2013-04-02,7,79,58.38405,-6.22875,58.37025,58.4001,-6.27484,-6.19772,19.86,433.06,SNPP,0,23,7
1396,2013-03-27,2013-03-27,1,2,56.98606,-5.81294,56.98425,56.98788,-5.8154,-5.81049,8.13,14.99,SNPP,0,0,1
1397,2013-03-27,2013-03-27,1,5,56.45646,-5.22496,56.45486,56.45897,-5.22903,-5.22051,8.12,35.31,SNPP,0,0,1
1398,2013-03-27,2013-03-27,1,1,57.75474,-6.93758,57.75474,57.75474,-6.93758,-6.93758,5.41,5.41,SNPP,0,0,1
1399,2013-03-27,2013-03-29,3,9,57.83285,-6.74746,57.82503,57.84008,-6.75176,-6.74212,28.6,73.5,SNPP,0,2,3
1400,2013-03-28,2013-03-28,1,1,57.61433,-7.46137,57.61433,57.61433,-7.46137,-7.46137,0.89,0.89,SNPP,0,1,1
1401,2013-03-28,2013-03-28,1,1,57.78593,-6.89275,57.78593,57.78593,-6.89275,-6.89275,0.33,0.33,SNPP,0,1,1
1402,2013-03-28,2013-03-28,1,3,56.46866,-5.194,56.4659,56.47094,-5.19608,-5.19148,19.9,21.7,SNPP,0,2,1
1403,2013-03-28,2013-03-29,2,13,56.69845,-5.53542,56.69193,56.71196,-5.56323,-5.51241,3.73,22.42,SNPP,0,13,2
1404,2013-03-28,2013-03-28,1,1,51.18477,-3.46295,51.18477,51.18477,-3.46295,-3.46295,3.76,3.76,SNPP,0,0,1
1405,2013-03-28,2013-03-28,1,5,57.03235,-5.99349,57.02715,57.03608,-6.00321,-5.98726,7.33,30.46,SNPP,0,0,1
1406,2013-03-28,2013-03-28,1,1,57.38974,-7.32876,57.38974,57.38974,-7.32876,-7.32876,28.43,28.43,SNPP,0,0,1
1407,2013-03-28,2013-03-30,2,6,57.75593,-5.60538,57.75092,57.76557,-5.61823,-5.59607,8.19,19.39,SNPP,0,4,3
1408,2013-03-29,2013-03-29,1,2,52.00342,-4.83218,52.0017,52.00515,-4.83267,-4.8317,6.87,8.71,SNPP,0,2,1
1409,2013-03-29,2013-03-29,1,3,54.33553,-0.97299,54.3347,54.33596,-0.97575,-0.97055,8.17,18.04,SNPP,0,0,1
1410,2013-03-29,2013-03-29,1,4,56.74505,-6.15657,56.74343,56.7477,-6.16179,-6.15302,5.34,17.89,SNPP,0,0,1
1411,2013-03-29,2013-03-29,1,1,57.55099,-6.3855,57.55099,57.55099,-6.3855,-6.3855,4.09,4.09,SNPP,0,0,1
1412,2013-03-29,2013-03-29,1,4,51.83236,-3.87604,51.8307,51.83403,-3.88096,-3.87106,17.95,47.84,SNPP,0,0,1
1413,2013-03-29,2013-03-29,1,1,56.79119,-5.86563,56.79119,56.79119,-5.86563,-5.86563,43.92,43.92,SNPP,0,0,1
1414,2013-03-29,2013-03-29,1,4,57.10701,-7.31857,57.10496,57.10938,-7.32366,-7.31541,25.29,77.44,SNPP,0,0,1
1415,2013-03-29,2013-03-29,1,1,57.47254,-7.24841,57.47254,57.47254,-7.24841,-7.24841,3.03,3.03,SNPP,0,0,1
1416,2013-03-30,2013-03-30,1,1,53.58374,-2.31509,53.58374,53.58374,-2.31509,-2.31509,1.0,1.0,SNPP,0,1,1
1417,2013-03-30,2013-04-01,2,6,58.24114,-5.24971,58.23439,58.24594,-5.25707,-5.24312,6.29,26.25,SNPP,0,1,3
1418,2013-03-30,2013-03-30,1,2,57.73034,-5.13956,57.72965,57.73103,-5.14423,-5.1349,4.37,8.29,SNPP,0,0,1
1419,2013-03-30,2013-03-30,1,3,57.74458,-6.95669,57.74382,57.74553,-6.96204,-6.9514,10.93,17.59,SNPP,0,0,1
1420,2013-03-30,2013-03-30,1,1,50.70024,-3.95092,50.70024,50.70024,-3.95092,-3.95092,7.4,7.4,SNPP,0,0,1
1421,2013-03-30,2013-03-30,1,1,52.9703,-4.36024,52.9703,52.9703,-4.36024,-4.36024,4.19,4.19,SNPP,0,0,1
1422,2013-03-30,2013-03-30,1,1,54.41029,-0.99691,54.41029,54.41029,-0.99691,-0.99691,4.39,4.39,SNPP,0,0,1
1423,2013-03-30,2013-03-30,1,1,56.79826,-5.13556,56.79826,56.79826,-5.13556,-5.13556,5.1,5.1,SNPP,0,0,1
1424,2013-03-30,2013-03-30,1,2,57.26568,-4.31438,57.26357,57.26779,-4.31451,-4.31425,1.99,3.98,SNPP,0,0,1
1425,2013-03-30,2013-03-30,1,1,57.41087,-7.21781,57.41087,57.41087,-7.21781,-7.21781,7.13,7.13,SNPP,0,0,1
1426,2013-03-30,2013-03-30,1,1,57.42604,-4.58617,57.42604,57.42604,-4.58617,-4.58617,4.81,4.81,SNPP,0,0,1
1427,2013-03-30,2013-03-30,1,2,57.85277,-5.21552,57.85224,57.85329,-5.22204,-5.20899,7.07,12.92,SNPP,0,0,1
1428,2013-03-30,2013-03-30,1,2,58.19837,-6.51259,58.19603,58.20071,-6.51662,-6.50856,10.83,19.89,SNPP,0,0,1
1429,2013-03-31,2013-03-31,1,6,51.73692,-3.71308,51.73545,51.74122,-3.71731,-3.70815,2.43,11.0,SNPP,0,5,1
1430,2013-03-31,2013-03-31,1,2,52.66664,-1.73318,52.66578,52.6675,-1.73413,-1.73223,0.66,1.19,SNPP,0,2,1
1431,2013-03-31,2013-03-31,1,1,57.79352,-6.9545,57.79352,57.79352,-6.9545,-6.9545,0.72,0.72,SNPP,0,1,1
1432,2013-03-31,2013-03-31,1,1,52.0857,-4.03033,52.0857,52.0857,-4.03033,-4.03033,4.94,4.94,SNPP,0,0,1
1433,2013-03-31,2013-03-31,1,1,51.63838,-3.46846,51.63838,51.63838,-3.46846,-3.46846,3.09,3.09,SNPP,0,0,1
1434,2013-03-31,2013-03-31,1,1,57.63758,-4.82701,57.63758,57.63758,-4.82701,-4.82701,10.34,10.34,SNPP,0,0,1
1435,2013-04-01,2013-04-01,1,1,58.29167,-3.30377,58.29167,58.29167,-3.30377,-3.30377,0.47,0.47,SNPP,0,1,1
1436,2013-04-01,2013-04-01,1,1,56.95843,-7.55014,56.95843,56.95843,-7.55014,-7.55014,0.5,0.5,SNPP,0,1,1
1437,2013-04-01,2013-04-01,1,5,57.59,-7.28194,57.58788,57.59216,-7.29456,-7.26752,7.52,23.01,SNPP,0,2,1
1438,2013-04-01,2013-04-01,1,2,57.43532,-7.3321,57.43327,57.43736,-7.33661,-7.3276,6.98,12.22,SNPP,0,2,1
1439,2013-04-01,2013-04-01,1,6,57.09959,-4.0806,57.09367,57.10426,-4.0872,-4.07178,44.47,194.38,SNPP,1,0,1
1440,2013-04-01,2013-04-01,1,2,57.48463,-3.39318,57.48435,57.48491,-3.39397,-3.39238,3.17,5.86,SNPP,0,0,1
1441,2013-04-01,2013-04-01,1,3,57.74043,-5.0003,57.73766,57.74222,-5.00364,-4.99486,7.53,18.59,SNPP,0,0,1
1442,2013-04-01,2013-04-01,1,2,58.03228,-5.01741,58.03085,58.03371,-5.02028,-5.01454,5.87,10.75,SNPP,0,0,1
1443,2013-04-01,2013-04-01,1,1,54.32153,-1.094,54.32153,54.32153,-1.094,-1.094,2.34,2.34,SNPP,0,0,1
1444,2013-04-01,2013-04-01,1,1,55.93275,-4.71358,55.93275,55.93275,-4.71358,-4.71358,1.78,1.78,SNPP,0,0,1
1445,2013-04-01,2013-04-01,1,1,56.78469,-3.96379,56.78469,56.78469,-3.96379,-3.96379,1.98,1.98,SNPP,0,0,1
1446,2013-04-01,2013-04-02,2,6,56.98604,-5.83423,56.9806,56.9896,-5.83977,-5.82791,9.46,28.4,SNPP,0,1,2
1447,2013-04-01,2013-04-01,1,1,57.40012,-3.8425,57.40012,57.40012,-3.8425,-3.8425,5.58,5.58,SNPP,0,0,1
1448,2013-04-01,2013-04-01,1,1,57.42884,-3.52345,57.42884,57.42884,-3.52345,-3.52345,3.07,3.07,SNPP,0,0,1
1449,2013-04-01,2013-04-01,1,2,57.45172,-4.70034,57.45124,57.45221,-4.70347,-4.6972,6.79,12.26,SNPP,0,0,1
1450,2013-04-01,2013-04-01,1,3,57.60521,-4.94899,57.60273,57.60694,-4.95166,-4.94538,6.82,17.14,SNPP,0,0,1
1451,2013-04-01,2013-04-01,1,1,57.76165,-5.05797,57.76165,57.76165,-5.05797,-5.05797,9.68,9.68,SNPP,0,0,1
1452,2013-04-01,2013-04-01,1,1,57.81004,-5.08428,57.81004,57.81004,-5.08428,-5.08428,4.26,4.26,SNPP,0,0,1
1453,2013-04-01,2013-04-01,1,1,58.08444,-6.48165,58.08444,58.08444,-6.48165,-6.48165,4.25,4.25,SNPP,0,0,1
1454,2013-04-01,2013-04-01,1,2,58.10712,-4.9635,58.10361,58.11063,-4.96638,-4.96063,17.95,23.86,SNPP,0,0,1
1455,2013-04-01,2013-04-02,2,7,58.24626,-5.37238,58.24419,58.24843,-5.3874,-5.36445,14.13,50.31,SNPP,0,0,2
1456,2013-04-01,2013-04-01,1,2,58.29848,-6.74428,58.29816,58.29879,-6.74506,-6.7435,12.19,15.05,SNPP,0,0,1
1457,2013-04-01,2013-04-01,1,2,58.58954,-3.71292,58.5879,58.59119,-3.71374,-3.71209,2.81,4.86,SNPP,0,0,1
1458,2013-04-01,2013-04-01,1,2,56.68744,-5.44868,56.68642,56.68845,-5.45007,-5.44729,9.69,19.21,SNPP,0,0,1
1459,2013-04-01,2013-04-01,1,1,57.40934,-6.72227,57.40934,57.40934,-6.72227,-6.72227,6.5,6.5,SNPP,0,0,1
1460,2013-04-01,2013-04-02,2,24,57.75702,-5.68553,57.74331,57.77165,-5.72214,-5.66544,22.08,161.42,SNPP,0,9,2
1461,2013-04-01,2013-04-02,2,7,57.85473,-5.39997,57.84591,57.8598,-5.40785,-5.39365,12.58,19.38,SNPP,0,6,2
1462,2013-04-01,2013-04-01,1,1,58.49988,-4.27737,58.49988,58.49988,-4.27737,-4.27737,3.79,3.79,SNPP,0,0,1
1463,2013-04-02,2013-04-04,3,18,56.88054,-5.52248,56.87572,56.88729,-5.54061,-5.50095,15.79,95.43,SNPP,0,6,3
1464,2013-04-02,2013-04-02,1,1,51.1806,0.46919,51.1806,51.1806,0.46919,0.46919,0.58,0.58,SNPP,0,1,1
1465,2013-04-02,2013-04-02,1,14,57.11662,-4.65988,57.10559,57.12761,-4.67151,-4.64821,15.46,106.54,SNPP,0,0,1
1466,2013-04-02,2013-04-02,1,22,58.08403,-4.9998,58.07696,58.09204,-5.01457,-4.98304,32.29,247.8,SNPP,0,0,1
1467,2013-04-02,2013-04-02,1,1,51.23927,-1.87779,51.23927,51.23927,-1.87779,-1.87779,2.62,2.62,SNPP,0,0,1
1468,2013-04-02,2013-04-03,2,4,51.77983,-3.8353,51.77705,51.7842,-3.84685,-3.82717,4.61,17.27,SNPP,0,0,2
1469,2013-04-02,2013-04-02,1,1,54.37103,-0.54775,54.37103,54.37103,-0.54775,-0.54775,22.36,22.36,SNPP,0,0,1
1470,2013-04-02,2013-04-02,1,1,54.40746,-7.89645,54.40746,54.40746,-7.89645,-7.89645,3.48,3.48,SNPP,0,0,1
1471,2013-04-02,2013-04-03,2,2,54.41336,-0.68601,54.41225,54.41447,-0.68694,-0.68508,5.23,8.98,SNPP,0,0,2
1472,2013-04-02,2013-04-03,2,10,57.16238,-6.0909,57.15787,57.16696,-6.10611,-6.08163,9.3,51.75,SNPP,0,3,2
1473,2013-04-02,2013-04-02,1,1,57.38379,-4.59075,57.38379,57.38379,-4.59075,-4.59075,2.46,2.46,SNPP,0,0,1
1474,2013-04-02,2013-04-02,1,2,57.40796,-6.60266,57.40623,57.40969,-6.60386,-6.60146,5.51,11.02,SNPP,0,0,1
1475,2013-04-02,2013-04-02,1,7,57.46073,-5.59815,57.4572,57.46612,-5.60241,-5.59261,16.07,62.76,SNPP,0,0,1
1476,2013-04-02,2013-04-02,1,1,57.59065,-5.00131,57.59065,57.59065,-5.00131,-5.00131,6.1,6.1,SNPP,0,0,1
1477,2013-04-02,2013-04-02,1,3,57.66687,-5.16819,57.66669,57.66697,-5.16956,-5.1661,6.26,17.0,SNPP,0,0,1
1478,2013-04-02,2013-04-03,2,4,57.70624,-5.14841,57.70334,57.71069,-5.15618,-5.14167,5.91,16.23,SNPP,0,2,2
1479,2013-04-02,2013-04-02,1,3,57.979,-5.01387,57.97781,57.98068,-5.02803,-5.00521,8.57,16.54,SNPP,0,0,1
1480,2013-04-02,2013-04-02,1,1,51.3527,-0.73438,51.3527,51.3527,-0.73438,-0.73438,2.93,2.93,SNPP,0,0,1
1481,2013-04-02,2013-04-02,1,1,52.83662,-4.09331,52.83662,52.83662,-4.09331,-4.09331,4.35,4.35,SNPP,0,0,1
1482,2013-04-02,2013-04-04,2,2,54.44177,-7.3487,54.44024,54.4433,-7.35533,-7.34206,14.94,16.95,SNPP,0,0,3
1483,2013-04-02,2013-04-02,1,2,57.35247,-4.55693,57.3504,57.35454,-4.55725,-4.55661,6.41,11.85,SNPP,0,0,1
1484,2013-04-02,2013-04-02,1,1,57.48337,-6.30507,57.48337,57.48337,-6.30507,-6.30507,3.98,3.98,SNPP,0,0,1
1485,2013-04-02,2013-04-02,1,1,57.58369,-4.72229,57.58369,57.58369,-4.72229,-4.72229,4.13,4.13,SNPP,0,0,1
1486,2013-04-03,2013-04-03,1,1,58.18,-5.23433,58.18,58.18,-5.23433,-5.23433,1.69,1.69,SNPP,0,1,1
1487,2013-04-03,2013-04-04,2,3,52.09566,-3.88549,52.09396,52.0971,-3.88723,-3.88439,13.22,18.36,SNPP,0,1,2
1488,2013-04-03,2013-04-03,1,3,53.38449,-2.17061,53.3815,53.38666,-2.17336,-2.16768,3.65,10.95,SNPP,0,0,1
1489,2013-04-03,2013-04-03,1,1,54.31783,-0.92308,54.31783,54.31783,-0.92308,-0.92308,5.99,5.99,SNPP,0,0,1
1490,2013-04-03,2013-04-03,1,1,54.38006,-0.63966,54.38006,54.38006,-0.63966,-0.63966,5.07,5.07,SNPP,0,0,1
1491,2013-04-03,2013-04-03,1,2,55.58712,-3.64746,55.58636,55.58787,-3.64995,-3.64497,5.47,7.99,SNPP,0,0,1
1492,2013-04-03,2013-04-03,1,2,55.71591,-3.55846,55.71486,55.71696,-3.56003,-3.55689,10.01,19.79,SNPP,0,0,1
1493,2013-04-03,2013-04-04,2,9,56.89724,-5.73176,56.8947,56.89939,-5.74752,-5.72199,9.0,30.14,SNPP,0,5,2
1494,2013-04-03,2013-04-03,1,2,56.96766,-5.70167,56.96682,56.9685,-5.705,-5.69834,3.24,6.3,SNPP,0,0,1
1495,2013-04-03,2013-04-04,2,44,57.30439,-5.58582,57.28621,57.32417,-5.60444,-5.56106,115.66,540.62,SNPP,0,22,2
1496,2013-04-03,2013-04-03,1,1,57.33368,-5.57259,57.33368,57.33368,-5.57259,-5.57259,4.06,4.06,SNPP,0,0,1
1497,2013-04-03,2013-04-03,1,1,57.34149,-3.40729,57.34149,57.34149,-3.40729,-3.40729,4.28,4.28,SNPP,0,0,1
1498,2013-04-03,2013-04-03,1,1,51.66126,-3.99406,51.66126,51.66126,-3.99406,-3.99406,2.1,2.1,SNPP,0,0,1
1499,2013-04-03,2013-04-03,1,1,52.21906,-1.93527,52.21906,52.21906,-1.93527,-1.93527,4.85,4.85,SNPP,0,0,1
1500,2013-04-03,2013-04-04,2,5,53.35387,-1.79109,53.35205,53.35484,-1.79483,-1.78576,7.5,28.19,SNPP,0,0,2
1501,2013-04-03,2013-04-03,1,1,56.77473,-5.72292,56.77473,56.77473,-5.72292,-5.72292,68.64,68.64,SNPP,0,0,1
1502,2013-04-03,2013-04-03,1,2,57.3067,-3.945,57.30628,57.30713,-3.94663,-3.94336,5.73,9.44,SNPP,0,0,1
1503,2013-04-03,2013-04-03,1,2,57.3966,-5.05376,57.39642,57.39678,-5.05534,-5.05217,3.87,6.6,SNPP,0,0,1
1504,2013-04-04,2013-04-04,1,2,54.41886,-7.43874,54.41862,54.4191,-7.44221,-7.43526,1.37,2.29,SNPP,0,2,1
1505,2013-04-04,2013-04-04,1,1,51.60258,-3.40888,51.60258,51.60258,-3.40888,-3.40888,0.85,0.85,SNPP,0,1,1
1506,2013-04-04,2013-04-04,1,5,51.70021,-3.91367,51.6975,51.70209,-3.91919,-3.90763,8.68,27.53,SNPP,0,5,1
1507,2013-04-04,2013-04-04,1,3,56.83713,-3.93639,56.83152,56.84039,-3.93877,-3.93286,12.91,21.83,SNPP,0,0,1
1508,2013-04-04,2013-04-04,1,1,57.40937,-7.23064,57.40937,57.40937,-7.23064,-7.23064,10.43,10.43,SNPP,0,0,1
1509,2013-04-04,2013-04-05,2,4,57.67044,-6.28109,57.66474,57.67693,-6.28375,-6.27721,5.76,9.01,SNPP,0,3,2
1510,2013-04-04,2013-04-04,1,2,54.75094,-7.14072,54.75092,54.75097,-7.14073,-7.14071,3.7,6.55,SNPP,0,0,1
1511,2013-04-05,2013-04-05,1,4,58.218,-5.21326,58.21496,58.22014,-5.21461,-5.2112,6.16,16.68,SNPP,0,1,1
1512,2013-04-05,2013-04-05,1,1,54.18341,-5.88854,54.18341,54.18341,-5.88854,-5.88854,2.45,2.45,SNPP,0,1,1
1513,2013-04-05,2013-04-05,1,2,50.95666,-4.4671,50.9544,50.95893,-4.46745,-4.46675,1.57,3.14,SNPP,0,2,1
1514,2013-04-05,2013-04-05,1,2,51.69814,-3.95593,51.69591,51.70036,-3.95641,-3.95545,1.34,2.68,SNPP,0,2,1
1515,2013-04-05,2013-04-06,2,2,55.39023,-5.77243,55.38961,55.39085,-5.77631,-5.76855,6.21,8.81,SNPP,0,0,2
1516,2013-04-05,2013-04-05,1,1,55.90358,-4.2409,55.90358,55.90358,-4.2409,-4.2409,2.31,2.31,SNPP,0,0,1
1517,2013-04-05,2013-04-05,1,4,56.82398,-5.24257,56.8219,56.82607,-5.24335,-5.24181,7.24,25.66,SNPP,0,0,1
1518,2013-04-05,2013-04-05,1,2,57.55442,-6.20887,57.55265,57.5562,-6.20946,-6.20828,5.35,10.7,SNPP,0,0,1
1519,2013-04-05,2013-04-05,1,1,57.96395,-5.15532,57.96395,57.96395,-5.15532,-5.15532,4.15,4.15,SNPP,0,0,1
1520,2013-04-05,2013-04-05,1,1,58.26935,-4.55943,58.26935,58.26935,-4.55943,-4.55943,4.49,4.49,SNPP,0,0,1
1521,2013-04-05,2013-04-05,1,2,58.54783,-4.14578,58.5471,58.54856,-4.14607,-4.14548,6.15,12.05,SNPP,0,0,1
1522,2013-04-06,2013-04-06,1,2,51.62023,-3.47384,51.61934,51.62111,-3.47412,-3.47357,0.75,1.19,SNPP,0,2,1
1523,2013-04-06,2013-04-06,1,1,51.92608,-3.22398,51.92608,51.92608,-3.22398,-3.22398,1.18,1.18,SNPP,0,1,1
1524,2013-04-06,2013-04-06,1,1,51.13384,-1.45948,51.13384,51.13384,-1.45948,-1.45948,2.42,2.42,SNPP,0,0,1
1525,2013-04-06,2013-04-06,1,1,51.59104,-3.16574,51.59104,51.59104,-3.16574,-3.16574,6.79,6.79,SNPP,0,0,1
1526,2013-04-06,2013-04-06,1,1,53.57296,-2.30752,53.57296,53.57296,-2.30752,-2.30752,2.88,2.88,SNPP,0,0,1
1527,2013-04-06,2013-04-06,1,1,53.67671,-2.08407,53.67671,53.67671,-2.08407,-2.08407,10.25,10.25,SNPP,0,0,1
1528,2013-04-06,2013-04-06,1,1,54.31511,-7.8063,54.31511,54.31511,-7.8063,-7.8063,2.77,2.77,SNPP,0,0,1
1529,2013-04-06,2013-04-06,1,1,54.82259,-2.78167,54.82259,54.82259,-2.78167,-2.78167,5.7,5.7,SNPP,0,0,1
1530,2013-04-06,2013-04-06,1,1,54.94889,-2.44181,54.94889,54.94889,-2.44181,-2.44181,3.05,3.05,SNPP,0,0,1
1531,2013-04-06,2013-04-06,1,2,55.01626,-4.87878,55.01464,55.01788,-4.87953,-4.87803,7.41,10.28,SNPP,0,0,1
1532,2013-04-06,2013-04-06,1,1,56.64879,-3.53767,56.64879,56.64879,-3.53767,-3.53767,9.72,9.72,SNPP,0,0,1
1533,2013-04-06,2013-04-06,1,2,57.79633,-6.95985,57.79472,57.79794,-6.96074,-6.95896,8.63,13.45,SNPP,0,0,1
1534,2013-04-06,2013-04-06,1,1,54.81261,-7.29944,54.81261,54.81261,-7.29944,-7.29944,5.34,5.34,SNPP,0,0,1
1535,2013-04-08,2013-04-08,1,1,51.51689,-3.65832,51.51689,51.51689,-3.65832,-3.65832,2.82,2.82,SNPP,0,0,1
1536,2013-04-08,2013-04-08,1,1,54.29508,-7.31976,54.29508,54.29508,-7.31976,-7.31976,4.21,4.21,SNPP,0,0,1
1537,2013-04-08,2013-04-08,1,1,54.37724,-7.1626,54.37724,54.37724,-7.1626,-7.1626,3.07,3.07,SNPP,0,0,1
1538,2013-04-08,2013-04-08,1,8,54.52926,-7.9409,54.52428,54.53269,-7.95446,-7.92557,31.2,166.71,SNPP,0,0,1
1539,2013-04-08,2013-04-09,2,22,56.48159,-5.91917,56.47366,56.49405,-5.94797,-5.89198,30.65,166.4,SNPP,0,15,2
1540,2013-04-08,2013-04-08,1,1,58.05894,-3.84537,58.05894,58.05894,-3.84537,-3.84537,1.66,1.66,SNPP,0,0,1
1541,2013-04-09,2013-04-09,1,1,53.83442,-0.98072,53.83442,53.83442,-0.98072,-0.98072,1.56,1.56,SNPP,0,1,1
1542,2013-04-09,2013-04-09,1,1,55.68836,-6.46641,55.68836,55.68836,-6.46641,-6.46641,6.86,6.86,SNPP,0,1,1
1543,2013-04-09,2013-04-09,1,1,54.91311,-6.98841,54.91311,54.91311,-6.98841,-6.98841,3.2,3.2,SNPP,0,0,1
1544,2013-04-09,2013-04-09,1,1,56.18336,-4.05131,56.18336,56.18336,-4.05131,-4.05131,8.87,8.87,SNPP,0,0,1
1545,2013-04-09,2013-04-09,1,1,54.45156,-7.4343,54.45156,54.45156,-7.4343,-7.4343,2.85,2.85,SNPP,0,0,1
1546,2013-04-09,2013-04-09,1,1,55.89935,-3.94501,55.89935,55.89935,-3.94501,-3.94501,2.68,2.68,SNPP,0,0,1
1547,2013-04-09,2013-04-09,1,1,55.91418,-4.39207,55.91418,55.91418,-4.39207,-4.39207,4.83,4.83,SNPP,0,0,1
1548,2013-04-09,2013-04-09,1,1,56.83474,-4.80889,56.83474,56.83474,-4.80889,-4.80889,4.38,4.38,SNPP,0,0,1
1549,2013-04-10,2013-04-10,1,2,56.7685,-5.02037,56.76847,56.76853,-5.02307,-5.01767,1.1,2.19,SNPP,0,2,1
1550,2013-04-10,2013-04-10,1,2,54.97133,-7.13844,54.96976,54.9729,-7.14004,-7.13685,18.86,26.36,SNPP,0,0,1
1551,2013-04-10,2013-04-10,1,1,55.81754,-5.41837,55.81754,55.81754,-5.41837,-5.41837,7.83,7.83,SNPP,0,0,1
1552,2013-04-13,2013-04-13,1,1,57.47418,-2.30678,57.47418,57.47418,-2.30678,-2.30678,2.39,2.39,SNPP,0,0,1
1553,2013-04-13,2013-04-13,1,1,58.52824,-4.30809,58.52824,58.52824,-4.30809,-4.30809,10.76,10.76,SNPP,0,0,1
1554,2013-04-15,2013-04-15,1,1,57.00284,-2.97702,57.00284,57.00284,-2.97702,-2.97702,5.57,5.57,SNPP,0,0,1
1555,2013-04-18,2013-04-20,2,18,52.49769,-1.85879,52.48759,52.50579,-1.87104,-1.84491,38.42,183.54,SNPP,0,17,3
1556,2013-04-19,2013-04-19,1,1,52.724,-2.4377,52.724,52.724,-2.4377,-2.4377,3.73,3.73,SNPP,0,0,1
1557,2013-04-19,2013-04-19,1,1,55.8046,-4.24892,55.8046,55.8046,-4.24892,-4.24892,2.41,2.41,SNPP,0,0,1
1558,2013-04-19,2013-04-19,1,1,56.94466,-2.95522,56.94466,56.94466,-2.95522,-2.95522,2.02,2.02,SNPP,0,0,1
1559,2013-04-20,2013-04-20,1,1,51.49136,-0.53293,51.49136,51.49136,-0.53293,-0.53293,0.37,0.37,SNPP,0,1,1
1560,2013-04-20,2013-04-20,1,1,51.68001,-0.03186,51.68001,51.68001,-0.03186,-0.03186,0.6,0.6,SNPP,0,1,1
1561,2013-04-20,2013-04-20,1,1,51.56778,-3.39371,51.56778,51.56778,-3.39371,-3.39371,2.15,2.15,SNPP,0,0,1
1562,2013-04-21,2013-04-21,1,1,52.46999,-1.45211,52.46999,52.46999,-1.45211,-1.45211,0.57,0.57,SNPP,0,1,1
1563,2013-04-22,2013-04-22,1,1,52.43417,0.52789,52.43417,52.43417,0.52789,0.52789,3.4,3.4,SNPP,0,0,1
1564,2013-04-22,2013-04-22,1,1,57.5895,-4.03301,57.5895,57.5895,-4.03301,-4.03301,4.08,4.08,SNPP,0,0,1
1565,2013-04-23,2013-04-23,1,1,51.23437,1.20507,51.23437,51.23437,1.20507,1.20507,1.6,1.6,SNPP,0,0,1
1566,2013-04-23,2013-04-23,1,1,51.28143,-0.49091,51.28143,51.28143,-0.49091,-0.49091,1.23,1.23,SNPP,0,0,1
1567,2013-04-23,2013-04-23,1,1,51.39379,0.15226,51.39379,51.39379,0.15226,0.15226,1.64,1.64,SNPP,0,0,1
1568,2013-04-23,2013-04-23,1,1,52.15622,-0.32134,52.15622,52.15622,-0.32134,-0.32134,1.24,1.24,SNPP,0,0,1
1569,2013-04-23,2013-04-23,1,1,52.81736,1.16368,52.81736,52.81736,1.16368,1.16368,2.24,2.24,SNPP,0,0,1
1570,2013-04-24,2013-04-24,1,1,52.4382,0.8771,52.4382,52.4382,0.8771,0.8771,4.63,4.63,SNPP,0,0,1
1571,2013-04-26,2013-04-26,1,1,55.80907,-4.39599,55.80907,55.80907,-4.39599,-4.39599,2.0,2.0,SNPP,0,1,1
1572,2013-04-26,2013-04-26,1,2,52.88362,-0.80342,52.88351,52.88373,-0.80443,-0.8024,3.43,6.36,SNPP,0,0,1
1573,2013-04-26,2013-04-26,1,1,50.62735,-3.7842,50.62735,50.62735,-3.7842,-3.7842,3.32,3.32,SNPP,0,0,1
1574,2013-04-27,2013-04-27,1,1,51.60969,0.25582,51.60969,51.60969,0.25582,0.25582,1.06,1.06,SNPP,0,1,1
1575,2013-04-27,2013-04-27,1,1,50.58439,-4.52783,50.58439,50.58439,-4.52783,-4.52783,2.25,2.25,SNPP,0,0,1
1576,2013-04-27,2013-04-27,1,1,53.56786,-2.40473,53.56786,53.56786,-2.40473,-2.40473,2.49,2.49,SNPP,0,0,1
1577,2013-04-28,2013-04-28,1,4,53.06644,-0.77838,53.06382,53.06936,-0.77996,-0.77713,1.11,3.27,SNPP,0,4,1
1578,2013-04-29,2013-04-29,1,3,56.13275,-3.12336,56.13214,56.13316,-3.12633,-3.12026,5.71,15.57,SNPP,0,3,1
1579,2013-04-29,2013-04-29,1,1,56.2108,-3.32071,56.2108,56.2108,-3.32071,-3.32071,2.81,2.81,SNPP,0,0,1
1580,2013-04-30,2013-04-30,1,2,53.4088,-2.37882,53.40715,53.41045,-2.37948,-2.37815,0.47,0.65,SNPP,0,2,1
1581,2013-04-30,2013-04-30,1,1,53.58469,-2.31262,53.58469,53.58469,-2.31262,-2.31262,0.39,0.39,SNPP,0,1,1
1582,2013-04-30,2013-04-30,1,3,51.51518,-3.65738,51.51488,51.51537,-3.66163,-3.65274,15.99,42.41,SNPP,0,0,1
1583,2013-04-30,2013-04-30,1,1,53.64989,-0.36381,53.64989,53.64989,-0.36381,-0.36381,2.14,2.14,SNPP,0,0,1
1584,2013-04-30,2013-04-30,1,1,54.10471,-3.23051,54.10471,54.10471,-3.23051,-3.23051,2.75,2.75,SNPP,0,0,1
1585,2013-04-30,2013-04-30,1,2,55.41603,-2.45494,55.41574,55.41632,-2.45506,-2.45483,9.66,14.83,SNPP,1,0,1
1586,2013-04-30,2013-04-30,1,1,55.80362,-4.32854,55.80362,55.80362,-4.32854,-4.32854,3.28,3.28,SNPP,0,0,1
1587,2013-04-30,2013-04-30,1,2,55.90395,-3.08968,55.90204,55.90586,-3.09119,-3.08817,3.59,6.06,SNPP,0,0,1
1588,2013-04-30,2013-04-30,1,1,54.54565,-1.12513,54.54565,54.54565,-1.12513,-1.12513,1.2,1.2,SNPP,0,0,1
1589,2013-04-30,2013-04-30,1,4,56.67967,-3.43502,56.67701,56.68233,-3.43843,-3.43165,7.38,20.5,SNPP,0,0,1
1590,2013-05-01,2013-05-01,1,1,52.11317,-1.77335,52.11317,52.11317,-1.77335,-1.77335,1.29,1.29,SNPP,0,1,1
1591,2013-05-01,2013-05-01,1,1,53.41414,-0.19112,53.41414,53.41414,-0.19112,-0.19112,0.54,0.54,SNPP,0,1,1
1592,2013-05-01,2013-05-01,1,2,55.25372,-4.40177,55.2528,55.25464,-4.40275,-4.40079,0.57,1.04,SNPP,0,2,1
1593,2013-05-01,2013-05-01,1,1,51.66768,-3.19607,51.66768,51.66768,-3.19607,-3.19607,0.99,0.99,SNPP,0,1,1
1594,2013-05-01,2013-05-01,1,1,53.78771,-0.67042,53.78771,53.78771,-0.67042,-0.67042,6.94,6.94,SNPP,0,0,1
1595,2013-05-01,2013-05-01,1,3,50.13015,-5.66049,50.12814,50.13176,-5.66162,-5.65942,13.82,26.06,SNPP,0,0,1
1596,2013-05-01,2013-05-01,1,1,52.05841,-3.49795,52.05841,52.05841,-3.49795,-3.49795,4.17,4.17,SNPP,0,0,1
1597,2013-05-01,2013-05-01,1,2,52.88264,-0.80586,52.88192,52.88335,-0.80631,-0.80541,5.21,9.33,SNPP,0,0,1
1598,2013-05-01,2013-05-01,1,2,53.45429,-2.58324,53.45405,53.45453,-2.58659,-2.57988,15.74,28.06,SNPP,0,0,1
1599,2013-05-01,2013-05-01,1,1,54.53392,-6.98514,54.53392,54.53392,-6.98514,-6.98514,1.9,1.9,SNPP,0,0,1
1600,2013-05-01,2013-05-01,1,1,55.50924,-1.89549,55.50924,55.50924,-1.89549,-1.89549,2.8,2.8,SNPP,0,0,1
1601,2013-05-02,2013-05-02,1,1,52.66492,0.10693,52.66492,52.66492,0.10693,0.10693,0.81,0.81,SNPP,0,1,1
1602,2013-05-02,2013-05-02,1,3,51.77508,0.25452,51.77483,51.77543,0.25355,0.25541,4.63,9.26,SNPP,0,0,1
1603,2013-05-02,2013-05-02,1,1,49.99193,-5.2365,49.99193,49.99193,-5.2365,-5.2365,2.5,2.5,SNPP,0,0,1
1604,2013-05-02,2013-05-02,1,1,52.12194,-3.10966,52.12194,52.12194,-3.10966,-3.10966,1.45,1.45,SNPP,0,0,1
1605,2013-05-02,2013-05-02,1,1,52.69111,-2.77563,52.69111,52.69111,-2.77563,-2.77563,1.43,1.43,SNPP,0,0,1
1606,2013-05-03,2013-05-03,1,1,51.30904,0.62946,51.30904,51.30904,0.62946,0.62946,1.82,1.82,SNPP,0,0,1
1607,2013-05-03,2013-05-03,1,1,51.91666,-0.78647,51.91666,51.91666,-0.78647,-0.78647,1.56,1.56,SNPP,0,0,1
1608,2013-05-03,2013-05-03,1,1,52.10936,0.22344,52.10936,52.10936,0.22344,0.22344,11.74,11.74,SNPP,0,0,1
1609,2013-05-04,2013-05-04,1,3,52.59679,-0.17554,52.59645,52.59697,-0.17894,-0.17136,2.18,4.64,SNPP,0,3,1
1610,2013-05-04,2013-05-04,1,1,51.26753,-2.39,51.26753,51.26753,-2.39,-2.39,4.36,4.36,SNPP,0,0,1
1611,2013-05-05,2013-05-05,1,1,52.46887,-1.4503,52.46887,52.46887,-1.4503,-1.4503,0.49,0.49,SNPP,0,1,1
1612,2013-05-05,2013-05-05,1,1,52.07134,-1.38256,52.07134,52.07134,-1.38256,-1.38256,0.63,0.63,SNPP,0,1,1
1613,2013-05-05,2013-05-05,1,1,51.56629,0.70558,51.56629,51.56629,0.70558,0.70558,2.01,2.01,SNPP,0,0,1
1614,2013-05-06,2013-05-06,1,1,51.96967,-1.67436,51.96967,51.96967,-1.67436,-1.67436,0.97,0.97,SNPP,0,1,1
1615,2013-05-06,2013-05-06,1,1,52.18024,1.58371,52.18024,52.18024,1.58371,1.58371,11.42,11.42,SNPP,0,0,1
1616,2013-05-06,2013-05-06,1,1,52.73234,-1.99884,52.73234,52.73234,-1.99884,-1.99884,15.2,15.2,SNPP,0,0,1
1617,2013-05-06,2013-05-06,1,2,51.59696,-3.18796,51.5966,51.59731,-3.18875,-3.18717,3.47,6.05,SNPP,0,0,1
1618,2013-05-06,2013-05-06,1,1,52.58174,-1.86642,52.58174,52.58174,-1.86642,-1.86642,4.34,4.34,SNPP,0,0,1
1619,2013-05-07,2013-05-09,3,6,51.90285,0.04318,51.90134,51.90451,0.04016,0.04601,2.63,11.2,SNPP,0,5,3
1620,2013-05-07,2013-05-07,1,1,50.65391,-3.70096,50.65391,50.65391,-3.70096,-3.70096,2.92,2.92,SNPP,0,0,1
1621,2013-05-07,2013-05-07,1,2,51.63574,-3.34956,51.63396,51.63753,-3.35013,-3.34899,12.37,24.74,SNPP,0,0,1
1622,2013-05-08,2013-05-08,1,2,58.29328,-3.30305,58.29251,58.29404,-3.30373,-3.30237,0.65,1.29,SNPP,0,2,1
1623,2013-05-10,2013-05-10,1,2,51.359,0.70352,51.35884,51.35916,0.70284,0.7042,2.43,3.65,SNPP,0,2,1
1624,2013-05-10,2013-05-10,1,1,51.19714,-0.24456,51.19714,51.19714,-0.24456,-0.24456,2.69,2.69,SNPP,0,0,1
1625,2013-05-11,2013-05-11,1,1,52.19024,-1.47539,52.19024,52.19024,-1.47539,-1.47539,1.15,1.15,SNPP,0,1,1
1626,2013-05-12,2013-05-12,1,1,51.40779,-1.14202,51.40779,51.40779,-1.14202,-1.14202,1.35,1.35,SNPP,0,1,1
1627,2013-05-14,2013-05-14,1,1,54.38313,-1.79658,54.38313,54.38313,-1.79658,-1.79658,5.8,5.8,SNPP,0,0,1
1628,2013-05-16,2013-05-16,1,2,52.5155,-2.30006,52.51436,52.51665,-2.30226,-2.29785,0.78,1.31,SNPP,0,2,1
1629,2013-05-22,2013-05-22,1,1,54.50717,-6.80177,54.50717,54.50717,-6.80177,-6.80177,0.44,0.44,SNPP,0,1,1
1630,2013-05-22,2013-05-22,1,1,51.68042,-3.5378,51.68042,51.68042,-3.5378,-3.5378,3.35,3.35,SNPP,0,0,1
1631,2013-05-25,2013-05-25,1,2,53.06244,-1.69498,53.06192,53.06295,-1.6979,-1.69207,3.58,7.16,SNPP,0,0,1
1632,2013-05-26,2013-05-26,1,1,51.69731,-3.55097,51.69731,51.69731,-3.55097,-3.55097,1.31,1.31,SNPP,0,1,1
1633,2013-05-26,2013-05-26,1,1,53.08437,-0.79165,53.08437,53.08437,-0.79165,-0.79165,1.32,1.32,SNPP,0,1,1
1634,2013-05-28,2013-05-28,1,1,57.8791,-5.42429,57.8791,57.8791,-5.42429,-5.42429,0.21,0.21,SNPP,0,1,1
1635,2013-05-31,2013-05-31,1,1,51.73999,-3.96969,51.73999,51.73999,-3.96969,-3.96969,1.85,1.85,SNPP,0,0,1
1636,2013-05-31,2013-05-31,1,1,54.9267,-2.95736,54.9267,54.9267,-2.95736,-2.95736,1.03,1.03,SNPP,0,0,1
1637,2013-06-01,2013-06-01,1,1,51.48959,-0.52941,51.48959,51.48959,-0.52941,-0.52941,0.18,0.18,SNPP,0,1,1
1638,2013-06-01,2013-06-01,1,2,51.62554,-0.50941,51.6247,51.62637,-0.51014,-0.50869,0.46,0.88,SNPP,0,2,1
1639,2013-06-01,2013-06-01,1,11,53.54073,-1.03398,53.53547,53.54522,-1.04357,-1.02504,1.27,9.36,SNPP,0,11,1
1640,2013-06-02,2013-06-02,1,1,55.28021,-3.54474,55.28021,55.28021,-3.54474,-3.54474,0.23,0.23,SNPP,0,0,1
1641,2013-06-02,2013-06-02,1,1,56.76269,-3.32409,56.76269,56.76269,-3.32409,-3.32409,5.29,5.29,SNPP,0,0,1
1642,2013-06-03,2013-06-04,2,3,54.61427,-1.19433,54.61373,54.61493,-1.19586,-1.19204,0.5,1.21,SNPP,0,3,2
1643,2013-06-03,2013-06-03,1,2,52.08736,-1.77644,52.08699,52.08774,-1.7798,-1.77309,3.55,5.55,SNPP,0,0,1
1644,2013-06-04,2013-06-04,1,3,52.15827,-3.52864,52.15568,52.16085,-3.52946,-3.52741,0.95,2.28,SNPP,0,3,1
1645,2013-06-04,2013-06-04,1,4,57.63529,-2.24789,57.63267,57.6379,-2.25305,-2.24274,6.85,21.78,SNPP,0,4,1
1646,2013-06-04,2013-06-04,1,1,54.17502,-7.59078,54.17502,54.17502,-7.59078,-7.59078,0.62,0.62,SNPP,0,1,1
1647,2013-06-04,2013-06-04,1,1,50.89623,-0.91767,50.89623,50.89623,-0.91767,-0.91767,2.49,2.49,SNPP,0,0,1
1648,2013-06-04,2013-06-04,1,1,51.37539,0.46698,51.37539,51.37539,0.46698,0.46698,3.39,3.39,SNPP,0,0,1
1649,2013-06-04,2013-06-04,1,1,51.61399,0.94903,51.61399,51.61399,0.94903,0.94903,1.6,1.6,SNPP,0,0,1
1650,2013-06-04,2013-06-04,1,1,52.52494,0.36741,52.52494,52.52494,0.36741,0.36741,3.48,3.48,SNPP,0,0,1
1651,2013-06-04,2013-06-04,1,1,52.81831,0.03999,52.81831,52.81831,0.03999,0.03999,2.52,2.52,SNPP,0,0,1
1652,2013-06-04,2013-06-04,1,1,52.88083,-0.80662,52.88083,52.88083,-0.80662,-0.80662,2.63,2.63,SNPP,0,0,1
1653,2013-06-04,2013-06-04,1,1,53.16964,-2.42048,53.16964,53.16964,-2.42048,-2.42048,1.79,1.79,SNPP,0,0,1
1654,2013-06-04,2013-06-04,1,2,53.23092,-1.44869,53.22928,53.23256,-1.44935,-1.44804,5.17,10.34,SNPP,0,0,1
1655,2013-06-04,2013-06-04,1,1,53.40886,-2.97789,53.40886,53.40886,-2.97789,-2.97789,1.35,1.35,SNPP,0,0,1
1656,2013-06-04,2013-06-04,1,1,56.16872,-3.51284,56.16872,56.16872,-3.51284,-3.51284,5.52,5.52,SNPP,0,0,1
1657,2013-06-04,2013-06-04,1,2,57.50424,-1.96514,57.50256,57.50591,-1.96588,-1.9644,21.12,22.91,SNPP,0,0,1
1658,2013-06-05,2013-06-05,1,1,51.91721,-0.78624,51.91721,51.91721,-0.78624,-0.78624,4.99,4.99,SNPP,0,0,1
1659,2013-06-05,2013-06-05,1,6,54.68485,-6.98857,54.68254,54.68844,-6.99336,-6.98144,11.23,52.44,SNPP,2,0,1
1660,2013-06-05,2013-06-05,1,1,55.40541,-2.75311,55.40541,55.40541,-2.75311,-2.75311,5.09,5.09,SNPP,0,0,1
1661,2013-06-05,2013-06-05,1,3,51.05651,0.03312,51.05372,51.06111,0.03229,0.03466,15.98,29.16,SNPP,0,0,1
1662,2013-06-06,2013-06-07,2,2,51.49008,-0.52947,51.48993,51.49024,-0.52996,-0.52897,0.25,0.43,SNPP,0,2,2
1663,2013-06-06,2013-06-06,1,2,51.74753,-3.75619,51.7459,51.74916,-3.75683,-3.75555,0.63,1.11,SNPP,0,2,1
1664,2013-06-06,2013-06-06,1,1,51.63781,-3.28883,51.63781,51.63781,-3.28883,-3.28883,3.03,3.03,SNPP,0,0,1
1665,2013-06-06,2013-06-08,3,6,51.71076,-3.5273,51.70746,51.71704,-3.52981,-3.52308,7.77,23.76,SNPP,0,0,3
1666,2013-06-06,2013-06-06,1,1,51.87798,-0.41546,51.87798,51.87798,-0.41546,-0.41546,7.1,7.1,SNPP,0,0,1
1667,2013-06-06,2013-06-06,1,2,52.70827,0.21908,52.70752,52.70902,0.21889,0.21927,3.5,6.26,SNPP,0,0,1
1668,2013-06-06,2013-06-06,1,1,55.92517,-4.67275,55.92517,55.92517,-4.67275,-4.67275,2.78,2.78,SNPP,0,0,1
1669,2013-06-07,2013-06-07,1,1,53.26476,-4.61269,53.26476,53.26476,-4.61269,-4.61269,3.78,3.78,SNPP,0,0,1
1670,2013-06-07,2013-06-07,1,4,54.50942,-7.00993,54.50863,54.51045,-7.01371,-7.00819,10.7,25.45,SNPP,2,0,1
1671,2013-06-08,2013-06-08,1,2,54.21212,-6.29616,54.21092,54.21333,-6.29898,-6.29334,1.96,3.35,SNPP,0,2,1
1672,2013-06-08,2013-06-08,1,6,51.66591,-3.64089,51.65987,51.67055,-3.64624,-3.63603,21.9,68.25,SNPP,2,0,1
1673,2013-06-08,2013-06-08,1,5,56.9041,-5.79124,56.90189,56.90657,-5.79331,-5.78978,18.42,61.51,SNPP,0,0,1
1674,2013-06-08,2013-06-08,1,1,51.04274,-1.50073,51.04274,51.04274,-1.50073,-1.50073,3.13,3.13,SNPP,0,0,1
1675,2013-06-08,2013-06-08,1,2,56.1701,-3.5197,56.16933,56.17087,-3.52282,-3.51659,7.6,13.92,SNPP,0,0,1
1676,2013-06-09,2013-06-09,1,2,54.09042,-3.18246,54.08979,54.09105,-3.18285,-3.18208,1.02,1.64,SNPP,0,2,1
1677,2013-06-09,2013-06-09,1,1,53.68704,-2.27697,53.68704,53.68704,-2.27697,-2.27697,3.13,3.13,SNPP,0,0,1
1678,2013-06-09,2013-06-09,1,1,55.7008,-4.10544,55.7008,55.7008,-4.10544,-4.10544,1.64,1.64,SNPP,0,0,1
1679,2013-06-10,2013-06-10,1,4,54.0983,-6.49334,54.09635,54.09967,-6.49764,-6.48832,2.78,8.52,SNPP,0,3,1
1680,2013-06-10,2013-06-10,1,1,53.46807,-2.23431,53.46807,53.46807,-2.23431,-2.23431,1.47,1.47,SNPP,0,0,1
1681,2013-06-10,2013-06-10,1,5,54.82426,-7.10038,54.82237,54.82755,-7.10611,-7.0956,5.46,25.29,SNPP,0,0,1
1682,2013-06-10,2013-06-10,1,1,56.60897,-3.06429,56.60897,56.60897,-3.06429,-3.06429,4.36,4.36,SNPP,0,0,1
1683,2013-06-10,2013-06-10,1,2,57.36398,-2.52648,57.36236,57.36559,-2.52738,-2.52559,3.24,6.48,SNPP,0,0,1
1684,2013-06-14,2013-06-14,1,1,50.8347,-1.16484,50.8347,50.8347,-1.16484,-1.16484,1.41,1.41,SNPP,0,0,1
1685,2013-06-15,2013-06-15,1,1,53.19815,-2.96126,53.19815,53.19815,-2.96126,-2.96126,1.6,1.6,SNPP,0,0,1
1686,2013-06-16,2013-06-16,1,1,53.7702,-1.45271,53.7702,53.7702,-1.45271,-1.45271,0.48,0.48,SNPP,0,1,1
1687,2013-06-16,2013-06-16,1,1,56.12623,-3.84977,56.12623,56.12623,-3.84977,-3.84977,4.88,4.88,SNPP,0,0,1
1688,2013-06-17,2013-06-17,1,2,52.36024,-2.26464,52.35982,52.36065,-2.26744,-2.26183,2.25,2.94,SNPP,0,2,1
1689,2013-06-17,2013-06-17,1,2,56.64564,-2.99692,56.64433,56.64694,-2.99728,-2.99657,9.44,11.54,SNPP,0,0,1
1690,2013-06-18,2013-06-18,1,1,51.49039,-0.53285,51.49039,51.49039,-0.53285,-0.53285,0.52,0.52,SNPP,0,1,1
1691,2013-06-19,2013-06-19,1,1,50.33378,-4.84093,50.33378,50.33378,-4.84093,-4.84093,1.79,1.79,SNPP,0,0,1
1692,2013-06-19,2013-06-19,1,1,55.87929,-2.69887,55.87929,55.87929,-2.69887,-2.69887,2.56,2.56,SNPP,0,0,1
1693,2013-06-24,2013-06-24,1,1,51.16537,-1.84424,51.16537,51.16537,-1.84424,-1.84424,1.08,1.08,SNPP,0,1,1
1694,2013-06-25,2013-06-25,1,1,51.84401,-2.71467,51.84401,51.84401,-2.71467,-2.71467,3.97,3.97,SNPP,0,0,1
1695,2013-06-26,2013-06-26,1,1,54.73498,-7.40612,54.73498,54.73498,-7.40612,-7.40612,0.87,0.87,SNPP,0,1,1
1696,2013-06-26,2013-06-26,1,1,50.77367,-4.38907,50.77367,50.77367,-4.38907,-4.38907,5.03,5.03,SNPP,0,0,1
1697,2013-06-26,2013-06-26,1,1,52.37543,-0.45444,52.37543,52.37543,-0.45444,-0.45444,1.92,1.92,SNPP,0,0,1
1698,2013-06-30,2013-06-30,1,1,51.09375,0.82683,51.09375,51.09375,0.82683,0.82683,1.2,1.2,SNPP,0,1,1
1699,2013-06-30,2013-07-01,2,3,52.23265,-1.08746,52.23209,52.23349,-1.08854,-1.08685,0.97,1.96,SNPP,0,3,2
1700,2013-06-30,2013-06-30,1,1,51.78894,-0.01825,51.78894,51.78894,-0.01825,-0.01825,1.96,1.96,SNPP,0,0,1
1701,2013-06-30,2013-06-30,1,1,52.52553,-2.40446,52.52553,52.52553,-2.40446,-2.40446,4.06,4.06,SNPP,0,0,1
1702,2013-07-01,2013-07-01,1,16,52.50399,-1.96777,52.49837,52.51241,-1.97912,-1.95233,39.97,212.62,SNPP,1,15,1
1703,2013-07-01,2013-07-01,1,1,55.84519,-4.5205,55.84519,55.84519,-4.5205,-4.5205,2.97,2.97,SNPP,0,0,1
1704,2013-07-05,2013-07-05,1,2,53.4337,-2.98779,53.43321,53.43418,-2.99128,-2.9843,5.48,9.56,SNPP,0,0,1
1705,2013-07-05,2013-07-05,1,1,51.88776,-2.83974,51.88776,51.88776,-2.83974,-2.83974,1.73,1.73,SNPP,0,0,1
1706,2013-07-06,2013-07-06,1,3,54.15278,-1.20621,54.15133,54.15358,-1.20965,-1.20381,0.81,2.23,SNPP,0,3,1
1707,2013-07-06,2013-07-06,1,2,52.59114,0.21712,52.59076,52.59153,0.21509,0.21915,2.02,3.22,SNPP,0,0,1
1708,2013-07-07,2013-07-07,1,1,51.48264,0.05478,51.48264,51.48264,0.05478,0.05478,3.22,3.22,SNPP,0,0,1
1709,2013-07-07,2013-07-07,1,2,52.19646,1.41484,52.19437,52.19855,1.41277,1.4169,3.08,6.16,SNPP,0,0,1
1710,2013-07-07,2013-07-07,1,2,53.56853,-1.10028,53.56688,53.57018,-1.10114,-1.09942,3.46,6.1,SNPP,0,0,1
1711,2013-07-07,2013-07-07,1,1,55.88683,-4.26321,55.88683,55.88683,-4.26321,-4.26321,2.15,2.15,SNPP,0,0,1
1712,2013-07-08,2013-07-08,1,1,52.37783,-1.28697,52.37783,52.37783,-1.28697,-1.28697,0.57,0.57,SNPP,0,1,1
1713,2013-07-08,2013-07-08,1,1,53.58466,-2.31377,53.58466,53.58466,-2.31377,-2.31377,0.2,0.2,SNPP,0,1,1
1714,2013-07-08,2013-07-08,1,1,51.34833,0.74165,51.34833,51.34833,0.74165,0.74165,0.33,0.33,SNPP,0,1,1
1715,2013-07-08,2013-07-08,1,1,51.49785,-0.48297,51.49785,51.49785,-0.48297,-0.48297,1.06,1.06,SNPP,0,1,1
1716,2013-07-08,2013-07-08,1,3,50.77553,-0.82909,50.77245,50.77775,-0.83176,-0.82609,40.67,49.9,SNPP,0,0,1
1717,2013-07-08,2013-07-08,1,1,52.08772,-1.92368,52.08772,52.08772,-1.92368,-1.92368,7.84,7.84,SNPP,0,0,1
1718,2013-07-08,2013-07-09,2,4,54.4691,-1.56077,54.46473,54.47278,-1.56238,-1.55984,6.95,20.83,SNPP,0,1,2
1719,2013-07-08,2013-07-08,1,1,51.85373,0.32735,51.85373,51.85373,0.32735,0.32735,1.92,1.92,SNPP,0,0,1
1720,2013-07-08,2013-07-08,1,2,55.8159,-3.75273,55.81504,55.81677,-3.75392,-3.75154,4.83,8.57,SNPP,0,0,1
1721,2013-07-09,2013-07-09,1,1,50.66456,-2.03711,50.66456,50.66456,-2.03711,-2.03711,0.68,0.68,SNPP,0,1,1
1722,2013-07-09,2013-07-09,1,1,51.05049,-2.06705,51.05049,51.05049,-2.06705,-2.06705,0.52,0.52,SNPP,0,1,1
1723,2013-07-09,2013-07-09,1,2,51.48996,-0.40866,51.4899,51.49003,-0.40894,-0.40838,0.35,0.64,SNPP,0,2,1
1724,2013-07-09,2013-07-09,1,1,52.71317,0.27869,52.71317,52.71317,0.27869,0.27869,1.83,1.83,SNPP,0,0,1
1725,2013-07-09,2013-07-09,1,2,52.82573,-0.14938,52.82476,52.8267,-0.15301,-0.14576,2.54,5.08,SNPP,0,0,1
1726,2013-07-09,2013-07-09,1,1,51.80995,-4.91713,51.80995,51.80995,-4.91713,-4.91713,4.88,4.88,SNPP,0,0,1
1727,2013-07-09,2013-07-09,1,1,54.41994,-5.53016,54.41994,54.41994,-5.53016,-5.53016,2.35,2.35,SNPP,0,0,1
1728,2013-07-10,2013-07-10,1,1,51.28557,-1.88932,51.28557,51.28557,-1.88932,-1.88932,0.49,0.49,SNPP,0,1,1
1729,2013-07-10,2013-07-10,1,1,51.49195,0.08997,51.49195,51.49195,0.08997,0.08997,0.73,0.73,SNPP,0,1,1
1730,2013-07-10,2013-07-10,1,1,53.21162,-2.08487,53.21162,53.21162,-2.08487,-2.08487,1.08,1.08,SNPP,0,1,1
1731,2013-07-10,2013-07-10,1,1,50.30709,-4.77997,50.30709,50.30709,-4.77997,-4.77997,2.37,2.37,SNPP,0,0,1
1732,2013-07-10,2013-07-12,3,10,51.26185,-1.87842,51.25318,51.2722,-1.8847,-1.87078,8.4,45.7,SNPP,0,0,3
1733,2013-07-11,2013-07-12,2,6,54.42358,-6.45724,54.41792,54.42761,-6.46417,-6.44357,4.4,11.33,SNPP,0,6,2
1734,2013-07-11,2013-07-11,1,1,52.81,-2.71538,52.81,52.81,-2.71538,-2.71538,1.01,1.01,SNPP,0,1,1
1735,2013-07-11,2013-07-11,1,3,51.73956,-0.85153,51.73729,51.74073,-0.85361,-0.84992,5.8,11.76,SNPP,0,0,1
1736,2013-07-11,2013-07-11,1,1,52.16906,-3.42014,52.16906,52.16906,-3.42014,-3.42014,3.57,3.57,SNPP,0,0,1
1737,2013-07-11,2013-07-11,1,1,52.54298,0.2627,52.54298,52.54298,0.2627,0.2627,1.49,1.49,SNPP,0,0,1
1738,2013-07-11,2013-07-11,1,1,52.66,0.09806,52.66,52.66,0.09806,0.09806,4.85,4.85,SNPP,0,0,1
1739,2013-07-11,2013-07-11,1,2,54.129,-6.0798,54.12851,54.12948,-6.08265,-6.07694,6.25,9.18,SNPP,0,0,1
1740,2013-07-11,2013-07-11,1,1,55.93388,-4.73837,55.93388,55.93388,-4.73837,-4.73837,2.09,2.09,SNPP,0,0,1
1741,2013-07-12,2013-07-12,1,4,54.4048,-5.90318,54.40204,54.40652,-5.90685,-5.8993,1.95,4.98,SNPP,0,4,1
1742,2013-07-12,2013-07-12,1,6,54.50828,-6.0586,54.50563,54.50964,-6.06615,-6.05095,3.46,14.72,SNPP,0,6,1
1743,2013-07-12,2013-07-12,1,5,54.52176,-6.02803,54.51766,54.52514,-6.03021,-6.02487,0.78,3.31,SNPP,0,5,1
1744,2013-07-12,2013-07-12,1,3,54.52373,-6.07656,54.52307,54.52497,-6.07819,-6.07553,2.16,5.8,SNPP,0,3,1
1745,2013-07-12,2013-07-12,1,1,54.52941,-6.10276,54.52941,54.52941,-6.10276,-6.10276,0.81,0.81,SNPP,0,1,1
1746,2013-07-12,2013-07-12,1,3,54.53261,-5.82609,54.53207,54.53316,-5.83125,-5.82174,1.31,3.52,SNPP,0,3,1
1747,2013-07-12,2013-07-12,1,9,54.54849,-6.00034,54.5401,54.55918,-6.01759,-5.97897,1.78,10.42,SNPP,0,9,1
1748,2013-07-12,2013-07-12,1,2,54.55049,-5.74096,54.54982,54.55116,-5.74205,-5.73988,1.0,1.65,SNPP,0,2,1
1749,2013-07-12,2013-07-12,1,2,54.55023,-5.94008,54.55017,54.55029,-5.94514,-5.93502,1.25,2.29,SNPP,0,2,1
1750,2013-07-12,2013-07-12,1,2,54.56526,-5.86056,54.56322,54.56729,-5.86085,-5.86027,1.33,1.64,SNPP,0,2,1
1751,2013-07-12,2013-07-12,1,3,54.5688,-6.00793,54.56763,54.56956,-6.00969,-6.00687,2.18,5.93,SNPP,0,3,1
1752,2013-07-12,2013-07-12,1,4,54.57558,-5.89058,54.57384,54.57713,-5.89867,-5.87926,1.83,4.72,SNPP,0,4,1
1753,2013-07-12,2013-07-13,2,43,54.61328,-5.9521,54.58008,54.64639,-5.98596,-5.92081,4.11,76.06,SNPP,0,42,2
1754,2013-07-12,2013-07-12,1,4,54.58105,-5.70021,54.58008,54.5816,-5.70632,-5.69514,1.93,6.16,SNPP,0,4,1
1755,2013-07-12,2013-07-12,1,9,54.58892,-5.80965,54.58296,54.59385,-5.8496,-5.79024,3.51,11.99,SNPP,0,9,1
1756,2013-07-12,2013-07-12,1,7,54.60911,-5.87748,54.60309,54.61231,-5.89098,-5.86633,2.08,9.12,SNPP,0,7,1
1757,2013-07-12,2013-07-12,1,2,54.60284,-5.69614,54.60253,54.60314,-5.6972,-5.69509,0.79,1.5,SNPP,0,2,1
1758,2013-07-12,2013-07-13,2,18,54.64615,-5.67945,54.62508,54.65546,-5.69998,-5.6587,2.17,21.96,SNPP,0,18,2
1759,2013-07-12,2013-07-12,1,3,54.66332,-5.63708,54.66236,54.66482,-5.64273,-5.63061,1.54,4.17,SNPP,0,3,1
1760,2013-07-12,2013-07-12,1,15,54.67306,-5.91898,54.66624,54.68677,-5.93051,-5.90411,5.02,36.91,SNPP,0,15,1
1761,2013-07-12,2013-07-12,1,7,54.68743,-5.95143,54.6768,54.69081,-5.96222,-5.93792,6.98,23.95,SNPP,0,6,1
1762,2013-07-12,2013-07-12,1,3,54.69409,-5.86911,54.69199,54.69677,-5.86996,-5.86827,1.49,2.83,SNPP,0,3,1
1763,2013-07-12,2013-07-13,2,4,54.70636,-6.1857,54.70556,54.70807,-6.18852,-6.18324,2.68,7.17,SNPP,0,3,2
1764,2013-07-12,2013-07-12,1,5,54.72199,-5.81757,54.71976,54.72364,-5.8229,-5.81093,2.22,8.02,SNPP,0,5,1
1765,2013-07-12,2013-07-12,1,3,54.73778,-5.80818,54.73722,54.73861,-5.80961,-5.80702,1.48,3.66,SNPP,0,3,1
1766,2013-07-12,2013-07-12,1,3,54.7583,-6.00981,54.75394,54.76184,-6.01314,-6.00765,2.05,3.99,SNPP,0,3,1
1767,2013-07-12,2013-07-12,1,5,55.14449,-6.65792,55.13889,55.15154,-6.66225,-6.64945,1.54,5.55,SNPP,0,5,1
1768,2013-07-12,2013-07-12,1,1,53.76913,-1.45313,53.76913,53.76913,-1.45313,-1.45313,0.48,0.48,SNPP,0,1,1
1769,2013-07-12,2013-07-12,1,1,54.25996,-5.85257,54.25996,54.25996,-5.85257,-5.85257,1.33,1.33,SNPP,0,1,1
1770,2013-07-12,2013-07-12,1,3,54.35631,-7.51524,54.35492,54.35815,-7.51962,-7.51227,1.98,5.88,SNPP,0,3,1
1771,2013-07-12,2013-07-12,1,2,54.42412,-6.4182,54.42362,54.42463,-6.42112,-6.41528,0.72,1.2,SNPP,0,2,1
1772,2013-07-12,2013-07-12,1,1,54.4277,-6.23468,54.4277,54.4277,-6.23468,-6.23468,0.38,0.38,SNPP,0,1,1
1773,2013-07-12,2013-07-12,1,1,54.45144,-6.3311,54.45144,54.45144,-6.3311,-6.3311,1.15,1.15,SNPP,0,1,1
1774,2013-07-12,2013-07-12,1,1,54.48436,-6.54352,54.48436,54.48436,-6.54352,-6.54352,1.41,1.41,SNPP,0,1,1
1775,2013-07-12,2013-07-12,1,1,54.48923,-6.09388,54.48923,54.48923,-6.09388,-6.09388,0.89,0.89,SNPP,0,1,1
1776,2013-07-12,2013-07-12,1,4,54.50036,-6.7622,54.49836,54.50286,-6.77111,-6.75198,0.73,2.58,SNPP,0,4,1
1777,2013-07-12,2013-07-12,1,1,54.50789,-6.18061,54.50789,54.50789,-6.18061,-6.18061,0.54,0.54,SNPP,0,1,1
1778,2013-07-12,2013-07-12,1,2,54.51282,-5.88715,54.51119,54.51445,-5.888,-5.8863,0.51,1.02,SNPP,0,2,1
1779,2013-07-12,2013-07-12,1,1,54.54255,-6.04568,54.54255,54.54255,-6.04568,-6.04568,0.27,0.27,SNPP,0,1,1
1780,2013-07-12,2013-07-12,1,1,54.60299,-7.27446,54.60299,54.60299,-7.27446,-7.27446,0.28,0.28,SNPP,0,1,1
1781,2013-07-12,2013-07-12,1,1,54.65443,-6.74998,54.65443,54.65443,-6.74998,-6.74998,1.22,1.22,SNPP,0,1,1
1782,2013-07-12,2013-07-12,1,2,54.70737,-6.22374,54.70575,54.70899,-6.22457,-6.2229,1.44,1.91,SNPP,0,2,1
1783,2013-07-12,2013-07-12,1,2,54.72155,-6.20364,54.71993,54.72318,-6.20447,-6.20281,0.65,1.3,SNPP,0,2,1
1784,2013-07-12,2013-07-12,1,1,54.72763,-5.77381,54.72763,54.72763,-5.77381,-5.77381,0.7,0.7,SNPP,0,1,1
1785,2013-07-12,2013-07-12,1,2,54.74971,-6.60498,54.74648,54.75295,-6.60662,-6.60334,0.97,1.69,SNPP,0,2,1
1786,2013-07-12,2013-07-12,1,1,54.7542,-6.32155,54.7542,54.7542,-6.32155,-6.32155,0.62,0.62,SNPP,0,1,1
1787,2013-07-12,2013-07-12,1,1,54.79512,-6.72853,54.79512,54.79512,-6.72853,-6.72853,0.18,0.18,SNPP,0,1,1
1788,2013-07-12,2013-07-12,1,1,54.80849,-6.21629,54.80849,54.80849,-6.21629,-6.21629,1.15,1.15,SNPP,0,1,1
1789,2013-07-12,2013-07-12,1,1,54.82677,-5.81258,54.82677,54.82677,-5.81258,-5.81258,0.97,0.97,SNPP,0,1,1
1790,2013-07-12,2013-07-13,2,6,54.85526,-6.26858,54.84688,54.86399,-6.27625,-6.25187,1.47,5.36,SNPP,0,6,2
1791,2013-07-12,2013-07-12,1,1,54.8514,-5.80587,54.8514,54.8514,-5.80587,-5.80587,0.38,0.38,SNPP,0,1,1
1792,2013-07-12,2013-07-12,1,1,54.85201,-6.36719,54.85201,54.85201,-6.36719,-6.36719,1.09,1.09,SNPP,0,1,1
1793,2013-07-12,2013-07-12,1,1,54.85567,-6.32677,54.85567,54.85567,-6.32677,-6.32677,0.75,0.75,SNPP,0,1,1
1794,2013-07-12,2013-07-12,1,1,54.85771,-5.84173,54.85771,54.85771,-5.84173,-5.84173,0.54,0.54,SNPP,0,1,1
1795,2013-07-12,2013-07-12,1,1,54.8728,-7.30504,54.8728,54.8728,-7.30504,-7.30504,0.66,0.66,SNPP,0,1,1
1796,2013-07-12,2013-07-12,1,1,54.89086,-6.34726,54.89086,54.89086,-6.34726,-6.34726,1.01,1.01,SNPP,0,1,1
1797,2013-07-12,2013-07-12,1,1,54.9384,-7.38698,54.9384,54.9384,-7.38698,-7.38698,0.39,0.39,SNPP,0,1,1
1798,2013-07-12,2013-07-12,1,1,54.96597,-6.94147,54.96597,54.96597,-6.94147,-6.94147,0.46,0.46,SNPP,0,1,1
1799,2013-07-12,2013-07-12,1,1,54.97962,-6.68606,54.97962,54.97962,-6.68606,-6.68606,0.85,0.85,SNPP,0,1,1
1800,2013-07-12,2013-07-12,1,1,54.98228,-7.27638,54.98228,54.98228,-7.27638,-7.27638,0.42,0.42,SNPP,0,1,1
1801,2013-07-12,2013-07-12,1,1,54.99313,-7.32181,54.99313,54.99313,-7.32181,-7.32181,0.72,0.72,SNPP,0,1,1
1802,2013-07-12,2013-07-12,1,1,55.00301,-6.50126,55.00301,55.00301,-6.50126,-6.50126,1.18,1.18,SNPP,0,1,1
1803,2013-07-12,2013-07-12,1,2,55.04853,-6.50042,55.04803,55.04903,-6.50337,-6.49748,0.76,1.24,SNPP,0,2,1
1804,2013-07-12,2013-07-12,1,1,55.05305,-6.94872,55.05305,55.05305,-6.94872,-6.94872,0.25,0.25,SNPP,0,1,1
1805,2013-07-12,2013-07-12,1,1,55.07336,-6.50978,55.07336,55.07336,-6.50978,-6.50978,1.57,1.57,SNPP,0,1,1
1806,2013-07-12,2013-07-12,1,1,55.12311,-6.47146,55.12311,55.12311,-6.47146,-6.47146,0.73,0.73,SNPP,0,1,1
1807,2013-07-12,2013-07-12,1,1,55.14785,-6.76659,55.14785,55.14785,-6.76659,-6.76659,0.49,0.49,SNPP,0,1,1
1808,2013-07-12,2013-07-12,1,1,55.15394,-6.4042,55.15394,55.15394,-6.4042,-6.4042,0.5,0.5,SNPP,0,1,1
1809,2013-07-12,2013-07-12,1,1,55.16754,-6.45388,55.16754,55.16754,-6.45388,-6.45388,0.35,0.35,SNPP,0,1,1
1810,2013-07-12,2013-07-12,1,1,55.20733,-6.52346,55.20733,55.20733,-6.52346,-6.52346,0.62,0.62,SNPP,0,1,1
1811,2013-07-12,2013-07-12,1,1,51.83666,-4.39181,51.83666,51.83666,-4.39181,-4.39181,2.04,2.04,SNPP,0,0,1
1812,2013-07-13,2013-07-13,1,1,51.20658,-2.37233,51.20658,51.20658,-2.37233,-2.37233,1.33,1.33,SNPP,0,1,1
1813,2013-07-13,2013-07-13,1,2,54.41828,-6.90936,54.41801,54.41856,-6.91086,-6.90785,4.06,7.99,SNPP,0,0,1
1814,2013-07-14,2013-07-14,1,1,51.05112,-0.79391,51.05112,51.05112,-0.79391,-0.79391,0.33,0.33,SNPP,0,1,1
1815,2013-07-14,2013-07-14,1,1,51.41371,0.8939,51.41371,51.41371,0.8939,0.8939,0.75,0.75,SNPP,0,1,1
1816,2013-07-14,2013-07-15,2,2,51.49895,-2.18822,51.49861,51.49929,-2.1905,-2.18595,0.87,1.13,SNPP,0,2,2
1817,2013-07-14,2013-07-14,1,1,54.54552,-7.02869,54.54552,54.54552,-7.02869,-7.02869,1.88,1.88,SNPP,0,0,1
1818,2013-07-15,2013-07-15,1,1,52.35843,0.15449,52.35843,52.35843,0.15449,0.15449,0.67,0.67,SNPP,0,1,1
1819,2013-07-15,2013-07-15,1,1,53.38697,-1.43991,53.38697,53.38697,-1.43991,-1.43991,0.7,0.7,SNPP,0,1,1
1820,2013-07-15,2013-07-15,1,1,53.57986,-0.41647,53.57986,53.57986,-0.41647,-0.41647,1.67,1.67,SNPP,0,0,1
1821,2013-07-15,2013-07-15,1,1,51.07159,-2.25044,51.07159,51.07159,-2.25044,-2.25044,3.05,3.05,SNPP,0,0,1
1822,2013-07-15,2013-07-15,1,1,51.53492,-0.79522,51.53492,51.53492,-0.79522,-0.79522,5.95,5.95,SNPP,0,0,1
1823,2013-07-15,2013-07-15,1,1,52.67498,-3.3001,52.67498,52.67498,-3.3001,-3.3001,3.46,3.46,SNPP,0,0,1
1824,2013-07-15,2013-07-15,1,1,56.21018,-3.23417,56.21018,56.21018,-3.23417,-3.23417,4.95,4.95,SNPP,0,0,1
1825,2013-07-16,2013-07-16,1,1,53.56784,-1.9625,53.56784,53.56784,-1.9625,-1.9625,0.99,0.99,SNPP,0,1,1
1826,2013-07-16,2013-07-16,1,1,51.24919,-1.83661,51.24919,51.24919,-1.83661,-1.83661,3.8,3.8,SNPP,0,0,1
1827,2013-07-16,2013-07-16,1,1,52.48618,-1.78468,52.48618,52.48618,-1.78468,-1.78468,1.26,1.26,SNPP,0,0,1
1828,2013-07-16,2013-07-16,1,2,52.5252,-2.4061,52.52451,52.52588,-2.40691,-2.40529,9.1,13.54,SNPP,0,0,1
1829,2013-07-16,2013-07-16,1,1,53.10441,-2.47269,53.10441,53.10441,-2.47269,-2.47269,4.0,4.0,SNPP,0,0,1
1830,2013-07-16,2013-07-16,1,1,53.1715,-2.41958,53.1715,53.1715,-2.41958,-2.41958,2.83,2.83,SNPP,0,0,1
1831,2013-07-16,2013-07-16,1,1,53.74639,-0.608,53.74639,53.74639,-0.608,-0.608,3.07,3.07,SNPP,0,0,1
1832,2013-07-17,2013-07-17,1,2,53.54995,-1.13714,53.5499,53.55,-1.14036,-1.13392,0.46,0.92,SNPP,0,2,1
1833,2013-07-17,2013-07-17,1,1,55.03144,-7.01752,55.03144,55.03144,-7.01752,-7.01752,1.24,1.24,SNPP,0,1,1
1834,2013-07-17,2013-07-17,1,2,51.70838,-3.5417,51.70753,51.70923,-3.54547,-3.53793,1.35,2.12,SNPP,0,2,1
1835,2013-07-17,2013-07-17,1,1,51.80841,-4.91971,51.80841,51.80841,-4.91971,-4.91971,6.18,6.18,SNPP,0,0,1
1836,2013-07-17,2013-07-17,1,1,52.42624,-1.44688,52.42624,52.42624,-1.44688,-1.44688,1.98,1.98,SNPP,0,0,1
1837,2013-07-18,2013-07-18,1,2,52.6486,1.1491,52.64825,52.64894,1.14865,1.14954,0.67,1.12,SNPP,0,2,1
1838,2013-07-18,2013-07-18,1,1,51.72172,-3.33491,51.72172,51.72172,-3.33491,-3.33491,0.49,0.49,SNPP,0,1,1
1839,2013-07-18,2013-07-18,1,1,55.61855,-3.33155,55.61855,55.61855,-3.33155,-3.33155,2.9,2.9,SNPP,0,0,1
1840,2013-07-18,2013-07-18,1,2,57.29278,-2.4729,57.29214,57.29342,-2.47625,-2.46955,2.99,5.98,SNPP,0,0,1
1841,2013-07-19,2013-07-19,1,2,52.86416,-0.3117,52.86254,52.86578,-0.31242,-0.31098,0.36,0.64,SNPP,0,2,1
1842,2013-07-19,2013-07-19,1,1,53.84031,-2.20803,53.84031,53.84031,-2.20803,-2.20803,0.41,0.41,SNPP,0,1,1
1843,2013-07-19,2013-07-19,1,2,51.62037,-5.03314,51.61969,51.62105,-5.03543,-5.03085,6.78,12.16,SNPP,0,0,1
1844,2013-07-19,2013-07-19,1,2,51.74966,0.02238,51.74895,51.75037,0.01946,0.0253,6.06,11.8,SNPP,0,0,1
1845,2013-07-19,2013-07-19,1,1,52.11756,0.75692,52.11756,52.11756,0.75692,0.75692,2.53,2.53,SNPP,0,0,1
1846,2013-07-19,2013-07-19,1,1,55.80325,-4.32767,55.80325,55.80325,-4.32767,-4.32767,5.18,5.18,SNPP,0,0,1
1847,2013-07-19,2013-07-20,2,5,55.83928,-3.87377,55.83634,55.84352,-3.8789,-3.86685,7.3,20.17,SNPP,0,1,2
1848,2013-07-19,2013-07-19,1,1,55.61115,-4.70223,55.61115,55.61115,-4.70223,-4.70223,2.43,2.43,SNPP,0,0,1
1849,2013-07-20,2013-07-20,1,2,51.9008,-0.99512,51.90008,51.90152,-0.99515,-0.99508,0.53,0.85,SNPP,0,2,1
1850,2013-07-20,2013-07-20,1,1,52.86993,-0.35527,52.86993,52.86993,-0.35527,-0.35527,0.32,0.32,SNPP,0,1,1
1851,2013-07-20,2013-07-20,1,3,50.89089,-0.66793,50.89039,50.89151,-0.67175,-0.66574,0.58,1.52,SNPP,0,3,1
1852,2013-07-20,2013-07-20,1,2,51.65946,-3.3349,51.65838,51.66054,-3.3375,-3.3323,1.11,2.06,SNPP,0,2,1
1853,2013-07-20,2013-07-20,1,2,54.45002,-6.60632,54.44991,54.45012,-6.60693,-6.60572,3.0,5.41,SNPP,0,0,1
1854,2013-07-21,2013-07-21,1,1,55.65287,-4.79739,55.65287,55.65287,-4.79739,-4.79739,0.57,0.57,SNPP,0,1,1
1855,2013-07-21,2013-07-21,1,1,51.50717,-0.2867,51.50717,51.50717,-0.2867,-0.2867,1.84,1.84,SNPP,0,0,1
1856,2013-07-22,2013-07-22,1,2,51.0872,1.08741,51.08653,51.08788,1.08667,1.08815,1.04,1.7,SNPP,0,2,1
1857,2013-07-22,2013-07-22,1,1,57.58823,-3.62617,57.58823,57.58823,-3.62617,-3.62617,0.63,0.63,SNPP,0,1,1
1858,2013-07-23,2013-07-23,1,1,51.54722,-0.74602,51.54722,51.54722,-0.74602,-0.74602,0.96,0.96,SNPP,0,1,1
1859,2013-07-23,2013-07-23,1,1,53.76871,-1.45491,53.76871,53.76871,-1.45491,-1.45491,1.12,1.12,SNPP,0,1,1
1860,2013-07-23,2013-07-23,1,4,55.14783,-6.03384,55.14574,55.14992,-6.03757,-6.0301,2.01,6.04,SNPP,0,4,1
1861,2013-07-23,2013-07-23,1,1,52.06506,-0.63542,52.06506,52.06506,-0.63542,-0.63542,4.21,4.21,SNPP,0,0,1
1862,2013-07-23,2013-07-28,5,15,52.44571,0.13103,52.44313,52.44839,0.12488,0.13709,38.8,159.23,SNPP,2,10,6
1863,2013-07-24,2013-07-24,1,1,51.74804,-0.64465,51.74804,51.74804,-0.64465,-0.64465,0.48,0.48,SNPP,0,1,1
1864,2013-07-24,2013-07-24,1,2,51.27569,-1.88894,51.27367,51.27771,-1.8902,-1.88768,2.23,4.46,SNPP,0,0,1
1865,2013-07-25,2013-07-25,1,1,52.77007,-0.06433,52.77007,52.77007,-0.06433,-0.06433,0.6,0.6,SNPP,0,1,1
1866,2013-07-26,2013-07-26,1,1,51.55721,-1.27815,51.55721,51.55721,-1.27815,-1.27815,0.79,0.79,SNPP,0,1,1
1867,2013-07-27,2013-07-27,1,1,54.74314,-1.42814,54.74314,54.74314,-1.42814,-1.42814,0.83,0.83,SNPP,0,1,1
1868,2013-07-27,2013-07-27,1,1,51.69714,-0.31345,51.69714,51.69714,-0.31345,-0.31345,1.03,1.03,SNPP,0,1,1
1869,2013-07-27,2013-07-27,1,2,52.98374,-2.12758,52.98286,52.98463,-2.1309,-2.12426,1.06,2.12,SNPP,0,2,1
1870,2013-07-27,2013-07-27,1,1,51.92848,-2.84156,51.92848,51.92848,-2.84156,-2.84156,0.71,0.71,SNPP,0,1,1
1871,2013-07-29,2013-07-29,1,2,51.72266,-1.84722,51.72213,51.72318,-1.85008,-1.84436,2.49,4.56,SNPP,0,2,1
1872,2013-07-29,2013-07-29,1,1,52.20558,1.11789,52.20558,52.20558,1.11789,1.11789,0.64,0.64,SNPP,0,1,1
1873,2013-07-30,2013-07-30,1,1,52.35276,0.41681,52.35276,52.35276,0.41681,0.41681,0.83,0.83,SNPP,0,1,1
1874,2013-07-31,2013-07-31,1,1,50.97775,-2.37022,50.97775,50.97775,-2.37022,-2.37022,1.05,1.05,SNPP,0,1,1
1875,2013-08-02,2013-08-02,1,1,53.71582,-2.47118,53.71582,53.71582,-2.47118,-2.47118,0.38,0.38,SNPP,0,1,1
1876,2013-08-02,2013-08-02,1,1,51.49062,-0.40578,51.49062,51.49062,-0.40578,-0.40578,0.51,0.51,SNPP,0,1,1
1877,2013-08-02,2013-08-02,1,1,53.76902,-1.4556,53.76902,53.76902,-1.4556,-1.4556,0.64,0.64,SNPP,0,1,1
1878,2013-08-02,2013-08-02,1,1,53.16935,-2.22611,53.16935,53.16935,-2.22611,-2.22611,3.6,3.6,SNPP,0,0,1
1879,2013-08-03,2013-08-03,1,2,52.13785,-2.04915,52.13781,52.13789,-2.04942,-2.04888,3.52,6.25,SNPP,0,0,1
1880,2013-08-04,2013-08-04,1,2,52.63252,0.55689,52.63174,52.6333,0.55674,0.55703,10.22,18.22,SNPP,0,0,1
1881,2013-08-04,2013-08-04,1,1,54.10461,-3.22727,54.10461,54.10461,-3.22727,-3.22727,2.43,2.43,SNPP,0,0,1
1882,2013-08-06,2013-08-06,1,1,56.87175,-2.25891,56.87175,56.87175,-2.25891,-2.25891,4.07,4.07,SNPP,0,0,1
1883,2013-08-07,2013-08-07,1,3,52.56768,1.40755,52.56733,52.56807,1.40659,1.40868,1.29,3.18,SNPP,0,3,1
1884,2013-08-07,2013-08-07,1,1,51.71544,-2.53309,51.71544,51.71544,-2.53309,-2.53309,0.74,0.74,SNPP,0,1,1
1885,2013-08-08,2013-08-08,1,1,51.39389,0.1283,51.39389,51.39389,0.1283,0.1283,0.65,0.65,SNPP,0,1,1
1886,2013-08-08,2013-08-08,1,1,52.48854,0.00598,52.48854,52.48854,0.00598,0.00598,1.36,1.36,SNPP,0,1,1
1887,2013-08-08,2013-08-08,1,1,50.85439,-3.97199,50.85439,50.85439,-3.97199,-3.97199,5.47,5.47,SNPP,0,0,1
1888,2013-08-09,2013-08-09,1,1,54.59422,-5.96869,54.59422,54.59422,-5.96869,-5.96869,0.94,0.94,SNPP,0,1,1
1889,2013-08-09,2013-08-09,1,1,54.65351,-5.92706,54.65351,54.65351,-5.92706,-5.92706,0.64,0.64,SNPP,0,1,1
1890,2013-08-09,2013-08-09,1,1,51.97754,0.13565,51.97754,51.97754,0.13565,0.13565,0.29,0.29,SNPP,0,1,1
1891,2013-08-09,2013-08-09,1,1,51.03358,-0.89879,51.03358,51.03358,-0.89879,-0.89879,2.62,2.62,SNPP,0,0,1
1892,2013-08-12,2013-08-12,1,1,50.74263,-1.34105,50.74263,50.74263,-1.34105,-1.34105,2.36,2.36,SNPP,0,0,1
1893,2013-08-12,2013-08-12,1,1,50.89748,-4.07292,50.89748,50.89748,-4.07292,-4.07292,4.66,4.66,SNPP,0,0,1
1894,2013-08-12,2013-08-12,1,1,53.1021,-2.47387,53.1021,53.1021,-2.47387,-2.47387,2.58,2.58,SNPP,0,0,1
1895,2013-08-12,2013-08-12,1,1,53.45572,-0.92766,53.45572,53.45572,-0.92766,-0.92766,3.08,3.08,SNPP,0,0,1
1896,2013-08-13,2013-08-13,1,4,53.18144,-1.27723,53.17824,53.18465,-1.27833,-1.27615,1.86,6.17,SNPP,0,4,1
1897,2013-08-13,2013-08-13,1,1,52.17061,-0.48987,52.17061,52.17061,-0.48987,-0.48987,0.61,0.61,SNPP,0,1,1
1898,2013-08-13,2013-08-13,1,2,52.37938,-1.9306,52.37851,52.38025,-1.93094,-1.93025,0.9,1.35,SNPP,0,2,1
1899,2013-08-13,2013-08-13,1,1,52.38085,0.66923,52.38085,52.38085,0.66923,0.66923,6.03,6.03,SNPP,0,1,1
1900,2013-08-13,2013-08-13,1,1,52.55713,-0.39773,52.55713,52.55713,-0.39773,-0.39773,0.57,0.57,SNPP,0,1,1
1901,2013-08-13,2013-08-13,1,2,52.84637,1.12551,52.84557,52.84716,1.12298,1.12804,7.72,14.89,SNPP,0,0,1
1902,2013-08-13,2013-08-13,1,1,54.96508,-1.68447,54.96508,54.96508,-1.68447,-1.68447,6.21,6.21,SNPP,0,0,1
1903,2013-08-14,2013-08-14,1,1,53.74571,-0.58887,53.74571,53.74571,-0.58887,-0.58887,1.28,1.28,SNPP,0,1,1
1904,2013-08-15,2013-08-15,1,1,54.61296,-1.19183,54.61296,54.61296,-1.19183,-1.19183,1.7,1.7,SNPP,0,0,1
1905,2013-08-16,2013-08-16,1,1,54.49489,-1.31913,54.49489,54.49489,-1.31913,-1.31913,1.3,1.3,SNPP,0,0,1
1906,2013-08-18,2013-08-18,1,1,52.34831,0.28739,52.34831,52.34831,0.28739,0.28739,0.64,0.64,SNPP,0,1,1
1907,2013-08-18,2013-08-18,1,1,53.19731,-0.37696,53.19731,53.19731,-0.37696,-0.37696,1.47,1.47,SNPP,0,0,1
1908,2013-08-20,2013-08-20,1,1,54.60977,-1.19967,54.60977,54.60977,-1.19967,-1.19967,1.19,1.19,SNPP,0,1,1
1909,2013-08-20,2013-08-20,1,1,51.39342,-3.42005,51.39342,51.39342,-3.42005,-3.42005,2.47,2.47,SNPP,0,0,1
1910,2013-08-21,2013-08-21,1,1,51.60718,0.25902,51.60718,51.60718,0.25902,0.25902,0.23,0.23,SNPP,0,1,1
1911,2013-08-21,2013-08-23,2,6,53.42361,-2.12086,53.42123,53.42575,-2.12508,-2.11659,15.49,58.36,SNPP,0,6,3
1912,2013-08-22,2013-08-22,1,1,56.63049,-3.00539,56.63049,56.63049,-3.00539,-3.00539,0.74,0.74,SNPP,0,1,1
1913,2013-08-22,2013-08-22,1,1,52.89049,-4.43869,52.89049,52.89049,-4.43869,-4.43869,3.97,3.97,SNPP,0,0,1
1914,2013-08-22,2013-08-22,1,1,53.56471,-0.8453,53.56471,53.56471,-0.8453,-0.8453,2.16,2.16,SNPP,0,0,1
1915,2013-08-23,2013-08-23,1,1,51.66528,-4.11432,51.66528,51.66528,-4.11432,-4.11432,0.27,0.27,SNPP,0,1,1
1916,2013-08-23,2013-08-23,1,1,53.43663,-0.98748,53.43663,53.43663,-0.98748,-0.98748,0.42,0.42,SNPP,0,1,1
1917,2013-08-23,2013-08-23,1,4,51.26212,-1.15731,51.2611,51.26312,-1.16155,-1.15305,1.43,5.46,SNPP,0,4,1
1918,2013-08-23,2013-08-23,1,1,51.19819,-0.24275,51.19819,51.19819,-0.24275,-0.24275,2.59,2.59,SNPP,0,0,1
1919,2013-08-26,2013-08-26,1,1,52.67052,-3.04905,52.67052,52.67052,-3.04905,-3.04905,0.6,0.6,SNPP,0,1,1
1920,2013-08-26,2013-08-26,1,3,53.21167,-2.08501,53.21103,53.2127,-2.08718,-2.08328,1.74,3.67,SNPP,0,3,1
1921,2013-08-26,2013-08-27,2,2,53.76966,-1.45196,53.76906,53.77026,-1.45223,-1.45169,0.45,0.64,SNPP,0,2,2
1922,2013-08-26,2013-08-26,1,1,52.51847,-2.40543,52.51847,52.51847,-2.40543,-2.40543,3.47,3.47,SNPP,0,0,1
1923,2013-08-26,2013-08-26,1,1,53.33421,0.19899,53.33421,53.33421,0.19899,0.19899,5.3,5.3,SNPP,0,0,1
1924,2013-08-27,2013-08-27,1,1,51.34455,1.31126,51.34455,51.34455,1.31126,1.31126,0.4,0.4,SNPP,0,1,1
1925,2013-08-27,2013-08-29,2,5,51.41735,0.87947,51.41597,51.41879,0.87506,0.88191,3.63,10.95,SNPP,0,5,3
1926,2013-08-27,2013-08-28,2,2,53.64948,-0.55234,53.64848,53.65047,-0.55245,-0.55223,4.79,5.23,SNPP,0,1,2
1927,2013-08-28,2013-08-28,1,1,51.52022,-1.76955,51.52022,51.52022,-1.76955,-1.76955,2.0,2.0,SNPP,0,0,1
1928,2013-08-28,2013-08-28,1,1,52.05844,0.08212,52.05844,52.05844,0.08212,0.08212,11.74,11.74,SNPP,0,0,1
1929,2013-08-28,2013-08-28,1,1,52.0765,1.20733,52.0765,52.0765,1.20733,1.20733,2.69,2.69,SNPP,0,0,1
1930,2013-08-29,2013-08-29,1,3,51.68687,0.3142,51.6844,51.68856,0.3119,0.3174,7.23,15.29,SNPP,0,0,1
1931,2013-08-30,2013-08-30,1,2,50.5051,-3.63665,50.50463,50.50557,-3.63935,-3.63395,3.05,6.1,SNPP,0,2,1
1932,2013-08-30,2013-08-30,1,1,52.72457,-2.44135,52.72457,52.72457,-2.44135,-2.44135,4.01,4.01,SNPP,0,0,1
1933,2013-08-30,2013-08-30,1,1,51.84241,0.20732,51.84241,51.84241,0.20732,0.20732,5.21,5.21,SNPP,0,0,1
1934,2013-08-31,2013-09-02,2,5,51.39556,0.87779,51.39447,51.39737,0.87658,0.87956,16.11,26.91,SNPP,0,3,3
1935,2013-08-31,2013-08-31,1,1,51.44106,0.38391,51.44106,51.44106,0.38391,0.38391,17.82,17.82,SNPP,0,0,1
1936,2013-08-31,2013-08-31,1,1,52.34618,0.4828,52.34618,52.34618,0.4828,0.4828,9.01,9.01,SNPP,1,0,1
1937,2013-09-02,2013-09-02,1,1,51.8194,1.05157,51.8194,51.8194,1.05157,1.05157,0.48,0.48,SNPP,0,1,1
1938,2013-09-02,2013-09-02,1,2,52.4432,0.10921,52.44247,52.44394,0.10682,0.1116,5.74,11.48,SNPP,0,2,1
1939,2013-09-02,2013-09-02,1,1,52.84486,0.86249,52.84486,52.84486,0.86249,0.86249,0.48,0.48,SNPP,0,1,1
1940,2013-09-02,2013-09-02,1,2,50.28609,-5.11501,50.28446,50.28772,-5.11565,-5.11437,3.18,5.38,SNPP,0,0,1
1941,2013-09-02,2013-09-04,3,3,50.63882,-3.88744,50.63766,50.64,-3.88964,-3.88449,2.44,6.37,SNPP,0,0,3
1942,2013-09-02,2013-09-02,1,1,51.21505,-1.43646,51.21505,51.21505,-1.43646,-1.43646,7.01,7.01,SNPP,0,0,1
1943,2013-09-02,2013-09-02,1,1,53.30249,-3.28427,53.30249,53.30249,-3.28427,-3.28427,2.86,2.86,SNPP,0,0,1
1944,2013-09-03,2013-09-03,1,2,54.77827,-6.37976,54.77814,54.7784,-6.38016,-6.37937,6.74,12.74,SNPP,0,0,1
1945,2013-09-03,2013-09-03,1,2,55.28779,-2.10788,55.28617,55.28941,-2.10866,-2.10711,2.7,5.4,SNPP,0,0,1
1946,2013-09-04,2013-09-07,3,3,51.48932,-0.53093,51.48893,51.48975,-0.53244,-0.53003,0.28,0.59,SNPP,0,3,4
1947,2013-09-04,2013-09-04,1,1,53.02017,-2.16906,53.02017,53.02017,-2.16906,-2.16906,7.64,7.64,SNPP,0,1,1
1948,2013-09-04,2013-09-04,1,1,51.01183,-1.4547,51.01183,51.01183,-1.4547,-1.4547,9.4,9.4,SNPP,0,0,1
1949,2013-09-04,2013-09-04,1,1,51.1584,0.76066,51.1584,51.1584,0.76066,0.76066,3.57,3.57,SNPP,0,0,1
1950,2013-09-04,2013-09-04,1,1,51.63745,-1.33978,51.63745,51.63745,-1.33978,-1.33978,3.19,3.19,SNPP,0,0,1
1951,2013-09-04,2013-09-04,1,1,51.87405,-1.18719,51.87405,51.87405,-1.18719,-1.18719,2.45,2.45,SNPP,0,0,1
1952,2013-09-04,2013-09-04,1,2,52.3609,-0.3173,52.35919,52.36261,-0.31817,-0.31642,6.77,11.96,SNPP,0,0,1
1953,2013-09-04,2013-09-04,1,1,52.81123,-0.21547,52.81123,52.81123,-0.21547,-0.21547,2.63,2.63,SNPP,0,0,1
1954,2013-09-04,2013-09-04,1,4,57.90109,-4.01635,57.90015,57.90202,-4.01988,-4.01282,10.5,26.61,SNPP,0,0,1
1955,2013-09-04,2013-09-04,1,2,51.52282,-1.21713,51.52134,51.52429,-1.2189,-1.21536,8.18,12.57,SNPP,0,0,1
1956,2013-09-04,2013-09-04,1,1,55.40627,-2.35547,55.40627,55.40627,-2.35547,-2.35547,25.39,25.39,SNPP,1,0,1
1957,2013-09-04,2013-09-04,1,2,55.7428,-2.05365,55.74273,55.74287,-2.05824,-2.04906,21.01,41.63,SNPP,0,0,1
1958,2013-09-05,2013-09-05,1,1,52.20639,-3.13254,52.20639,52.20639,-3.13254,-3.13254,0.5,0.5,SNPP,0,1,1
1959,2013-09-05,2013-09-05,1,2,52.83154,-1.24979,52.82991,52.83316,-1.25048,-1.2491,0.7,1.4,SNPP,0,2,1
1960,2013-09-05,2013-09-05,1,1,53.28753,-0.55894,53.28753,53.28753,-0.55894,-0.55894,0.59,0.59,SNPP,0,1,1
1961,2013-09-05,2013-09-05,1,1,53.72075,-1.17584,53.72075,53.72075,-1.17584,-1.17584,1.52,1.52,SNPP,0,1,1
1962,2013-09-05,2013-09-05,1,1,51.28926,-2.77782,51.28926,51.28926,-2.77782,-2.77782,0.65,0.65,SNPP,0,1,1
1963,2013-09-05,2013-09-05,1,1,51.77245,-1.37986,51.77245,51.77245,-1.37986,-1.37986,3.88,3.88,SNPP,0,0,1
1964,2013-09-05,2013-09-05,1,1,51.92868,0.89766,51.92868,51.92868,0.89766,0.89766,2.87,2.87,SNPP,0,0,1
1965,2013-09-05,2013-09-05,1,1,52.0523,-0.95578,52.0523,52.0523,-0.95578,-0.95578,5.9,5.9,SNPP,0,0,1
1966,2013-09-05,2013-09-05,1,2,52.27442,0.1128,52.27393,52.2749,0.11268,0.11293,3.68,6.28,SNPP,0,0,1
1967,2013-09-05,2013-09-05,1,1,52.4793,-1.44824,52.4793,52.4793,-1.44824,-1.44824,2.48,2.48,SNPP,0,0,1
1968,2013-09-05,2013-09-05,1,1,51.35616,-1.63233,51.35616,51.35616,-1.63233,-1.63233,2.26,2.26,SNPP,0,0,1
1969,2013-09-05,2013-09-05,1,2,52.41446,-1.70538,52.41349,52.41543,-1.70668,-1.70407,6.07,10.25,SNPP,0,0,1
1970,2013-09-05,2013-09-05,1,2,52.68028,0.01078,52.68012,52.68045,0.00986,0.01169,4.99,9.91,SNPP,0,0,1
1971,2013-09-05,2013-09-05,1,3,56.69577,-3.46668,56.694,56.69914,-3.46892,-3.46302,12.69,31.45,SNPP,1,0,1
1972,2013-09-06,2013-09-06,1,1,54.66519,-7.15013,54.66519,54.66519,-7.15013,-7.15013,3.7,3.7,SNPP,0,0,1
1973,2013-09-07,2013-09-07,1,1,52.77486,1.47465,52.77486,52.77486,1.47465,1.47465,0.54,0.54,SNPP,0,1,1
1974,2013-09-07,2013-09-07,1,1,53.19178,0.33901,53.19178,53.19178,0.33901,0.33901,0.3,0.3,SNPP,0,1,1
1975,2013-09-07,2013-09-08,2,4,51.79234,-1.19255,51.79079,51.79349,-1.19732,-1.18929,9.21,14.7,SNPP,0,3,2
1976,2013-09-07,2013-09-07,1,1,53.94357,-0.57657,53.94357,53.94357,-0.57657,-0.57657,4.9,4.9,SNPP,0,0,1
1977,2013-09-08,2013-09-08,1,1,53.53184,-2.68665,53.53184,53.53184,-2.68665,-2.68665,0.79,0.79,SNPP,0,1,1
1978,2013-09-08,2013-09-08,1,1,53.54278,-0.00306,53.54278,53.54278,-0.00306,-0.00306,3.02,3.02,SNPP,0,0,1
1979,2013-09-09,2013-09-09,1,1,53.08433,-0.8399,53.08433,53.08433,-0.8399,-0.8399,0.72,0.72,SNPP,0,1,1
1980,2013-09-09,2013-09-09,1,2,51.80713,0.77756,51.80582,51.80844,0.77721,0.7779,0.79,1.51,SNPP,0,2,1
1981,2013-09-09,2013-09-09,1,1,51.05724,-3.50457,51.05724,51.05724,-3.50457,-3.50457,3.67,3.67,SNPP,0,0,1
1982,2013-09-16,2013-09-16,1,1,51.88036,-1.26884,51.88036,51.88036,-1.26884,-1.26884,1.92,1.92,SNPP,0,0,1
1983,2013-09-18,2013-09-18,1,2,57.59778,-1.92132,57.5977,57.59785,-1.92367,-1.91897,0.97,1.61,SNPP,0,2,1
1984,2013-09-18,2013-09-18,1,1,52.84047,-0.94111,52.84047,52.84047,-0.94111,-0.94111,3.01,3.01,SNPP,0,0,1
1985,2013-09-18,2013-09-18,1,2,53.51515,-0.88938,53.51476,53.51554,-0.89281,-0.88596,4.65,8.37,SNPP,0,0,1
1986,2013-09-20,2013-09-20,1,1,52.27523,-2.5429,52.27523,52.27523,-2.5429,-2.5429,1.3,1.3,SNPP,0,1,1
1987,2013-09-20,2013-09-20,1,1,50.84932,-0.701,50.84932,50.84932,-0.701,-0.701,2.24,2.24,SNPP,0,0,1
1988,2013-09-22,2013-09-22,1,1,57.42089,-4.20844,57.42089,57.42089,-4.20844,-4.20844,0.81,0.81,SNPP,0,1,1
1989,2013-09-22,2013-09-22,1,2,53.03127,-2.38886,53.03088,53.03166,-2.39257,-2.38515,5.33,7.58,SNPP,0,2,1
1990,2013-09-22,2013-09-22,1,2,53.04124,-0.81454,53.04099,53.0415,-0.81475,-0.81434,1.56,2.62,SNPP,0,2,1
1991,2013-09-23,2013-09-23,1,3,57.64906,-3.15199,57.64652,57.65144,-3.15342,-3.14969,4.53,7.48,SNPP,0,3,1
1992,2013-09-23,2013-09-23,1,1,56.73783,-3.36858,56.73783,56.73783,-3.36858,-3.36858,5.52,5.52,SNPP,0,0,1
1993,2013-09-24,2013-09-24,1,1,51.77398,-3.19864,51.77398,51.77398,-3.19864,-3.19864,1.61,1.61,SNPP,0,0,1
1994,2013-09-24,2013-09-24,1,1,53.32451,-0.82687,53.32451,53.32451,-0.82687,-0.82687,2.57,2.57,SNPP,0,0,1
1995,2013-09-26,2013-09-26,1,1,52.24611,-1.37988,52.24611,52.24611,-1.37988,-1.37988,2.19,2.19,SNPP,0,0,1
1996,2013-09-27,2013-09-27,1,1,53.01761,-0.8658,53.01761,53.01761,-0.8658,-0.8658,8.25,8.25,SNPP,0,0,1
1997,2013-09-28,2013-09-28,1,1,53.42024,-2.39449,53.42024,53.42024,-2.39449,-2.39449,0.94,0.94,SNPP,0,1,1
1998,2013-09-28,2013-09-28,1,2,55.82926,-2.87868,55.82911,55.8294,-2.87946,-2.8779,6.46,10.32,SNPP,0,0,1
1999,2013-09-29,2013-09-29,1,2,51.4177,0.8802,51.41559,51.4198,0.87968,0.88071,0.7,1.23,SNPP,0,2,1
2000,2013-09-29,2013-09-29,1,1,52.04255,-1.09859,52.04255,52.04255,-1.09859,-1.09859,4.39,4.39,SNPP,0,0,1
2001,2013-09-29,2013-09-29,1,1,52.20222,-1.45006,52.20222,52.20222,-1.45006,-1.45006,6.73,6.73,SNPP,0,0,1
2002,2013-09-29,2013-09-29,1,1,53.79792,-0.14761,53.79792,53.79792,-0.14761,-0.14761,3.27,3.27,SNPP,0,0,1
2003,2013-09-29,2013-09-29,1,1,54.51073,-6.85998,54.51073,54.51073,-6.85998,-6.85998,2.11,2.11,SNPP,0,0,1
2004,2013-09-30,2013-09-30,1,3,51.71086,0.54897,51.70905,51.71199,0.5482,0.55007,3.43,7.83,SNPP,0,3,1
2005,2013-09-30,2013-09-30,1,1,54.28716,-1.49391,54.28716,54.28716,-1.49391,-1.49391,3.03,3.03,SNPP,0,0,1
2006,2013-09-30,2013-09-30,1,1,54.82578,-2.58074,54.82578,54.82578,-2.58074,-2.58074,3.04,3.04,SNPP,0,0,1
2007,2013-10-01,2013-10-01,1,2,52.13858,1.18282,52.13855,52.1386,1.1812,1.18444,4.66,8.69,SNPP,0,1,1
2008,2013-10-01,2013-10-01,1,1,53.19408,-0.09532,53.19408,53.19408,-0.09532,-0.09532,0.79,0.79,SNPP,0,1,1
2009,2013-10-01,2013-10-01,1,2,53.0149,-0.48164,53.01439,53.0154,-0.48167,-0.48162,16.28,29.33,SNPP,0,0,1
2010,2013-10-01,2013-10-01,1,1,55.85858,-3.29178,55.85858,55.85858,-3.29178,-3.29178,10.47,10.47,SNPP,0,0,1
2011,2013-10-01,2013-10-01,1,2,57.4079,-3.31357,57.40786,57.40794,-3.31358,-3.31356,4.7,8.55,SNPP,0,0,1
2012,2013-10-04,2013-10-04,1,1,52.32006,-0.67778,52.32006,52.32006,-0.67778,-0.67778,0.98,0.98,SNPP,0,1,1
2013,2013-10-04,2013-10-04,1,1,51.71264,-0.91914,51.71264,51.71264,-0.91914,-0.91914,2.14,2.14,SNPP,0,0,1
2014,2013-10-06,2013-10-06,1,1,51.26908,-2.13542,51.26908,51.26908,-2.13542,-2.13542,2.31,2.31,SNPP,0,1,1
2015,2013-10-06,2013-10-06,1,1,51.98829,-1.246,51.98829,51.98829,-1.246,-1.246,2.77,2.77,SNPP,0,0,1
2016,2013-10-07,2013-10-07,1,1,54.44904,-1.87081,54.44904,54.44904,-1.87081,-1.87081,4.14,4.14,SNPP,0,0,1
2017,2013-10-07,2013-10-07,1,1,54.3583,-0.73903,54.3583,54.3583,-0.73903,-0.73903,2.94,2.94,SNPP,0,0,1
2018,2013-10-08,2013-10-08,1,1,52.03142,-1.90992,52.03142,52.03142,-1.90992,-1.90992,4.81,4.81,SNPP,0,0,1
2019,2013-10-08,2013-10-08,1,1,54.4953,-0.86513,54.4953,54.4953,-0.86513,-0.86513,4.16,4.16,SNPP,0,0,1
2020,2013-10-09,2013-10-09,1,1,55.98325,-2.82466,55.98325,55.98325,-2.82466,-2.82466,3.65,3.65,SNPP,0,1,1
2021,2013-10-10,2013-10-10,1,1,50.8614,-1.86487,50.8614,50.8614,-1.86487,-1.86487,2.17,2.17,SNPP,0,0,1
2022,2013-10-10,2013-10-10,1,1,54.1377,-6.38167,54.1377,54.1377,-6.38167,-6.38167,2.3,2.3,SNPP,0,0,1
2023,2013-10-11,2013-10-11,1,1,52.7061,1.13843,52.7061,52.7061,1.13843,1.13843,0.86,0.86,SNPP,0,1,1
2024,2013-10-12,2013-10-12,1,1,53.92329,-2.67038,53.92329,53.92329,-2.67038,-2.67038,2.81,2.81,SNPP,0,0,1
2025,2013-10-12,2013-10-12,1,1,56.94053,-2.73601,56.94053,56.94053,-2.73601,-2.73601,2.26,2.26,SNPP,0,0,1
2026,2013-10-12,2013-10-12,1,1,57.39275,-3.31552,57.39275,57.39275,-3.31552,-3.31552,2.92,2.92,SNPP,0,0,1
2027,2013-10-13,2013-10-13,1,1,56.86667,-3.42271,56.86667,56.86667,-3.42271,-3.42271,6.85,6.85,SNPP,0,0,1
2028,2013-10-14,2013-10-14,1,1,55.2303,-3.94456,55.2303,55.2303,-3.94456,-3.94456,4.01,4.01,SNPP,0,0,1
2029,2013-10-15,2013-10-15,1,1,52.88872,-4.43795,52.88872,52.88872,-4.43795,-4.43795,3.27,3.27,SNPP,0,0,1
2030,2013-10-15,2013-10-15,1,1,56.56361,-3.51066,56.56361,56.56361,-3.51066,-3.51066,3.82,3.82,SNPP,0,0,1
2031,2013-10-16,2013-10-16,1,1,55.90715,-4.61695,55.90715,55.90715,-4.61695,-4.61695,0.32,0.32,SNPP,0,1,1
2032,2013-10-17,2013-10-17,1,5,52.74131,1.26641,52.73825,52.74228,1.2604,1.26948,4.55,14.9,SNPP,0,5,1
2033,2013-10-17,2013-10-17,1,1,53.62944,-2.26011,53.62944,53.62944,-2.26011,-2.26011,0.88,0.88,SNPP,0,1,1
2034,2013-10-24,2013-10-24,1,1,51.36718,-0.66169,51.36718,51.36718,-0.66169,-0.66169,1.13,1.13,SNPP,0,1,1
2035,2013-10-24,2013-10-24,1,1,57.12065,-3.12149,57.12065,57.12065,-3.12149,-3.12149,3.66,3.66,SNPP,0,0,1
2036,2013-10-27,2013-10-27,1,1,55.85835,-4.22086,55.85835,55.85835,-4.22086,-4.22086,0.81,0.81,SNPP,0,1,1
2037,2013-10-27,2013-10-27,1,1,52.2369,-0.59667,52.2369,52.2369,-0.59667,-0.59667,1.1,1.1,SNPP,0,1,1
2038,2013-10-28,2013-10-29,2,2,50.71005,-3.08914,50.70845,50.71165,-3.08925,-3.08902,5.7,9.52,SNPP,0,0,2
2039,2013-10-29,2013-10-29,1,1,51.48927,-0.52952,51.48927,51.48927,-0.52952,-0.52952,0.23,0.23,SNPP,0,1,1
2040,2013-10-29,2013-10-29,1,1,57.08949,-3.22138,57.08949,57.08949,-3.22138,-3.22138,3.85,3.85,SNPP,0,0,1
2041,2013-10-30,2013-10-30,1,1,52.01406,-2.67615,52.01406,52.01406,-2.67615,-2.67615,3.62,3.62,SNPP,0,0,1
2042,2013-10-30,2013-10-30,1,1,54.32035,-0.93715,54.32035,54.32035,-0.93715,-0.93715,2.27,2.27,SNPP,0,0,1
2043,2013-10-30,2013-10-30,1,1,54.48078,-0.87356,54.48078,54.48078,-0.87356,-0.87356,1.57,1.57,SNPP,0,0,1
2044,2013-10-31,2013-10-31,1,1,56.63622,-2.60172,56.63622,56.63622,-2.60172,-2.60172,1.82,1.82,SNPP,0,0,1
2045,2013-11-01,2013-11-01,1,1,54.60356,-7.09071,54.60356,54.60356,-7.09071,-7.09071,0.42,0.42,SNPP,0,1,1
2046,2013-11-02,2013-11-02,1,1,53.5588,-2.16634,53.5588,53.5588,-2.16634,-2.16634,0.68,0.68,SNPP,0,1,1
2047,2013-11-02,2013-11-03,2,3,54.59973,-5.65269,54.59745,54.60097,-5.65385,-5.65143,1.87,4.61,SNPP,0,2,2
2048,2013-11-03,2013-11-03,1,1,52.31225,1.44591,52.31225,52.31225,1.44591,1.44591,1.48,1.48,SNPP,0,1,1
2049,2013-11-03,2013-11-03,1,1,52.33003,1.00124,52.33003,52.33003,1.00124,1.00124,0.5,0.5,SNPP,0,1,1
2050,2013-11-03,2013-11-03,1,1,52.64312,-1.13535,52.64312,52.64312,-1.13535,-1.13535,1.02,1.02,SNPP,0,1,1
2051,2013-11-03,2013-11-03,1,2,52.782,-0.85928,52.78159,52.78242,-0.86214,-0.85641,1.0,2.0,SNPP,0,2,1
2052,2013-11-03,2013-11-03,1,1,52.86039,-1.94509,52.86039,52.86039,-1.94509,-1.94509,0.51,0.51,SNPP,0,1,1
2053,2013-11-03,2013-11-03,1,2,52.89475,-1.2863,52.89309,52.89641,-1.28694,-1.28566,1.5,3.0,SNPP,0,2,1
2054,2013-11-03,2013-11-03,1,1,52.89768,-2.14525,52.89768,52.89768,-2.14525,-2.14525,0.58,0.58,SNPP,0,1,1
2055,2013-11-03,2013-11-03,1,1,52.9937,-1.96941,52.9937,52.9937,-1.96941,-1.96941,0.56,0.56,SNPP,0,1,1
2056,2013-11-03,2013-11-03,1,1,53.01363,-0.3912,53.01363,53.01363,-0.3912,-0.3912,0.82,0.82,SNPP,0,1,1
2057,2013-11-03,2013-11-03,1,6,53.02962,-2.37199,53.02825,53.03118,-2.37611,-2.3686,5.08,21.86,SNPP,0,5,1
2058,2013-11-03,2013-11-03,1,2,53.14969,-2.26183,53.14799,53.15138,-2.26245,-2.26122,1.02,2.04,SNPP,0,2,1
2059,2013-11-03,2013-11-03,1,1,53.16149,0.26516,53.16149,53.16149,0.26516,0.26516,0.7,0.7,SNPP,0,1,1
2060,2013-11-03,2013-11-03,1,1,53.19075,-1.43124,53.19075,53.19075,-1.43124,-1.43124,0.51,0.51,SNPP,0,1,1
2061,2013-11-03,2013-11-03,1,1,53.54364,-1.49471,53.54364,53.54364,-1.49471,-1.49471,0.39,0.39,SNPP,0,1,1
2062,2013-11-03,2013-11-03,1,1,53.55797,-1.41951,53.55797,53.55797,-1.41951,-1.41951,0.79,0.79,SNPP,0,1,1
2063,2013-11-03,2013-11-03,1,1,53.57582,-2.07728,53.57582,53.57582,-2.07728,-2.07728,0.43,0.43,SNPP,0,1,1
2064,2013-11-03,2013-11-03,1,1,53.57871,-2.40289,53.57871,53.57871,-2.40289,-2.40289,0.74,0.74,SNPP,0,1,1
2065,2013-11-03,2013-11-03,1,1,53.61381,-1.46762,53.61381,53.61381,-1.46762,-1.46762,0.42,0.42,SNPP,0,1,1
2066,2013-11-03,2013-11-03,1,2,53.69107,-1.11194,53.69065,53.69149,-1.11493,-1.10896,0.93,1.86,SNPP,0,2,1
2067,2013-11-03,2013-11-03,1,1,53.78738,-0.86751,53.78738,53.78738,-0.86751,-0.86751,1.28,1.28,SNPP,0,1,1
2068,2013-11-03,2013-11-03,1,1,53.79247,-1.57058,53.79247,53.79247,-1.57058,-1.57058,0.43,0.43,SNPP,0,1,1
2069,2013-11-03,2013-11-03,1,1,50.99791,-0.21539,50.99791,50.99791,-0.21539,-0.21539,0.55,0.55,SNPP,0,1,1
2070,2013-11-03,2013-11-03,1,1,51.10645,1.00916,51.10645,51.10645,1.00916,1.00916,0.72,0.72,SNPP,0,1,1
2071,2013-11-03,2013-11-03,1,1,51.12382,0.90605,51.12382,51.12382,0.90605,0.90605,0.52,0.52,SNPP,0,1,1
2072,2013-11-03,2013-11-03,1,1,51.23189,-0.28708,51.23189,51.23189,-0.28708,-0.28708,0.53,0.53,SNPP,0,1,1
2073,2013-11-03,2013-11-03,1,1,51.36432,1.31616,51.36432,51.36432,1.31616,1.31616,0.41,0.41,SNPP,0,1,1
2074,2013-11-03,2013-11-03,1,1,51.65275,-0.73206,51.65275,51.65275,-0.73206,-0.73206,0.51,0.51,SNPP,0,1,1
2075,2013-11-03,2013-11-03,1,1,51.87616,0.31958,51.87616,51.87616,0.31958,0.31958,0.95,0.95,SNPP,0,1,1
2076,2013-11-03,2013-11-03,1,1,51.993,-1.49056,51.993,51.993,-1.49056,-1.49056,0.98,0.98,SNPP,0,1,1
2077,2013-11-03,2013-11-03,1,2,52.02497,-0.18774,52.02256,52.02738,-0.19459,-0.18089,0.61,1.15,SNPP,0,2,1
2078,2013-11-03,2013-11-03,1,1,52.19369,-1.89192,52.19369,52.19369,-1.89192,-1.89192,1.04,1.04,SNPP,0,1,1
2079,2013-11-03,2013-11-03,1,2,52.19608,-2.22832,52.1944,52.19775,-2.22892,-2.22771,0.44,0.88,SNPP,0,2,1
2080,2013-11-03,2013-11-03,1,1,52.23736,-0.60135,52.23736,52.23736,-0.60135,-0.60135,2.7,2.7,SNPP,0,1,1
2081,2013-11-03,2013-11-03,1,2,52.33264,-2.07319,52.33096,52.33431,-2.0738,-2.07258,0.52,0.85,SNPP,0,2,1
2082,2013-11-03,2013-11-03,1,1,52.34144,-1.00116,52.34144,52.34144,-1.00116,-1.00116,2.4,2.4,SNPP,0,1,1
2083,2013-11-03,2013-11-03,1,1,52.43809,-0.79505,52.43809,52.43809,-0.79505,-0.79505,0.69,0.69,SNPP,0,1,1
2084,2013-11-03,2013-11-03,1,1,52.45158,-0.45499,52.45158,52.45158,-0.45499,-0.45499,1.31,1.31,SNPP,0,1,1
2085,2013-11-03,2013-11-03,1,1,52.47449,-0.92463,52.47449,52.47449,-0.92463,-0.92463,0.48,0.48,SNPP,0,1,1
2086,2013-11-03,2013-11-03,1,1,52.55702,-1.127,52.55702,52.55702,-1.127,-1.127,0.79,0.79,SNPP,0,1,1
2087,2013-11-03,2013-11-03,1,1,52.58883,-2.13919,52.58883,52.58883,-2.13919,-2.13919,0.79,0.79,SNPP,0,1,1
2088,2013-11-03,2013-11-03,1,2,52.59558,-1.33648,52.59392,52.59723,-1.33712,-1.33584,1.32,2.64,SNPP,0,2,1
2089,2013-11-03,2013-11-03,1,1,52.60161,-1.09763,52.60161,52.60161,-1.09763,-1.09763,0.81,0.81,SNPP,0,1,1
2090,2013-11-03,2013-11-03,1,1,52.61968,-2.02828,52.61968,52.61968,-2.02828,-2.02828,0.48,0.48,SNPP,0,1,1
2091,2013-11-03,2013-11-03,1,1,52.65555,-1.57656,52.65555,52.65555,-1.57656,-1.57656,1.66,1.66,SNPP,0,1,1
2092,2013-11-03,2013-11-03,1,1,53.5197,-2.05889,53.5197,53.5197,-2.05889,-2.05889,1.88,1.88,SNPP,0,1,1
2093,2013-11-04,2013-11-04,1,2,53.64422,-3.02032,53.64399,53.64444,-3.02049,-3.02016,0.69,1.14,SNPP,0,2,1
2094,2013-11-04,2013-11-04,1,1,53.78593,-1.73462,53.78593,53.78593,-1.73462,-1.73462,0.9,0.9,SNPP,0,1,1
2095,2013-11-06,2013-11-06,1,3,57.60703,-1.89714,57.60416,57.61011,-1.89748,-1.8966,3.21,5.69,SNPP,0,3,1
2096,2013-11-06,2013-11-06,1,1,54.44321,-1.40748,54.44321,54.44321,-1.40748,-1.40748,1.1,1.1,SNPP,0,1,1
2097,2013-11-06,2013-11-06,1,2,54.67028,-1.206,54.66988,54.67068,-1.20735,-1.20466,5.36,7.67,SNPP,0,2,1
2098,2013-11-06,2013-11-06,1,5,54.9155,-1.42148,54.91432,54.91613,-1.42567,-1.41779,2.84,8.78,SNPP,0,5,1
2099,2013-11-06,2013-11-06,1,2,56.04068,-3.49056,56.03946,56.0419,-3.49107,-3.49004,1.56,2.59,SNPP,0,2,1
2100,2013-11-06,2013-11-06,1,1,53.06866,-0.95772,53.06866,53.06866,-0.95772,-0.95772,0.4,0.4,SNPP,0,1,1
2101,2013-11-06,2013-11-06,1,3,53.32527,-1.18231,53.3218,53.3275,-1.18298,-1.18174,1.4,3.1,SNPP,0,3,1
2102,2013-11-06,2013-11-06,1,1,53.83888,-0.43905,53.83888,53.83888,-0.43905,-0.43905,1.56,1.56,SNPP,0,1,1
2103,2013-11-06,2013-11-06,1,1,57.10395,-2.99601,57.10395,57.10395,-2.99601,-2.99601,3.13,3.13,SNPP,0,0,1
2104,2013-11-06,2013-11-06,1,1,57.12627,-3.11522,57.12627,57.12627,-3.11522,-3.11522,3.86,3.86,SNPP,0,0,1
2105,2013-11-07,2013-11-07,1,1,53.2076,0.34117,53.2076,53.2076,0.34117,0.34117,2.2,2.2,SNPP,0,0,1
2106,2013-11-07,2013-11-07,1,1,54.84882,-3.90791,54.84882,54.84882,-3.90791,-3.90791,5.74,5.74,SNPP,0,0,1
2107,2013-11-08,2013-11-08,1,3,51.03869,-3.8393,51.03775,51.03979,-3.84332,-3.8369,2.88,7.58,SNPP,0,3,1
2108,2013-11-08,2013-11-08,1,1,53.55532,-1.08996,53.55532,53.55532,-1.08996,-1.08996,0.85,0.85,SNPP,0,1,1
2109,2013-11-08,2013-11-08,1,1,56.85359,-2.72782,56.85359,56.85359,-2.72782,-2.72782,2.14,2.14,SNPP,0,0,1
2110,2013-11-09,2013-11-09,1,1,51.41006,-2.38428,51.41006,51.41006,-2.38428,-2.38428,1.07,1.07,SNPP,0,1,1
2111,2013-11-09,2013-11-09,1,2,53.28836,-0.54786,53.28764,53.28909,-0.54842,-0.54729,4.68,6.74,SNPP,0,2,1
2112,2013-11-09,2013-11-09,1,1,53.48835,-0.98461,53.48835,53.48835,-0.98461,-0.98461,0.7,0.7,SNPP,0,1,1
2113,2013-11-09,2013-11-09,1,1,53.82549,-2.40024,53.82549,53.82549,-2.40024,-2.40024,0.54,0.54,SNPP,0,1,1
2114,2013-11-10,2013-11-10,1,1,52.79868,-2.5951,52.79868,52.79868,-2.5951,-2.5951,1.02,1.02,SNPP,0,1,1
2115,2013-11-10,2013-11-10,1,1,53.35837,-2.59481,53.35837,53.35837,-2.59481,-2.59481,0.95,0.95,SNPP,0,1,1
2116,2013-11-10,2013-11-10,1,1,52.32153,0.20051,52.32153,52.32153,0.20051,0.20051,0.39,0.39,SNPP,0,1,1
2117,2013-11-10,2013-11-10,1,1,52.59146,-1.5943,52.59146,52.59146,-1.5943,-1.5943,0.53,0.53,SNPP,0,1,1
2118,2013-11-10,2013-11-10,1,2,52.98662,-2.36805,52.98435,52.9889,-2.36986,-2.36624,2.74,4.5,SNPP,0,2,1
2119,2013-11-10,2013-11-10,1,1,51.46914,-3.38597,51.46914,51.46914,-3.38597,-3.38597,5.06,5.06,SNPP,0,0,1
2120,2013-11-12,2013-11-12,1,2,57.03452,-2.85354,57.03309,57.03595,-2.85595,-2.85113,7.69,12.28,SNPP,0,0,1
2121,2013-11-12,2013-11-14,2,2,57.08316,-3.0827,57.07814,57.08817,-3.0887,-3.07671,5.22,7.55,SNPP,0,0,3
2122,2013-11-13,2013-11-13,1,1,57.21497,-3.81561,57.21497,57.21497,-3.81561,-3.81561,1.43,1.43,SNPP,0,1,1
2123,2013-11-13,2013-11-13,1,1,52.9684,-2.37394,52.9684,52.9684,-2.37394,-2.37394,0.32,0.32,SNPP,0,1,1
2124,2013-11-14,2013-11-14,1,1,56.8399,-2.74633,56.8399,56.8399,-2.74633,-2.74633,4.83,4.83,SNPP,0,0,1
2125,2013-11-14,2013-11-14,1,1,54.32413,-1.20858,54.32413,54.32413,-1.20858,-1.20858,2.76,2.76,SNPP,0,0,1
2126,2013-11-14,2013-11-14,1,1,56.9132,-2.73665,56.9132,56.9132,-2.73665,-2.73665,17.12,17.12,SNPP,0,0,1
2127,2013-11-15,2013-11-15,1,1,54.37334,-1.21698,54.37334,54.37334,-1.21698,-1.21698,1.86,1.86,SNPP,0,0,1
2128,2013-11-15,2013-11-15,1,1,51.17506,-0.81427,51.17506,51.17506,-0.81427,-0.81427,5.7,5.7,SNPP,0,0,1
2129,2013-11-16,2013-11-19,3,9,57.17087,-3.28239,57.16761,57.17353,-3.29481,-3.27601,22.42,94.6,SNPP,0,1,4
2130,2013-11-16,2013-11-16,1,1,54.34216,-1.19059,54.34216,54.34216,-1.19059,-1.19059,3.52,3.52,SNPP,0,0,1
2131,2013-11-17,2013-11-17,1,1,54.39684,-0.98676,54.39684,54.39684,-0.98676,-0.98676,4.59,4.59,SNPP,0,0,1
2132,2013-11-17,2013-11-17,1,1,54.49261,-0.84049,54.49261,54.49261,-0.84049,-0.84049,6.15,6.15,SNPP,0,0,1
2133,2013-11-18,2013-11-18,1,1,56.99572,-2.94635,56.99572,56.99572,-2.94635,-2.94635,4.63,4.63,SNPP,0,0,1
2134,2013-11-18,2013-11-18,1,1,56.86528,-2.7268,56.86528,56.86528,-2.7268,-2.7268,6.07,6.07,SNPP,0,0,1
2135,2013-11-18,2013-11-18,1,2,56.99116,-2.84388,56.99001,56.99231,-2.84436,-2.8434,7.09,11.31,SNPP,0,0,1
2136,2013-11-19,2013-11-19,1,1,53.92553,-0.44372,53.92553,53.92553,-0.44372,-0.44372,1.9,1.9,SNPP,0,1,1
2137,2013-11-19,2013-11-19,1,1,56.81189,-3.42249,56.81189,56.81189,-3.42249,-3.42249,3.54,3.54,SNPP,0,0,1
2138,2013-11-19,2013-11-19,1,1,51.70766,-1.13044,51.70766,51.70766,-1.13044,-1.13044,1.71,1.71,SNPP,0,0,1
2139,2013-11-19,2013-11-19,1,2,56.83846,-2.87648,56.83812,56.8388,-2.8774,-2.87555,11.06,20.73,SNPP,0,0,1
2140,2013-11-22,2013-11-22,1,1,50.64742,-2.56698,50.64742,50.64742,-2.56698,-2.56698,2.2,2.2,SNPP,0,0,1
2141,2013-11-22,2013-11-22,1,1,56.81049,-3.18823,56.81049,56.81049,-3.18823,-3.18823,3.73,3.73,SNPP,0,0,1
2142,2013-11-25,2013-11-25,1,3,51.29686,0.95848,51.29537,51.29764,0.95654,0.95989,2.98,5.72,SNPP,0,3,1
2143,2013-11-27,2013-11-27,1,1,52.63348,0.11666,52.63348,52.63348,0.11666,0.11666,1.64,1.64,SNPP,0,0,1
2144,2013-11-28,2013-11-28,1,1,56.93578,-2.94657,56.93578,56.93578,-2.94657,-2.94657,2.42,2.42,SNPP,0,0,1
2145,2013-11-28,2013-11-28,1,1,57.03596,-2.97371,57.03596,57.03596,-2.97371,-2.97371,2.26,2.26,SNPP,0,0,1
2146,2013-11-30,2013-11-30,1,1,53.63474,-0.62642,53.63474,53.63474,-0.62642,-0.62642,0.55,0.55,SNPP,0,1,1
2147,2013-11-30,2013-11-30,1,1,52.68032,0.25379,52.68032,52.68032,0.25379,0.25379,0.44,0.44,SNPP,0,1,1
2148,2013-12-01,2013-12-01,1,1,54.35972,-0.93013,54.35972,54.35972,-0.93013,-0.93013,4.66,4.66,SNPP,0,0,1
2149,2013-12-04,2013-12-04,1,1,52.84015,-0.1317,52.84015,52.84015,-0.1317,-0.1317,2.52,2.52,SNPP,0,0,1
2150,2013-12-04,2013-12-04,1,1,54.22185,-1.83153,54.22185,54.22185,-1.83153,-1.83153,3.96,3.96,SNPP,0,0,1
2151,2013-12-04,2013-12-04,1,1,54.44799,-1.89118,54.44799,54.44799,-1.89118,-1.89118,4.44,4.44,SNPP,0,0,1
2152,2013-12-04,2013-12-04,1,1,54.4643,-1.00129,54.4643,54.4643,-1.00129,-1.00129,2.76,2.76,SNPP,0,0,1
2153,2013-12-04,2013-12-04,1,1,54.49614,-0.86691,54.49614,54.49614,-0.86691,-0.86691,4.58,4.58,SNPP,0,0,1
2154,2013-12-04,2013-12-04,1,1,57.10582,-3.15658,57.10582,57.10582,-3.15658,-3.15658,3.07,3.07,SNPP,0,0,1
2155,2013-12-04,2013-12-04,1,1,54.40754,-1.99848,54.40754,54.40754,-1.99848,-1.99848,4.57,4.57,SNPP,0,0,1
2156,2013-12-04,2013-12-04,1,1,54.67495,-1.92633,54.67495,54.67495,-1.92633,-1.92633,3.27,3.27,SNPP,0,0,1
2157,2013-12-04,2013-12-04,1,2,54.85122,-2.00213,54.85115,54.85128,-2.00219,-2.00206,2.49,4.63,SNPP,0,0,1
2158,2013-12-04,2013-12-04,1,1,57.01656,-2.78146,57.01656,57.01656,-2.78146,-2.78146,3.1,3.1,SNPP,0,0,1
2159,2013-12-05,2013-12-05,1,2,52.30257,0.34459,52.30213,52.30301,0.34182,0.34736,3.08,6.16,SNPP,0,2,1
2160,2013-12-05,2013-12-05,1,2,52.6978,-1.43638,52.69769,52.69791,-1.43667,-1.4361,5.34,8.49,SNPP,0,0,1
2161,2013-12-06,2013-12-06,1,1,54.39423,-0.99398,54.39423,54.39423,-0.99398,-0.99398,2.23,2.23,SNPP,0,0,1
2162,2013-12-06,2013-12-06,1,1,54.14552,-1.78298,54.14552,54.14552,-1.78298,-1.78298,2.73,2.73,SNPP,0,0,1
2163,2013-12-09,2013-12-09,1,2,54.38532,-0.60072,54.38473,54.3859,-0.6038,-0.59763,15.98,31.96,SNPP,0,0,1
2164,2013-12-09,2013-12-09,1,1,54.48948,-0.99123,54.48948,54.48948,-0.99123,-0.99123,2.91,2.91,SNPP,0,0,1
2165,2013-12-10,2013-12-10,1,1,52.61505,0.24465,52.61505,52.61505,0.24465,0.24465,0.38,0.38,SNPP,0,1,1
2166,2013-12-10,2013-12-10,1,1,53.77235,-1.5415,53.77235,53.77235,-1.5415,-1.5415,1.27,1.27,SNPP,0,1,1
2167,2013-12-10,2013-12-10,1,1,57.2015,-3.16605,57.2015,57.2015,-3.16605,-3.16605,1.83,1.83,SNPP,0,0,1
2168,2013-12-11,2013-12-11,1,2,50.41393,-4.27741,50.41359,50.41427,-4.27817,-4.27666,1.36,2.27,SNPP,0,2,1
2169,2013-12-11,2013-12-11,1,1,57.01395,-2.8179,57.01395,57.01395,-2.8179,-2.8179,7.22,7.22,SNPP,0,0,1
2170,2013-12-15,2013-12-15,1,1,52.4402,-0.79063,52.4402,52.4402,-0.79063,-0.79063,0.37,0.37,SNPP,0,1,1
2171,2013-12-19,2013-12-19,1,5,57.48063,-3.11138,57.47813,57.4847,-3.1171,-3.1058,3.59,12.44,SNPP,0,5,1
2172,2013-12-20,2013-12-20,1,3,51.45984,0.54685,51.45888,51.46066,0.54417,0.54891,1.19,2.87,SNPP,0,3,1
2173,2013-12-20,2013-12-20,1,2,50.91514,-1.94384,50.91407,50.9162,-1.94457,-1.9431,5.76,8.33,SNPP,0,2,1
2174,2013-12-20,2013-12-20,1,2,51.19802,1.13008,51.19801,51.19804,1.12945,1.13071,26.03,31.04,SNPP,0,0,1
2175,2013-12-22,2013-12-22,1,1,53.25023,-0.15687,53.25023,53.25023,-0.15687,-0.15687,0.86,0.86,SNPP,0,1,1
2176,2013-12-22,2013-12-22,1,1,52.11182,-1.31483,52.11182,52.11182,-1.31483,-1.31483,2.18,2.18,SNPP,0,0,1
2177,2013-12-25,2013-12-25,1,1,53.7705,-1.45261,53.7705,53.7705,-1.45261,-1.45261,0.6,0.6,SNPP,0,1,1
2178,2013-12-25,2013-12-25,1,1,52.73245,1.65588,52.73245,52.73245,1.65588,1.65588,3.09,3.09,SNPP,0,0,1
2179,2014-01-01,2014-01-01,1,2,55.62338,-3.52394,55.62295,55.6238,-3.52418,-3.52369,0.88,1.68,SNPP,0,2,1
2180,2014-01-06,2014-01-06,1,2,51.4508,-2.43594,51.45052,51.45108,-2.43784,-2.43404,1.62,2.98,SNPP,0,2,1
2181,2014-01-06,2014-01-06,1,4,57.30586,-2.4823,57.30412,57.30873,-2.4872,-2.47729,0.93,3.19,SNPP,0,4,1
2182,2014-01-09,2014-01-09,1,1,57.18788,-2.34646,57.18788,57.18788,-2.34646,-2.34646,1.85,1.85,SNPP,0,0,1
2183,2014-01-11,2014-01-11,1,1,54.42642,-0.98242,54.42642,54.42642,-0.98242,-0.98242,2.54,2.54,SNPP,0,0,1
2184,2014-01-11,2014-01-11,1,1,57.3022,-3.07898,57.3022,57.3022,-3.07898,-3.07898,2.17,2.17,SNPP,0,0,1
2185,2014-01-16,2014-01-23,7,33,53.7801,-1.20236,53.77489,53.78604,-1.21651,-1.19468,74.9,299.48,SNPP,3,26,8
2186,2014-01-23,2014-01-23,1,1,52.23828,0.87805,52.23828,52.23828,0.87805,0.87805,1.18,1.18,SNPP,0,1,1
2187,2014-01-26,2014-01-26,1,2,53.77914,-1.20165,53.77742,53.78086,-1.2023,-1.20099,3.67,6.62,SNPP,0,2,1
2188,2014-02-02,2014-02-02,1,2,53.77974,-1.2032,53.77801,53.78146,-1.20381,-1.20258,1.23,2.46,SNPP,0,2,1
2189,2014-02-10,2014-02-10,1,1,53.7802,-1.19996,53.7802,53.7802,-1.19996,-1.19996,0.56,0.56,SNPP,0,1,1
2190,2014-02-10,2014-02-10,1,1,54.48135,-0.84391,54.48135,54.48135,-0.84391,-0.84391,2.88,2.88,SNPP,0,0,1
2191,2014-02-11,2014-02-11,1,2,57.35941,-3.71276,57.35891,57.35991,-3.71357,-3.71195,5.95,11.32,SNPP,0,0,1
2192,2014-02-12,2014-02-12,1,1,55.19671,-1.85259,55.19671,55.19671,-1.85259,-1.85259,1.32,1.32,SNPP,0,1,1
2193,2014-02-13,2014-02-13,1,1,53.78016,-1.19971,53.78016,53.78016,-1.19971,-1.19971,1.38,1.38,SNPP,0,1,1
2194,2014-02-13,2014-02-13,1,2,51.9355,0.01554,51.93267,51.93832,0.01263,0.01846,1.86,2.89,SNPP,0,2,1
2195,2014-02-15,2014-02-15,1,1,53.14598,0.30297,53.14598,53.14598,0.30297,0.30297,1.74,1.74,SNPP,0,0,1
2196,2014-02-21,2014-02-21,1,1,57.39273,-3.91186,57.39273,57.39273,-3.91186,-3.91186,2.5,2.5,SNPP,0,0,1
2197,2014-02-22,2014-02-22,1,2,53.58798,-2.69582,53.58636,53.5896,-2.69658,-2.69506,1.64,2.25,SNPP,0,2,1
2198,2014-02-24,2014-02-24,1,1,58.42813,-3.30044,58.42813,58.42813,-3.30044,-3.30044,7.56,7.56,SNPP,0,0,1
2199,2014-02-25,2014-02-25,1,1,57.40041,-3.30566,57.40041,57.40041,-3.30566,-3.30566,5.07,5.07,SNPP,0,0,1
2200,2014-02-26,2014-02-26,1,1,52.49568,0.48792,52.49568,52.49568,0.48792,0.48792,1.98,1.98,SNPP,0,0,1
2201,2014-02-26,2014-02-26,1,1,54.46546,-1.04473,54.46546,54.46546,-1.04473,-1.04473,2.94,2.94,SNPP,0,0,1
2202,2014-02-27,2014-02-27,1,1,57.28032,-3.54985,57.28032,57.28032,-3.54985,-3.54985,6.36,6.36,SNPP,0,0,1
2203,2014-02-27,2014-02-27,1,1,57.39897,-3.23965,57.39897,57.39897,-3.23965,-3.23965,18.6,18.6,SNPP,0,0,1
2204,2014-02-28,2014-02-28,1,1,55.88905,-2.60572,55.88905,55.88905,-2.60572,-2.60572,3.43,3.43,SNPP,0,0,1
2205,2014-03-01,2014-03-01,1,1,51.63379,0.52811,51.63379,51.63379,0.52811,0.52811,1.22,1.22,SNPP,0,1,1
2206,2014-03-01,2014-03-02,2,4,51.70055,0.63631,51.69885,51.70179,0.63373,0.63947,2.63,8.54,SNPP,0,4,2
2207,2014-03-01,2014-03-01,1,1,57.34697,-3.67358,57.34697,57.34697,-3.67358,-3.67358,3.56,3.56,SNPP,0,0,1
2208,2014-03-01,2014-03-01,1,2,57.40109,-3.28646,57.40065,57.40153,-3.28936,-3.28355,11.36,17.15,SNPP,0,0,1
2209,2014-03-03,2014-03-03,1,1,50.68322,-1.31972,50.68322,50.68322,-1.31972,-1.31972,2.23,2.23,SNPP,0,1,1
2210,2014-03-03,2014-03-03,1,1,52.76604,0.42029,52.76604,52.76604,0.42029,0.42029,5.45,5.45,SNPP,0,0,1
2211,2014-03-03,2014-03-03,1,1,53.47719,-2.26939,53.47719,53.47719,-2.26939,-2.26939,6.16,6.16,SNPP,0,0,1
2212,2014-03-05,2014-03-05,1,1,58.29168,-3.30613,58.29168,58.29168,-3.30613,-3.30613,0.37,0.37,SNPP,0,1,1
2213,2014-03-08,2014-03-08,1,1,52.22088,0.55555,52.22088,52.22088,0.55555,0.55555,3.09,3.09,SNPP,0,1,1
2214,2014-03-09,2014-03-09,1,1,54.35484,-1.02187,54.35484,54.35484,-1.02187,-1.02187,3.43,3.43,SNPP,0,0,1
2215,2014-03-09,2014-03-09,1,1,53.51345,-1.74043,53.51345,53.51345,-1.74043,-1.74043,3.82,3.82,SNPP,0,0,1
2216,2014-03-10,2014-03-10,1,1,51.86424,0.8281,51.86424,51.86424,0.8281,0.8281,0.74,0.74,SNPP,0,1,1
2217,2014-03-10,2014-03-10,1,2,51.06832,0.09382,51.06812,51.06851,0.09355,0.09408,6.09,11.85,SNPP,0,0,1
2218,2014-03-10,2014-03-10,1,1,51.72051,-5.18641,51.72051,51.72051,-5.18641,-5.18641,2.87,2.87,SNPP,0,0,1
2219,2014-03-10,2014-03-11,2,3,52.55272,-2.85393,52.54667,52.5574,-2.85955,-2.84743,4.35,9.85,SNPP,0,0,2
2220,2014-03-10,2014-03-10,1,3,52.99952,-3.20713,52.99775,53.00171,-3.21027,-3.20268,16.51,33.98,SNPP,0,0,1
2221,2014-03-10,2014-03-10,1,1,53.36669,-1.66008,53.36669,53.36669,-1.66008,-1.66008,3.11,3.11,SNPP,0,0,1
2222,2014-03-10,2014-03-10,1,1,53.40891,-1.94771,53.40891,53.40891,-1.94771,-1.94771,3.83,3.83,SNPP,0,0,1
2223,2014-03-10,2014-03-10,1,1,53.42144,-1.76086,53.42144,53.42144,-1.76086,-1.76086,3.75,3.75,SNPP,0,0,1
2224,2014-03-10,2014-03-10,1,1,53.5574,-1.86238,53.5574,53.5574,-1.86238,-1.86238,2.52,2.52,SNPP,0,0,1
2225,2014-03-10,2014-03-11,2,2,53.96931,-1.84125,53.96712,53.9715,-1.84156,-1.84094,2.41,4.77,SNPP,0,0,2
2226,2014-03-10,2014-03-10,1,1,54.14429,-1.75433,54.14429,54.14429,-1.75433,-1.75433,4.46,4.46,SNPP,0,0,1
2227,2014-03-10,2014-03-11,2,2,54.3376,-1.08935,54.33419,54.34102,-1.09477,-1.08393,4.19,7.54,SNPP,0,0,2
2228,2014-03-10,2014-03-10,1,1,54.33799,-1.90821,54.33799,54.33799,-1.90821,-1.90821,1.93,1.93,SNPP,0,0,1
2229,2014-03-10,2014-03-10,1,1,54.33923,-1.23889,54.33923,54.33923,-1.23889,-1.23889,4.27,4.27,SNPP,0,0,1
2230,2014-03-10,2014-03-12,3,4,54.39948,-0.81492,54.39646,54.40329,-0.81746,-0.81329,3.64,12.33,SNPP,0,0,3
2231,2014-03-10,2014-03-10,1,1,54.41595,-0.96528,54.41595,54.41595,-0.96528,-0.96528,3.11,3.11,SNPP,0,0,1
2232,2014-03-10,2014-03-12,3,5,54.46236,-0.99218,54.45673,54.46542,-0.99632,-0.98943,6.3,19.1,SNPP,0,0,3
2233,2014-03-10,2014-03-10,1,1,54.46727,-1.90823,54.46727,54.46727,-1.90823,-1.90823,3.09,3.09,SNPP,0,0,1
2234,2014-03-10,2014-03-11,2,2,54.49168,-0.88618,54.48936,54.49401,-0.89115,-0.88122,4.56,5.93,SNPP,0,0,2
2235,2014-03-10,2014-03-13,4,7,54.68186,-2.03527,54.67719,54.68575,-2.05842,-2.02018,5.37,25.74,SNPP,0,0,4
2236,2014-03-10,2014-03-10,1,1,50.78651,-1.49185,50.78651,50.78651,-1.49185,-1.49185,3.21,3.21,SNPP,0,0,1
2237,2014-03-10,2014-03-10,1,1,51.61919,0.94627,51.61919,51.61919,0.94627,0.94627,3.24,3.24,SNPP,0,0,1
2238,2014-03-10,2014-03-11,2,5,54.37492,-1.25414,54.37369,54.37664,-1.26275,-1.23816,7.51,24.34,SNPP,0,0,2
2239,2014-03-10,2014-03-10,1,1,54.40062,-1.08245,54.40062,54.40062,-1.08245,-1.08245,5.09,5.09,SNPP,0,0,1
2240,2014-03-10,2014-03-10,1,1,54.40312,-2.02996,54.40312,54.40312,-2.02996,-2.02996,2.61,2.61,SNPP,0,0,1
2241,2014-03-10,2014-03-10,1,1,54.43381,-1.862,54.43381,54.43381,-1.862,-1.862,3.43,3.43,SNPP,0,0,1
2242,2014-03-10,2014-03-11,2,3,57.37757,-3.32067,57.37638,57.37899,-3.32317,-3.31683,6.08,13.88,SNPP,0,0,2
2243,2014-03-10,2014-03-10,1,1,57.67936,-2.31664,57.67936,57.67936,-2.31664,-2.31664,2.15,2.15,SNPP,0,0,1
2244,2014-03-10,2014-03-10,1,1,58.47502,-4.39859,58.47502,58.47502,-4.39859,-4.39859,2.82,2.82,SNPP,0,0,1
2245,2014-03-11,2014-03-11,1,1,52.70416,0.17186,52.70416,52.70416,0.17186,0.17186,1.4,1.4,SNPP,0,1,1
2246,2014-03-11,2014-03-11,1,3,53.60066,-2.83591,53.59854,53.6022,-2.84062,-2.83342,1.32,3.88,SNPP,0,3,1
2247,2014-03-11,2014-03-11,1,1,53.86082,-2.03289,53.86082,53.86082,-2.03289,-2.03289,3.83,3.83,SNPP,0,0,1
2248,2014-03-11,2014-03-11,1,1,53.97909,-1.78367,53.97909,53.97909,-1.78367,-1.78367,3.36,3.36,SNPP,0,0,1
2249,2014-03-11,2014-03-11,1,1,54.05153,-1.84531,54.05153,54.05153,-1.84531,-1.84531,2.85,2.85,SNPP,0,0,1
2250,2014-03-11,2014-03-13,3,5,54.19047,-1.81288,54.18578,54.19472,-1.82593,-1.80684,6.04,19.95,SNPP,0,0,3
2251,2014-03-11,2014-03-11,1,1,54.31134,-1.23733,54.31134,54.31134,-1.23733,-1.23733,4.5,4.5,SNPP,0,0,1
2252,2014-03-11,2014-03-11,1,6,54.32136,-0.96339,54.31957,54.32498,-0.9695,-0.9579,6.6,28.2,SNPP,0,0,1
2253,2014-03-11,2014-03-11,1,3,54.3258,-0.85775,54.32429,54.32803,-0.86062,-0.85473,5.58,13.16,SNPP,0,0,1
2254,2014-03-11,2014-03-11,1,2,54.34986,-1.18317,54.34923,54.35049,-1.18438,-1.18196,3.75,5.94,SNPP,0,0,1
2255,2014-03-11,2014-03-11,1,1,54.35558,-1.06386,54.35558,54.35558,-1.06386,-1.06386,7.34,7.34,SNPP,0,0,1
2256,2014-03-11,2014-03-12,2,6,54.38081,-1.09338,54.37547,54.38846,-1.11196,-1.08391,4.44,20.37,SNPP,0,0,2
2257,2014-03-11,2014-03-12,2,2,54.38783,-0.89104,54.38624,54.38942,-0.89306,-0.88903,4.91,8.26,SNPP,0,0,2
2258,2014-03-11,2014-03-11,1,3,54.39661,-0.9849,54.39259,54.39954,-0.98837,-0.98312,3.91,8.05,SNPP,0,0,1
2259,2014-03-11,2014-03-12,2,2,54.61856,-1.97099,54.61318,54.62395,-1.97663,-1.96534,2.61,4.35,SNPP,0,0,2
2260,2014-03-11,2014-03-11,1,1,54.68314,-2.0854,54.68314,54.68314,-2.0854,-2.0854,8.67,8.67,SNPP,0,0,1
2261,2014-03-11,2014-03-12,2,2,54.78083,-1.97293,54.77868,54.78298,-1.982,-1.96386,4.65,7.17,SNPP,0,0,2
2262,2014-03-11,2014-03-11,1,2,54.79481,-2.19765,54.79439,54.79523,-2.19766,-2.19764,2.91,5.31,SNPP,0,0,1
2263,2014-03-11,2014-03-12,2,4,54.80942,-2.03965,54.80335,54.81577,-2.04734,-2.02784,11.79,25.15,SNPP,0,0,2
2264,2014-03-11,2014-03-11,1,1,54.87521,-2.02114,54.87521,54.87521,-2.02114,-2.02114,6.74,6.74,SNPP,0,0,1
2265,2014-03-11,2014-03-11,1,1,57.08237,-3.06146,57.08237,57.08237,-3.06146,-3.06146,2.37,2.37,SNPP,0,0,1
2266,2014-03-11,2014-03-11,1,1,53.44995,-1.65766,53.44995,53.44995,-1.65766,-1.65766,5.01,5.01,SNPP,0,0,1
2267,2014-03-11,2014-03-11,1,1,54.36132,-1.96979,54.36132,54.36132,-1.96979,-1.96979,8.09,8.09,SNPP,0,0,1
2268,2014-03-11,2014-03-11,1,1,54.37996,-1.2074,54.37996,54.37996,-1.2074,-1.2074,2.05,2.05,SNPP,0,0,1
2269,2014-03-11,2014-03-11,1,1,54.40829,-1.14846,54.40829,54.40829,-1.14846,-1.14846,2.37,2.37,SNPP,0,0,1
2270,2014-03-11,2014-03-11,1,1,54.43609,-1.96629,54.43609,54.43609,-1.96629,-1.96629,3.04,3.04,SNPP,0,0,1
2271,2014-03-11,2014-03-11,1,1,55.20723,-2.25236,55.20723,55.20723,-2.25236,-2.25236,3.46,3.46,SNPP,0,0,1
2272,2014-03-11,2014-03-12,2,3,55.41889,-1.76113,55.41711,55.42113,-1.76833,-1.74821,7.44,16.98,SNPP,0,0,2
2273,2014-03-11,2014-03-11,1,1,55.84591,-3.3091,55.84591,55.84591,-3.3091,-3.3091,2.2,2.2,SNPP,0,0,1
2274,2014-03-11,2014-03-11,1,1,57.1617,-3.01793,57.1617,57.1617,-3.01793,-3.01793,2.33,2.33,SNPP,0,0,1
2275,2014-03-11,2014-03-11,1,2,57.5203,-4.62116,57.51945,57.52116,-4.62143,-4.6209,9.88,14.35,SNPP,0,0,1
2276,2014-03-11,2014-03-11,1,6,58.47257,-4.67666,58.4697,58.47482,-4.68151,-4.67227,30.73,79.31,SNPP,0,0,1
2277,2014-03-12,2014-03-12,1,2,50.82149,-1.66086,50.81919,50.82379,-1.66827,-1.65344,24.8,29.27,SNPP,0,0,1
2278,2014-03-12,2014-03-12,1,1,52.43552,-3.83828,52.43552,52.43552,-3.83828,-3.83828,5.51,5.51,SNPP,0,0,1
2279,2014-03-12,2014-03-13,2,5,52.99003,-4.23449,52.98486,52.9963,-4.24749,-4.22436,3.75,17.58,SNPP,0,0,2
2280,2014-03-12,2014-03-13,2,5,53.22841,-3.91421,53.22599,53.2326,-3.92876,-3.89249,5.97,18.75,SNPP,0,0,2
2281,2014-03-12,2014-03-12,1,2,53.46364,-1.68126,53.46267,53.4646,-1.68348,-1.67904,4.59,7.43,SNPP,0,0,1
2282,2014-03-12,2014-03-12,1,2,53.48218,-1.7213,53.48045,53.48391,-1.72286,-1.71975,1.62,2.88,SNPP,0,0,1
2283,2014-03-12,2014-03-13,2,2,53.90007,-1.8,53.89642,53.90372,-1.80312,-1.79689,7.29,10.38,SNPP,0,0,2
2284,2014-03-12,2014-03-12,1,5,54.02243,-1.83337,54.02075,54.02369,-1.83772,-1.82852,6.06,19.91,SNPP,0,0,1
2285,2014-03-12,2014-03-12,1,1,54.08368,-2.48972,54.08368,54.08368,-2.48972,-2.48972,2.75,2.75,SNPP,0,0,1
2286,2014-03-12,2014-03-12,1,5,54.3158,-0.88661,54.31291,54.31788,-0.88857,-0.88303,2.68,12.32,SNPP,0,0,1
2287,2014-03-12,2014-03-12,1,1,54.3572,-1.26095,54.3572,54.3572,-1.26095,-1.26095,2.01,2.01,SNPP,0,0,1
2288,2014-03-12,2014-03-12,1,1,54.36744,-1.02749,54.36744,54.36744,-1.02749,-1.02749,1.16,1.16,SNPP,0,0,1
2289,2014-03-12,2014-03-12,1,3,54.36829,-0.94856,54.36606,54.37037,-0.94937,-0.9478,2.24,5.9,SNPP,0,0,1
2290,2014-03-12,2014-03-12,1,2,54.37286,-0.60712,54.37216,54.37356,-0.60867,-0.60556,6.26,12.08,SNPP,0,0,1
2291,2014-03-12,2014-03-12,1,3,54.37497,-0.63962,54.37453,54.37547,-0.64227,-0.63586,6.96,16.64,SNPP,0,0,1
2292,2014-03-12,2014-03-12,1,1,54.38901,-2.04534,54.38901,54.38901,-2.04534,-2.04534,3.62,3.62,SNPP,0,0,1
2293,2014-03-12,2014-03-12,1,1,54.40686,-0.87787,54.40686,54.40686,-0.87787,-0.87787,1.08,1.08,SNPP,0,0,1
2294,2014-03-12,2014-03-12,1,1,54.47079,-2.13123,54.47079,54.47079,-2.13123,-2.13123,3.21,3.21,SNPP,0,0,1
2295,2014-03-12,2014-03-13,2,2,54.50238,-0.96808,54.50034,54.50443,-0.96837,-0.96778,3.45,6.55,SNPP,0,0,2
2296,2014-03-12,2014-03-12,1,1,54.65605,-2.05798,54.65605,54.65605,-2.05798,-2.05798,4.67,4.67,SNPP,0,0,1
2297,2014-03-12,2014-03-12,1,2,54.66688,-1.99816,54.66622,54.66755,-2.00189,-1.99442,2.05,3.82,SNPP,0,0,1
2298,2014-03-12,2014-03-12,1,3,54.68448,-1.98646,54.68376,54.6854,-1.98757,-1.98535,5.18,13.13,SNPP,0,0,1
2299,2014-03-12,2014-03-12,1,1,54.76049,-2.54949,54.76049,54.76049,-2.54949,-2.54949,1.61,1.61,SNPP,0,0,1
2300,2014-03-12,2014-03-12,1,1,55.17839,-2.07051,55.17839,55.17839,-2.07051,-2.07051,1.36,1.36,SNPP,0,0,1
2301,2014-03-12,2014-03-12,1,4,55.45536,-1.83358,55.45346,55.45953,-1.83842,-1.83088,26.85,58.85,SNPP,0,0,1
2302,2014-03-12,2014-03-12,1,7,55.49937,-2.08919,55.49643,55.50111,-2.09304,-2.08287,3.53,19.37,SNPP,0,0,1
2303,2014-03-12,2014-03-12,1,1,55.6095,-3.20038,55.6095,55.6095,-3.20038,-3.20038,2.14,2.14,SNPP,0,0,1
2304,2014-03-12,2014-03-12,1,2,55.8174,-2.73201,55.81488,55.81993,-2.73479,-2.72923,1.98,3.65,SNPP,0,0,1
2305,2014-03-12,2014-03-12,1,4,55.8486,-2.6294,55.84454,55.85227,-2.63517,-2.62427,6.2,21.97,SNPP,0,0,1
2306,2014-03-12,2014-03-12,1,1,56.63761,-5.56802,56.63761,56.63761,-5.56802,-5.56802,3.2,3.2,SNPP,0,0,1
2307,2014-03-12,2014-03-12,1,3,56.72006,-3.13052,56.71505,56.72458,-3.13113,-3.12957,11.74,18.37,SNPP,0,0,1
2308,2014-03-12,2014-03-12,1,2,56.88693,-2.91069,56.88462,56.88924,-2.91861,-2.90277,8.73,14.92,SNPP,0,0,1
2309,2014-03-12,2014-03-12,1,1,56.95902,-2.80923,56.95902,56.95902,-2.80923,-2.80923,4.93,4.93,SNPP,0,0,1
2310,2014-03-12,2014-03-12,1,2,57.01706,-4.12201,57.01602,57.01809,-4.1243,-4.11973,10.8,12.7,SNPP,0,0,1
2311,2014-03-12,2014-03-12,1,2,57.05646,-3.27064,57.05544,57.05749,-3.27099,-3.27029,4.84,9.07,SNPP,0,0,1
2312,2014-03-12,2014-03-12,1,2,57.12992,-3.96863,57.12754,57.13231,-3.9705,-3.96675,2.25,4.5,SNPP,0,0,1
2313,2014-03-12,2014-03-12,1,5,57.13168,-3.12812,57.12782,57.13532,-3.13179,-3.12257,9.91,35.71,SNPP,0,0,1
2314,2014-03-12,2014-03-12,1,1,57.21534,-3.91447,57.21534,57.21534,-3.91447,-3.91447,3.21,3.21,SNPP,0,0,1
2315,2014-03-12,2014-03-12,1,1,57.21582,-3.12511,57.21582,57.21582,-3.12511,-3.12511,3.96,3.96,SNPP,0,0,1
2316,2014-03-12,2014-03-12,1,1,57.22927,-3.42289,57.22927,57.22927,-3.42289,-3.42289,9.45,9.45,SNPP,0,0,1
2317,2014-03-12,2014-03-12,1,1,57.24963,-3.50707,57.24963,57.24963,-3.50707,-3.50707,3.47,3.47,SNPP,0,0,1
2318,2014-03-12,2014-03-12,1,2,57.29572,-3.9987,57.29465,57.29678,-4.00019,-3.99721,5.82,8.56,SNPP,0,0,1
2319,2014-03-12,2014-03-12,1,2,57.47625,-3.46159,57.47414,57.47837,-3.46406,-3.45912,8.48,12.9,SNPP,0,0,1
2320,2014-03-12,2014-03-12,1,2,57.38088,-4.59008,57.38011,57.38166,-4.59151,-4.58864,4.15,7.56,SNPP,0,0,1
2321,2014-03-12,2014-03-12,1,2,58.23524,-5.21393,58.23519,58.23529,-5.21493,-5.21293,3.56,6.15,SNPP,0,0,1
2322,2014-03-12,2014-03-12,1,1,53.42792,-1.89762,53.42792,53.42792,-1.89762,-1.89762,2.83,2.83,SNPP,0,0,1
2323,2014-03-12,2014-03-12,1,1,53.83957,-2.01498,53.83957,53.83957,-2.01498,-2.01498,1.88,1.88,SNPP,0,0,1
2324,2014-03-12,2014-03-12,1,1,53.97419,-1.81414,53.97419,53.97419,-1.81414,-1.81414,1.76,1.76,SNPP,0,0,1
2325,2014-03-12,2014-03-12,1,1,54.038,-1.82166,54.038,54.038,-1.82166,-1.82166,3.21,3.21,SNPP,0,0,1
2326,2014-03-12,2014-03-12,1,1,54.12622,-1.71794,54.12622,54.12622,-1.71794,-1.71794,3.85,3.85,SNPP,0,0,1
2327,2014-03-12,2014-03-13,2,2,54.24308,-1.81492,54.2407,54.24546,-1.82442,-1.80541,4.86,7.6,SNPP,0,0,2
2328,2014-03-12,2014-03-12,1,1,54.32979,-1.03035,54.32979,54.32979,-1.03035,-1.03035,9.14,9.14,SNPP,0,0,1
2329,2014-03-12,2014-03-12,1,1,54.33654,-2.02522,54.33654,54.33654,-2.02522,-2.02522,1.4,1.4,SNPP,0,0,1
2330,2014-03-12,2014-03-12,1,1,54.43753,-1.06331,54.43753,54.43753,-1.06331,-1.06331,6.22,6.22,SNPP,0,0,1
2331,2014-03-12,2014-03-12,1,2,54.859,-2.18452,54.85819,54.85981,-2.18548,-2.18355,3.89,6.82,SNPP,0,0,1
2332,2014-03-12,2014-03-12,1,1,55.77157,-2.52346,55.77157,55.77157,-2.52346,-2.52346,3.58,3.58,SNPP,0,0,1
2333,2014-03-12,2014-03-12,1,1,55.83279,-2.56183,55.83279,55.83279,-2.56183,-2.56183,3.77,3.77,SNPP,0,0,1
2334,2014-03-12,2014-03-12,1,1,55.85109,-2.69832,55.85109,55.85109,-2.69832,-2.69832,3.36,3.36,SNPP,0,0,1
2335,2014-03-12,2014-03-12,1,1,55.89591,-2.63594,55.89591,55.89591,-2.63594,-2.63594,3.82,3.82,SNPP,0,0,1
2336,2014-03-12,2014-03-12,1,1,56.55741,-5.66354,56.55741,56.55741,-5.66354,-5.66354,3.31,3.31,SNPP,0,0,1
2337,2014-03-12,2014-03-12,1,1,56.7831,-3.22609,56.7831,56.7831,-3.22609,-3.22609,1.7,1.7,SNPP,0,0,1
2338,2014-03-12,2014-03-12,1,4,56.83228,-2.73939,56.82764,56.83583,-2.74075,-2.7378,5.29,13.76,SNPP,0,0,1
2339,2014-03-12,2014-03-12,1,1,56.87816,-2.62584,56.87816,56.87816,-2.62584,-2.62584,2.02,2.02,SNPP,0,0,1
2340,2014-03-12,2014-03-12,1,2,56.91642,-3.39508,56.91618,56.91665,-3.39795,-3.39222,7.1,13.93,SNPP,0,0,1
2341,2014-03-12,2014-03-12,1,1,56.95353,-3.39427,56.95353,56.95353,-3.39427,-3.39427,2.25,2.25,SNPP,0,0,1
2342,2014-03-12,2014-03-12,1,1,56.95911,-2.68533,56.95911,56.95911,-2.68533,-2.68533,3.77,3.77,SNPP,0,0,1
2343,2014-03-12,2014-03-12,1,2,56.96484,-2.85971,56.96281,56.96687,-2.86053,-2.85889,5.13,8.96,SNPP,0,0,1
2344,2014-03-12,2014-03-12,1,1,57.04578,-3.31377,57.04578,57.04578,-3.31377,-3.31377,4.05,4.05,SNPP,0,0,1
2345,2014-03-12,2014-03-12,1,1,57.12337,-3.20978,57.12337,57.12337,-3.20978,-3.20978,4.48,4.48,SNPP,0,0,1
2346,2014-03-12,2014-03-12,1,1,57.15227,-3.41858,57.15227,57.15227,-3.41858,-3.41858,6.59,6.59,SNPP,0,0,1
2347,2014-03-12,2014-03-12,1,1,57.25775,-2.94986,57.25775,57.25775,-2.94986,-2.94986,12.22,12.22,SNPP,0,0,1
2348,2014-03-12,2014-03-12,1,1,57.49259,-4.70563,57.49259,57.49259,-4.70563,-4.70563,5.91,5.91,SNPP,0,0,1
2349,2014-03-12,2014-03-12,1,1,57.82693,-4.55177,57.82693,57.82693,-4.55177,-4.55177,4.84,4.84,SNPP,0,0,1
2350,2014-03-12,2014-03-12,1,2,58.1543,-3.60474,58.15227,58.15633,-3.60529,-3.60418,3.55,7.1,SNPP,0,0,1
2351,2014-03-12,2014-03-12,1,1,58.42299,-3.16831,58.42299,58.42299,-3.16831,-3.16831,5.62,5.62,SNPP,0,0,1
2352,2014-03-13,2014-03-13,1,2,51.19651,-3.68704,51.19341,51.19961,-3.68901,-3.68506,11.82,16.0,SNPP,0,0,1
2353,2014-03-13,2014-03-13,1,4,54.15494,-1.77227,54.15308,54.15672,-1.77445,-1.76685,9.67,32.32,SNPP,0,0,1
2354,2014-03-13,2014-03-13,1,2,54.41358,-2.0445,54.41352,54.41364,-2.04475,-2.04426,2.81,5.11,SNPP,0,0,1
2355,2014-03-13,2014-03-13,1,1,54.86383,-2.09966,54.86383,54.86383,-2.09966,-2.09966,2.12,2.12,SNPP,0,0,1
2356,2014-03-13,2014-03-13,1,1,54.96656,-1.68041,54.96656,54.96656,-1.68041,-1.68041,3.46,3.46,SNPP,0,0,1
2357,2014-03-13,2014-03-13,1,1,50.5296,-3.8847,50.5296,50.5296,-3.8847,-3.8847,9.21,9.21,SNPP,0,0,1
2358,2014-03-13,2014-03-13,1,2,51.16688,-3.25842,51.1665,51.16727,-3.26117,-3.25568,16.82,33.64,SNPP,0,0,1
2359,2014-03-13,2014-03-13,1,1,51.76826,-3.69897,51.76826,51.76826,-3.69897,-3.69897,3.61,3.61,SNPP,0,0,1
2360,2014-03-13,2014-03-13,1,2,51.83476,-3.65581,51.83397,51.83555,-3.66132,-3.6503,4.34,6.05,SNPP,0,0,1
2361,2014-03-13,2014-03-13,1,1,52.95217,-3.32594,52.95217,52.95217,-3.32594,-3.32594,4.59,4.59,SNPP,0,0,1
2362,2014-03-13,2014-03-13,1,1,53.48093,-1.6628,53.48093,53.48093,-1.6628,-1.6628,2.36,2.36,SNPP,0,0,1
2363,2014-03-13,2014-03-13,1,1,53.48278,-1.85908,53.48278,53.48278,-1.85908,-1.85908,2.93,2.93,SNPP,0,0,1
2364,2014-03-13,2014-03-13,1,1,53.78295,-2.05832,53.78295,53.78295,-2.05832,-2.05832,4.07,4.07,SNPP,0,0,1
2365,2014-03-13,2014-03-13,1,1,54.31294,-2.35851,54.31294,54.31294,-2.35851,-2.35851,3.03,3.03,SNPP,0,0,1
2366,2014-03-13,2014-03-13,1,2,54.39392,-1.18896,54.39359,54.39425,-1.18945,-1.18848,4.47,8.57,SNPP,0,0,1
2367,2014-03-13,2014-03-13,1,2,54.3991,-2.06214,54.39868,54.39951,-2.06273,-2.06154,2.09,3.68,SNPP,0,0,1
2368,2014-03-13,2014-03-13,1,1,54.40484,-0.92286,54.40484,54.40484,-0.92286,-0.92286,2.31,2.31,SNPP,0,0,1
2369,2014-03-13,2014-03-13,1,1,54.64346,-2.21896,54.64346,54.64346,-2.21896,-2.21896,2.71,2.71,SNPP,0,0,1
2370,2014-03-13,2014-03-13,1,1,55.45581,-2.08852,55.45581,55.45581,-2.08852,-2.08852,3.56,3.56,SNPP,0,0,1
2371,2014-03-14,2014-03-14,1,1,53.41187,-1.67404,53.41187,53.41187,-1.67404,-1.67404,6.74,6.74,SNPP,0,0,1
2372,2014-03-14,2014-03-14,1,1,51.73731,-0.20594,51.73731,51.73731,-0.20594,-0.20594,1.52,1.52,SNPP,0,0,1
2373,2014-03-14,2014-03-14,1,1,52.14893,-3.23985,52.14893,52.14893,-3.23985,-3.23985,11.39,11.39,SNPP,0,0,1
2374,2014-03-14,2014-03-14,1,1,52.15618,-2.05467,52.15618,52.15618,-2.05467,-2.05467,1.59,1.59,SNPP,0,0,1
2375,2014-03-14,2014-03-14,1,1,52.52077,-2.86022,52.52077,52.52077,-2.86022,-2.86022,7.29,7.29,SNPP,0,0,1
2376,2014-03-15,2014-03-15,1,1,50.71366,-3.97531,50.71366,50.71366,-3.97531,-3.97531,4.23,4.23,SNPP,0,0,1
2377,2014-03-15,2014-03-15,1,1,53.12622,-3.8453,53.12622,53.12622,-3.8453,-3.8453,8.26,8.26,SNPP,0,0,1
2378,2014-03-15,2014-03-15,1,1,54.84529,-6.5236,54.84529,54.84529,-6.5236,-6.5236,3.86,3.86,SNPP,0,0,1
2379,2014-03-15,2014-03-15,1,1,56.58996,-2.96135,56.58996,56.58996,-2.96135,-2.96135,2.7,2.7,SNPP,0,0,1
2380,2014-03-15,2014-03-15,1,1,56.77718,-2.93075,56.77718,56.77718,-2.93075,-2.93075,4.08,4.08,SNPP,0,0,1
2381,2014-03-15,2014-03-15,1,1,56.80717,-2.83605,56.80717,56.80717,-2.83605,-2.83605,2.65,2.65,SNPP,0,0,1
2382,2014-03-16,2014-03-16,1,1,52.88969,-0.75768,52.88969,52.88969,-0.75768,-0.75768,2.06,2.06,SNPP,0,1,1
2383,2014-03-16,2014-03-16,1,1,50.84426,0.39923,50.84426,50.84426,0.39923,0.39923,0.64,0.64,SNPP,0,1,1
2384,2014-03-16,2014-03-16,1,4,51.79895,-3.32778,51.79747,51.80244,-3.34083,-3.32248,13.81,26.18,SNPP,0,1,1
2385,2014-03-16,2014-03-16,1,1,54.43669,-2.39281,54.43669,54.43669,-2.39281,-2.39281,11.03,11.03,SNPP,0,0,1
2386,2014-03-16,2014-03-16,1,2,56.84758,-2.87134,56.84674,56.84843,-2.87562,-2.86707,9.97,12.36,SNPP,0,0,1
2387,2014-03-16,2014-03-16,1,2,56.87558,-2.84782,56.87369,56.87746,-2.84868,-2.84696,3.07,5.19,SNPP,0,0,1
2388,2014-03-16,2014-03-16,1,2,50.60588,-3.84978,50.60412,50.60765,-3.85003,-3.84954,5.85,11.29,SNPP,0,0,1
2389,2014-03-17,2014-03-17,1,2,51.73689,0.12298,51.73605,51.73773,0.12273,0.12323,7.49,9.56,SNPP,0,2,1
2390,2014-03-17,2014-03-17,1,1,51.754,0.52616,51.754,51.754,0.52616,0.52616,1.69,1.69,SNPP,0,1,1
2391,2014-03-17,2014-03-17,1,3,50.56585,-3.7669,50.56349,50.5674,-3.77243,-3.76371,31.95,49.96,SNPP,0,0,1
2392,2014-03-17,2014-03-17,1,2,50.66824,-3.74666,50.66758,50.66889,-3.74726,-3.74607,9.78,16.07,SNPP,0,0,1
2393,2014-03-17,2014-03-17,1,1,51.16061,-3.59103,51.16061,51.16061,-3.59103,-3.59103,6.8,6.8,SNPP,0,0,1
2394,2014-03-17,2014-03-17,1,1,51.54881,-3.37765,51.54881,51.54881,-3.37765,-3.37765,1.67,1.67,SNPP,0,0,1
2395,2014-03-17,2014-03-17,1,6,51.81259,-3.39519,51.80079,51.82187,-3.40118,-3.38759,8.15,32.12,SNPP,0,0,1
2396,2014-03-17,2014-03-17,1,1,52.12738,-3.26401,52.12738,52.12738,-3.26401,-3.26401,1.97,1.97,SNPP,0,0,1
2397,2014-03-18,2014-03-18,1,2,57.14576,-3.00694,57.14535,57.14617,-3.01091,-3.00297,6.58,13.16,SNPP,0,0,1
2398,2014-03-19,2014-03-19,1,1,52.73656,-2.57481,52.73656,52.73656,-2.57481,-2.57481,2.14,2.14,SNPP,0,1,1
2399,2014-03-19,2014-03-19,1,4,56.82592,-2.89088,56.82061,56.83555,-2.89742,-2.8846,15.72,36.34,SNPP,0,0,1
2400,2014-03-19,2014-03-19,1,2,57.139,-3.30056,57.13644,57.14155,-3.30112,-3.30001,6.48,11.12,SNPP,0,0,1
2401,2014-03-19,2014-03-19,1,1,50.65576,-3.89087,50.65576,50.65576,-3.89087,-3.89087,3.92,3.92,SNPP,0,0,1
2402,2014-03-19,2014-03-19,1,1,50.6869,-2.05339,50.6869,50.6869,-2.05339,-2.05339,1.85,1.85,SNPP,0,0,1
2403,2014-03-19,2014-03-19,1,1,51.15903,-3.56363,51.15903,51.15903,-3.56363,-3.56363,2.96,2.96,SNPP,0,0,1
2404,2014-03-19,2014-03-19,1,1,56.72827,-3.04791,56.72827,56.72827,-3.04791,-3.04791,2.58,2.58,SNPP,0,0,1
2405,2014-03-21,2014-03-21,1,1,55.35183,-1.72887,55.35183,55.35183,-1.72887,-1.72887,4.48,4.48,SNPP,0,1,1
2406,2014-03-21,2014-03-21,1,2,55.89726,-2.59197,55.89444,55.90007,-2.59238,-2.59156,3.31,6.62,SNPP,0,0,1
2407,2014-03-23,2014-03-23,1,2,55.34188,-1.88625,55.34087,55.34289,-1.89323,-1.87927,13.18,25.63,SNPP,0,0,1
2408,2014-03-24,2014-03-24,1,3,54.24024,-3.14444,54.23877,54.24262,-3.14972,-3.14112,10.47,16.58,SNPP,0,0,1
2409,2014-03-24,2014-03-24,1,2,54.78991,-1.95504,54.78893,54.79089,-1.9564,-1.95369,9.84,19.37,SNPP,0,0,1
2410,2014-03-24,2014-03-24,1,1,55.53947,-2.0919,55.53947,55.53947,-2.0919,-2.0919,2.62,2.62,SNPP,0,0,1
2411,2014-03-24,2014-03-24,1,1,55.84087,-3.31417,55.84087,55.84087,-3.31417,-3.31417,2.89,2.89,SNPP,0,0,1
2412,2014-03-24,2014-03-24,1,1,56.75856,-3.13886,56.75856,56.75856,-3.13886,-3.13886,2.88,2.88,SNPP,0,0,1
2413,2014-03-24,2014-03-24,1,3,56.85334,-2.80916,56.84446,56.85914,-2.81106,-2.80664,3.35,7.88,SNPP,0,0,1
2414,2014-03-24,2014-03-24,1,1,56.85883,-2.87788,56.85883,56.85883,-2.87788,-2.87788,1.91,1.91,SNPP,0,0,1
2415,2014-03-24,2014-03-24,1,2,56.88128,-2.64365,56.87836,56.88419,-2.64562,-2.64168,5.94,8.74,SNPP,0,0,1
2416,2014-03-24,2014-03-24,1,3,57.06412,-2.25943,57.06351,57.06464,-2.26,-2.25912,3.33,8.33,SNPP,0,0,1
2417,2014-03-24,2014-03-24,1,2,57.17154,-3.28103,57.17091,57.17218,-3.28249,-3.27957,19.36,23.08,SNPP,0,0,1
2418,2014-03-24,2014-03-24,1,1,54.17233,-1.77535,54.17233,54.17233,-1.77535,-1.77535,5.28,5.28,SNPP,0,0,1
2419,2014-03-24,2014-03-24,1,1,54.34665,-1.91587,54.34665,54.34665,-1.91587,-1.91587,3.38,3.38,SNPP,0,0,1
2420,2014-03-24,2014-03-24,1,1,54.41566,-0.93101,54.41566,54.41566,-0.93101,-0.93101,5.61,5.61,SNPP,0,0,1
2421,2014-03-24,2014-03-24,1,1,54.6816,-2.0627,54.6816,54.6816,-2.0627,-2.0627,9.95,9.95,SNPP,0,0,1
2422,2014-03-24,2014-03-24,1,1,54.81147,-1.95571,54.81147,54.81147,-1.95571,-1.95571,3.76,3.76,SNPP,0,0,1
2423,2014-03-24,2014-03-24,1,1,54.83057,-2.16163,54.83057,54.83057,-2.16163,-2.16163,2.93,2.93,SNPP,0,0,1
2424,2014-03-24,2014-03-24,1,1,54.8378,-2.0256,54.8378,54.8378,-2.0256,-2.0256,6.65,6.65,SNPP,0,0,1
2425,2014-03-24,2014-03-24,1,1,54.87114,-2.08676,54.87114,54.87114,-2.08676,-2.08676,2.1,2.1,SNPP,0,0,1
2426,2014-03-24,2014-03-24,1,3,55.32358,-1.9235,55.32263,55.32466,-1.92595,-1.91943,24.51,54.95,SNPP,0,0,1
2427,2014-03-24,2014-03-24,1,1,55.41013,-1.76904,55.41013,55.41013,-1.76904,-1.76904,7.47,7.47,SNPP,0,0,1
2428,2014-03-24,2014-03-24,1,1,55.37394,-3.78986,55.37394,55.37394,-3.78986,-3.78986,3.04,3.04,SNPP,0,0,1
2429,2014-03-24,2014-03-24,1,1,55.68187,-2.96976,55.68187,55.68187,-2.96976,-2.96976,2.2,2.2,SNPP,0,0,1
2430,2014-03-24,2014-03-24,1,1,55.72496,-2.45677,55.72496,55.72496,-2.45677,-2.45677,3.64,3.64,SNPP,0,0,1
2431,2014-03-24,2014-03-24,1,2,55.85092,-2.63908,55.84924,55.8526,-2.63975,-2.6384,3.95,5.56,SNPP,0,0,1
2432,2014-03-24,2014-03-24,1,1,55.85086,-2.67984,55.85086,55.85086,-2.67984,-2.67984,7.34,7.34,SNPP,0,0,1
2433,2014-03-24,2014-03-24,1,1,55.91608,-2.60627,55.91608,55.91608,-2.60627,-2.60627,1.21,1.21,SNPP,0,0,1
2434,2014-03-24,2014-03-24,1,1,56.10402,-3.84822,56.10402,56.10402,-3.84822,-3.84822,2.33,2.33,SNPP,0,0,1
2435,2014-03-24,2014-03-24,1,1,56.21828,-3.32529,56.21828,56.21828,-3.32529,-3.32529,1.1,1.1,SNPP,0,0,1
2436,2014-03-24,2014-03-24,1,1,56.78909,-2.8363,56.78909,56.78909,-2.8363,-2.8363,2.14,2.14,SNPP,0,0,1
2437,2014-03-24,2014-03-24,1,1,56.82556,-2.80179,56.82556,56.82556,-2.80179,-2.80179,1.87,1.87,SNPP,0,0,1
2438,2014-03-24,2014-03-24,1,1,56.91198,-2.8119,56.91198,56.91198,-2.8119,-2.8119,2.62,2.62,SNPP,0,0,1
2439,2014-03-24,2014-03-24,1,1,56.99309,-2.77611,56.99309,56.99309,-2.77611,-2.77611,3.19,3.19,SNPP,0,0,1
2440,2014-03-24,2014-03-24,1,2,57.00968,-2.32469,57.00938,57.00999,-2.32481,-2.32457,4.88,8.15,SNPP,0,0,1
2441,2014-03-24,2014-03-24,1,2,57.05372,-3.2757,57.05205,57.05539,-3.27649,-3.27491,4.48,7.73,SNPP,0,0,1
2442,2014-03-24,2014-03-24,1,1,57.21117,-3.5087,57.21117,57.21117,-3.5087,-3.5087,2.02,2.02,SNPP,0,0,1
2443,2014-03-24,2014-03-24,1,1,57.40807,-3.82949,57.40807,57.40807,-3.82949,-3.82949,2.49,2.49,SNPP,0,0,1
2444,2014-03-26,2014-03-26,1,2,54.10216,-3.18262,54.10054,54.10379,-3.18337,-3.18186,0.73,1.29,SNPP,0,2,1
2445,2014-03-26,2014-03-26,1,2,57.26975,-3.08976,57.26969,57.26981,-3.09025,-3.08927,8.12,12.88,SNPP,0,0,1
2446,2014-03-26,2014-03-26,1,1,57.38518,-3.30704,57.38518,57.38518,-3.30704,-3.30704,2.76,2.76,SNPP,0,0,1
2447,2014-03-26,2014-03-26,1,3,58.16819,-3.84948,58.16412,58.17036,-3.84953,-3.84945,4.07,10.13,SNPP,0,0,1
2448,2014-03-26,2014-03-26,1,2,58.30136,-3.72446,58.29966,58.30306,-3.72572,-3.72321,6.57,13.14,SNPP,0,0,1
2449,2014-03-26,2014-03-26,1,1,55.83743,-3.26826,55.83743,55.83743,-3.26826,-3.26826,3.65,3.65,SNPP,0,0,1
2450,2014-03-26,2014-03-26,1,1,56.86821,-2.85073,56.86821,56.86821,-2.85073,-2.85073,3.32,3.32,SNPP,0,0,1
2451,2014-03-26,2014-03-26,1,1,57.04424,-3.37782,57.04424,57.04424,-3.37782,-3.37782,2.39,2.39,SNPP,0,0,1
2452,2014-03-26,2014-03-26,1,1,57.06258,-3.16273,57.06258,57.06258,-3.16273,-3.16273,1.99,1.99,SNPP,0,0,1
2453,2014-03-26,2014-03-26,1,1,57.2078,-3.11575,57.2078,57.2078,-3.11575,-3.11575,2.15,2.15,SNPP,0,0,1
2454,2014-03-26,2014-03-26,1,1,57.31489,-3.5003,57.31489,57.31489,-3.5003,-3.5003,6.2,6.2,SNPP,0,0,1
2455,2014-03-26,2014-03-26,1,2,57.33845,-3.46614,57.33843,57.33847,-3.4693,-3.46299,12.73,25.46,SNPP,0,0,1
2456,2014-03-26,2014-03-26,1,1,57.39006,-4.59405,57.39006,57.39006,-4.59405,-4.59405,2.74,2.74,SNPP,0,0,1
2457,2014-03-26,2014-03-26,1,1,57.8221,-4.59576,57.8221,57.8221,-4.59576,-4.59576,1.82,1.82,SNPP,0,0,1
2458,2014-03-26,2014-03-26,1,1,58.07214,-3.86462,58.07214,58.07214,-3.86462,-3.86462,6.78,6.78,SNPP,0,0,1
2459,2014-03-27,2014-03-27,1,3,57.24287,-6.39985,57.23825,57.24787,-6.40538,-6.3911,8.09,19.88,SNPP,0,0,1
2460,2014-03-28,2014-03-28,1,1,56.9861,-7.38769,56.9861,56.9861,-7.38769,-7.38769,0.43,0.43,SNPP,0,1,1
2461,2014-03-28,2014-03-28,1,1,58.53506,-4.46265,58.53506,58.53506,-4.46265,-4.46265,19.71,19.71,SNPP,0,0,1
2462,2014-03-29,2014-03-29,1,2,53.67556,-2.48817,53.67385,53.67727,-2.48877,-2.48756,11.33,16.44,SNPP,0,0,1
2463,2014-03-29,2014-03-29,1,1,57.84793,-6.79394,57.84793,57.84793,-6.79394,-6.79394,2.91,2.91,SNPP,0,0,1
2464,2014-03-29,2014-03-29,1,1,58.22628,-5.37353,58.22628,58.22628,-5.37353,-5.37353,4.97,4.97,SNPP,0,0,1
2465,2014-03-30,2014-03-30,1,1,51.09272,-3.67397,51.09272,51.09272,-3.67397,-3.67397,9.34,9.34,SNPP,0,0,1
2466,2014-03-30,2014-03-30,1,1,51.59659,-3.3369,51.59659,51.59659,-3.3369,-3.3369,2.29,2.29,SNPP,0,0,1
2467,2014-03-30,2014-03-30,1,1,54.36514,-0.71097,54.36514,54.36514,-0.71097,-0.71097,4.85,4.85,SNPP,0,0,1
2468,2014-03-30,2014-03-30,1,1,52.01192,-4.19333,52.01192,52.01192,-4.19333,-4.19333,10.33,10.33,SNPP,0,0,1
2469,2014-03-31,2014-03-31,1,1,56.28223,-5.03196,56.28223,56.28223,-5.03196,-5.03196,4.73,4.73,SNPP,0,0,1
2470,2014-03-31,2014-03-31,1,2,56.8414,-2.78102,56.8397,56.84309,-2.78195,-2.78009,3.54,6.02,SNPP,0,0,1
2471,2014-03-31,2014-03-31,1,1,56.88564,-2.62239,56.88564,56.88564,-2.62239,-2.62239,3.06,3.06,SNPP,0,0,1
2472,2014-03-31,2014-03-31,1,1,56.9569,-3.64818,56.9569,56.9569,-3.64818,-3.64818,2.27,2.27,SNPP,0,0,1
2473,2014-03-31,2014-03-31,1,1,56.96711,-4.15324,56.96711,56.96711,-4.15324,-4.15324,5.04,5.04,SNPP,0,0,1
2474,2014-03-31,2014-03-31,1,1,57.21549,-3.41545,57.21549,57.21549,-3.41545,-3.41545,11.16,11.16,SNPP,0,0,1
2475,2014-03-31,2014-03-31,1,1,57.72343,-5.07019,57.72343,57.72343,-5.07019,-5.07019,3.39,3.39,SNPP,0,0,1
2476,2014-04-01,2014-04-01,1,1,51.29089,0.15907,51.29089,51.29089,0.15907,0.15907,1.77,1.77,SNPP,0,0,1
2477,2014-04-01,2014-04-01,1,1,53.00191,-1.99136,53.00191,53.00191,-1.99136,-1.99136,1.47,1.47,SNPP,0,0,1
2478,2014-04-01,2014-04-01,1,1,53.55816,-2.16676,53.55816,53.55816,-2.16676,-2.16676,1.18,1.18,SNPP,0,0,1
2479,2014-04-02,2014-04-02,1,1,58.18879,-6.63342,58.18879,58.18879,-6.63342,-6.63342,0.54,0.54,SNPP,0,1,1
2480,2014-04-02,2014-04-02,1,2,57.25941,-4.31741,57.25931,57.25951,-4.31789,-4.31693,3.0,4.82,SNPP,0,0,1
2481,2014-04-02,2014-04-02,1,1,57.40627,-6.71984,57.40627,57.40627,-6.71984,-6.71984,3.18,3.18,SNPP,0,0,1
2482,2014-04-02,2014-04-02,1,1,57.41635,-6.52229,57.41635,57.41635,-6.52229,-6.52229,3.64,3.64,SNPP,0,0,1
2483,2014-04-02,2014-04-02,1,2,57.43312,-6.16049,57.43242,57.43382,-6.1611,-6.15988,7.88,15.22,SNPP,0,0,1
2484,2014-04-02,2014-04-02,1,1,57.45511,-6.17514,57.45511,57.45511,-6.17514,-6.17514,5.0,5.0,SNPP,0,0,1
2485,2014-04-02,2014-04-02,1,1,57.88256,-6.83966,57.88256,57.88256,-6.83966,-6.83966,4.46,4.46,SNPP,0,0,1
2486,2014-04-02,2014-04-02,1,1,58.18051,-5.28708,58.18051,58.18051,-5.28708,-5.28708,6.45,6.45,SNPP,0,0,1
2487,2014-04-04,2014-04-04,1,1,50.40084,-4.74971,50.40084,50.40084,-4.74971,-4.74971,1.15,1.15,SNPP,0,0,1
2488,2014-04-08,2014-04-08,1,3,56.98437,-3.15283,56.98278,56.98595,-3.1577,-3.14802,18.8,48.64,SNPP,0,0,1
2489,2014-04-08,2014-04-08,1,1,53.00077,-1.99045,53.00077,53.00077,-1.99045,-1.99045,3.52,3.52,SNPP,0,0,1
2490,2014-04-08,2014-04-08,1,1,58.17614,-3.76422,58.17614,58.17614,-3.76422,-3.76422,9.16,9.16,SNPP,0,0,1
2491,2014-04-09,2014-04-09,1,1,52.41775,0.07754,52.41775,52.41775,0.07754,0.07754,7.16,7.16,SNPP,0,0,1
2492,2014-04-09,2014-04-09,1,2,54.42895,-7.35604,54.42869,54.42921,-7.35644,-7.35564,5.45,10.42,SNPP,0,0,1
2493,2014-04-10,2014-04-10,1,1,54.49419,-2.02712,54.49419,54.49419,-2.02712,-2.02712,1.8,1.8,SNPP,0,0,1
2494,2014-04-10,2014-04-10,1,1,54.71128,-1.8899,54.71128,54.71128,-1.8899,-1.8899,1.68,1.68,SNPP,0,0,1
2495,2014-04-10,2014-04-10,1,2,57.17069,-3.28435,57.16961,57.17178,-3.28838,-3.28032,4.16,8.32,SNPP,0,0,1
2496,2014-04-10,2014-04-10,1,1,58.16063,-3.78163,58.16063,58.16063,-3.78163,-3.78163,1.44,1.44,SNPP,0,0,1
2497,2014-04-10,2014-04-10,1,1,56.95068,-3.09502,56.95068,56.95068,-3.09502,-3.09502,3.77,3.77,SNPP,0,0,1
2498,2014-04-11,2014-04-11,1,2,53.97976,-1.79428,53.97797,53.98154,-1.79536,-1.79321,9.85,19.7,SNPP,0,0,1
2499,2014-04-11,2014-04-11,1,1,54.74446,-1.95831,54.74446,54.74446,-1.95831,-1.95831,4.8,4.8,SNPP,0,0,1
2500,2014-04-12,2014-04-12,1,2,56.94012,-2.60742,56.93917,56.94106,-2.60817,-2.60666,14.44,27.27,SNPP,0,0,1
2501,2014-04-13,2014-04-13,1,1,52.08996,-1.85555,52.08996,52.08996,-1.85555,-1.85555,1.33,1.33,SNPP,0,0,1
2502,2014-04-13,2014-04-13,1,2,56.55388,-3.78049,56.55384,56.55392,-3.78389,-3.77709,10.96,12.91,SNPP,0,0,1
2503,2014-04-13,2014-04-13,1,1,51.6306,-3.41334,51.6306,51.6306,-3.41334,-3.41334,3.0,3.0,SNPP,0,0,1
2504,2014-04-14,2014-04-14,1,1,53.18294,-1.10819,53.18294,53.18294,-1.10819,-1.10819,0.73,0.73,SNPP,0,1,1
2505,2014-04-14,2014-04-14,1,2,51.59106,-3.00691,51.5908,51.59132,-3.00781,-3.00601,10.4,17.83,SNPP,0,0,1
2506,2014-04-14,2014-04-14,1,1,54.4939,-2.01355,54.4939,54.4939,-2.01355,-2.01355,3.33,3.33,SNPP,0,0,1
2507,2014-04-14,2014-04-14,1,2,55.56718,-2.86652,55.56599,55.56837,-2.86973,-2.86331,17.2,33.32,SNPP,0,0,1
2508,2014-04-14,2014-04-14,1,1,57.04743,-2.29996,57.04743,57.04743,-2.29996,-2.29996,3.35,3.35,SNPP,0,0,1
2509,2014-04-14,2014-04-14,1,1,50.6386,-2.17396,50.6386,50.6386,-2.17396,-2.17396,3.51,3.51,SNPP,0,0,1
2510,2014-04-14,2014-04-14,1,1,50.648,-2.12968,50.648,50.648,-2.12968,-2.12968,2.18,2.18,SNPP,0,0,1
2511,2014-04-14,2014-04-14,1,1,51.19225,-3.49878,51.19225,51.19225,-3.49878,-3.49878,1.96,1.96,SNPP,0,0,1
2512,2014-04-14,2014-04-14,1,1,51.65841,-0.6971,51.65841,51.65841,-0.6971,-0.6971,0.92,0.92,SNPP,0,0,1
2513,2014-04-14,2014-04-14,1,1,54.60804,-2.1816,54.60804,54.60804,-2.1816,-2.1816,3.55,3.55,SNPP,0,0,1
2514,2014-04-14,2014-04-14,1,2,54.93162,-4.68117,54.92996,54.93327,-4.68187,-4.68048,4.15,7.63,SNPP,0,0,1
2515,2014-04-14,2014-04-14,1,1,56.53911,-3.82148,56.53911,56.53911,-3.82148,-3.82148,1.49,1.49,SNPP,0,0,1
2516,2014-04-14,2014-04-14,1,1,56.61839,-3.55986,56.61839,56.61839,-3.55986,-3.55986,40.15,40.15,SNPP,0,0,1
2517,2014-04-14,2014-04-14,1,2,57.46826,-7.24698,57.46778,57.46873,-7.25014,-7.24382,3.88,7.76,SNPP,0,0,1
2518,2014-04-15,2014-04-15,1,1,53.77803,-2.37818,53.77803,53.77803,-2.37818,-2.37818,1.12,1.12,SNPP,0,1,1
2519,2014-04-15,2014-04-15,1,3,55.38479,-1.77416,55.38346,55.38712,-1.78012,-1.77012,10.85,26.27,SNPP,0,0,1
2520,2014-04-15,2014-04-15,1,1,51.05264,-2.3132,51.05264,51.05264,-2.3132,-2.3132,1.09,1.09,SNPP,0,0,1
2521,2014-04-15,2014-04-15,1,1,51.18724,-2.339,51.18724,51.18724,-2.339,-2.339,6.25,6.25,SNPP,0,0,1
2522,2014-04-15,2014-04-15,1,2,51.19416,-1.21421,51.19371,51.19461,-1.21693,-1.21149,4.1,8.2,SNPP,0,0,1
2523,2014-04-15,2014-04-15,1,1,51.2515,-2.58102,51.2515,51.2515,-2.58102,-2.58102,5.94,5.94,SNPP,0,0,1
2524,2014-04-15,2014-04-15,1,1,51.38178,0.59389,51.38178,51.38178,0.59389,0.59389,1.59,1.59,SNPP,0,0,1
2525,2014-04-15,2014-04-15,1,4,51.82052,-3.89935,51.81657,51.82332,-3.9048,-3.89606,8.31,27.45,SNPP,0,0,1
2526,2014-04-15,2014-04-15,1,1,52.52362,0.97049,52.52362,52.52362,0.97049,0.97049,1.66,1.66,SNPP,0,0,1
2527,2014-04-15,2014-04-15,1,1,54.22498,-2.99123,54.22498,54.22498,-2.99123,-2.99123,1.72,1.72,SNPP,0,0,1
2528,2014-04-15,2014-04-15,1,1,54.48741,-2.03953,54.48741,54.48741,-2.03953,-2.03953,4.24,4.24,SNPP,0,0,1
2529,2014-04-15,2014-04-15,1,1,54.54443,-1.15953,54.54443,54.54443,-1.15953,-1.15953,6.41,6.41,SNPP,0,0,1
2530,2014-04-15,2014-04-15,1,1,54.55474,-2.19835,54.55474,54.55474,-2.19835,-2.19835,3.38,3.38,SNPP,0,0,1
2531,2014-04-15,2014-04-15,1,1,54.64968,-2.33909,54.64968,54.64968,-2.33909,-2.33909,2.06,2.06,SNPP,0,0,1
2532,2014-04-15,2014-04-15,1,1,54.86464,-2.48287,54.86464,54.86464,-2.48287,-2.48287,2.98,2.98,SNPP,0,0,1
2533,2014-04-15,2014-04-15,1,8,54.89213,-6.77041,54.88663,54.89942,-6.78155,-6.7639,56.55,131.56,SNPP,1,0,1
2534,2014-04-15,2014-04-15,1,1,54.92152,-2.21322,54.92152,54.92152,-2.21322,-2.21322,2.86,2.86,SNPP,0,0,1
2535,2014-04-15,2014-04-15,1,1,55.59164,-3.63743,55.59164,55.59164,-3.63743,-3.63743,15.46,15.46,SNPP,0,0,1
2536,2014-04-15,2014-04-15,1,1,55.60691,-3.18419,55.60691,55.60691,-3.18419,-3.18419,3.56,3.56,SNPP,0,0,1
2537,2014-04-15,2014-04-17,2,5,55.91312,-2.46305,55.9111,55.91476,-2.46706,-2.45716,11.33,34.4,SNPP,0,0,3
2538,2014-04-15,2014-04-15,1,1,56.48512,-3.82108,56.48512,56.48512,-3.82108,-3.82108,2.15,2.15,SNPP,0,0,1
2539,2014-04-15,2014-04-15,1,1,56.55721,-3.9936,56.55721,56.55721,-3.9936,-3.9936,6.41,6.41,SNPP,0,0,1
2540,2014-04-15,2014-04-15,1,2,56.85286,-2.96114,56.85124,56.85447,-2.96197,-2.9603,2.8,5.6,SNPP,0,0,1
2541,2014-04-15,2014-04-15,1,1,56.86129,-2.98548,56.86129,56.86129,-2.98548,-2.98548,1.24,1.24,SNPP,0,0,1
2542,2014-04-15,2014-04-15,1,2,54.85794,-7.0258,54.85779,54.85808,-7.02627,-7.02533,6.44,12.26,SNPP,0,0,1
2543,2014-04-15,2014-04-15,1,2,54.87366,-6.73996,54.87294,54.87437,-6.74048,-6.73944,4.06,7.31,SNPP,0,0,1
2544,2014-04-16,2014-04-16,1,1,55.37005,-3.61409,55.37005,55.37005,-3.61409,-3.61409,3.57,3.57,SNPP,0,1,1
2545,2014-04-16,2014-04-16,1,1,51.63319,-1.25427,51.63319,51.63319,-1.25427,-1.25427,0.54,0.54,SNPP,0,1,1
2546,2014-04-16,2014-04-16,1,1,52.64936,-1.5792,52.64936,52.64936,-1.5792,-1.5792,4.05,4.05,SNPP,0,0,1
2547,2014-04-16,2014-04-16,1,1,56.56193,-3.86335,56.56193,56.56193,-3.86335,-3.86335,4.6,4.6,SNPP,0,0,1
2548,2014-04-16,2014-04-16,1,1,56.81545,-3.86761,56.81545,56.81545,-3.86761,-3.86761,8.49,8.49,SNPP,0,0,1
2549,2014-04-16,2014-04-16,1,3,57.23678,-4.73657,57.23553,57.23898,-4.73806,-4.73577,11.5,27.47,SNPP,0,0,1
2550,2014-04-16,2014-04-16,1,1,51.75367,-4.00171,51.75367,51.75367,-4.00171,-4.00171,17.71,17.71,SNPP,1,0,1
2551,2014-04-16,2014-04-16,1,2,53.48912,-1.9405,53.48907,53.48918,-1.94527,-1.93572,14.85,24.26,SNPP,1,0,1
2552,2014-04-16,2014-04-16,1,2,53.66606,-1.05082,53.66507,53.66705,-1.0514,-1.05025,2.86,5.4,SNPP,0,0,1
2553,2014-04-16,2014-04-16,1,1,56.84415,-3.46888,56.84415,56.84415,-3.46888,-3.46888,9.37,9.37,SNPP,0,0,1
2554,2014-04-17,2014-04-17,1,1,56.63864,-3.55595,56.63864,56.63864,-3.55595,-3.55595,10.47,10.47,SNPP,0,0,1
2555,2014-04-17,2014-04-17,1,1,57.17485,-3.28948,57.17485,57.17485,-3.28948,-3.28948,6.65,6.65,SNPP,0,0,1
2556,2014-04-18,2014-04-18,1,1,52.31642,-2.20991,52.31642,52.31642,-2.20991,-2.20991,0.9,0.9,SNPP,0,1,1
2557,2014-04-18,2014-04-18,1,1,51.67317,-3.57184,51.67317,51.67317,-3.57184,-3.57184,4.09,4.09,SNPP,0,0,1
2558,2014-04-18,2014-04-18,1,1,52.3061,-1.40157,52.3061,52.3061,-1.40157,-1.40157,3.6,3.6,SNPP,0,0,1
2559,2014-04-18,2014-04-18,1,4,55.15158,-3.95572,55.14785,55.15427,-3.95799,-3.95218,7.88,16.86,SNPP,0,0,1
2560,2014-04-18,2014-04-18,1,1,55.64667,-3.08365,55.64667,55.64667,-3.08365,-3.08365,6.88,6.88,SNPP,0,0,1
2561,2014-04-18,2014-04-18,1,1,51.75151,-3.70754,51.75151,51.75151,-3.70754,-3.70754,20.29,20.29,SNPP,0,0,1
2562,2014-04-18,2014-04-18,1,1,54.85838,-4.26346,54.85838,54.85838,-4.26346,-4.26346,4.73,4.73,SNPP,0,0,1
2563,2014-04-18,2014-04-18,1,1,55.69978,-2.10389,55.69978,55.69978,-2.10389,-2.10389,2.95,2.95,SNPP,0,0,1
2564,2014-04-18,2014-04-18,1,1,55.7919,-6.163,55.7919,55.7919,-6.163,-6.163,2.36,2.36,SNPP,0,0,1
2565,2014-04-18,2014-04-18,1,3,56.51549,-3.61912,56.51345,56.5177,-3.61997,-3.61854,10.21,21.5,SNPP,0,0,1
2566,2014-04-18,2014-04-18,1,3,56.61927,-3.71069,56.61715,56.62141,-3.71154,-3.70973,11.29,21.71,SNPP,0,0,1
2567,2014-04-18,2014-04-18,1,1,56.6333,-3.90751,56.6333,56.6333,-3.90751,-3.90751,4.6,4.6,SNPP,0,0,1
2568,2014-04-18,2014-04-18,1,1,56.7812,-3.50048,56.7812,56.7812,-3.50048,-3.50048,2.72,2.72,SNPP,0,0,1
2569,2014-04-18,2014-04-18,1,1,57.44161,-4.1696,57.44161,57.44161,-4.1696,-4.1696,3.99,3.99,SNPP,0,0,1
2570,2014-04-19,2014-04-19,1,1,53.06794,-0.77948,53.06794,53.06794,-0.77948,-0.77948,1.52,1.52,SNPP,0,1,1
2571,2014-04-19,2014-04-19,1,2,56.56236,-3.26214,56.56219,56.56252,-3.26348,-3.2608,5.75,11.08,SNPP,0,0,1
2572,2014-04-19,2014-04-19,1,1,54.3189,-3.15285,54.3189,54.3189,-3.15285,-3.15285,2.63,2.63,SNPP,0,0,1
2573,2014-04-19,2014-04-19,1,2,54.97654,-4.97184,54.97485,54.97824,-4.97249,-4.97119,2.47,4.94,SNPP,0,0,1
2574,2014-04-19,2014-04-19,1,1,55.159,-6.46178,55.159,55.159,-6.46178,-6.46178,1.32,1.32,SNPP,0,0,1
2575,2014-04-19,2014-04-19,1,1,55.66233,-3.24614,55.66233,55.66233,-3.24614,-3.24614,2.84,2.84,SNPP,0,0,1
2576,2014-04-19,2014-04-19,1,1,55.88921,-3.8812,55.88921,55.88921,-3.8812,-3.8812,2.89,2.89,SNPP,0,0,1
2577,2014-04-19,2014-04-19,1,1,56.55959,-3.84123,56.55959,56.55959,-3.84123,-3.84123,1.55,1.55,SNPP,0,0,1
2578,2014-04-19,2014-04-19,1,1,56.96075,-5.56258,56.96075,56.96075,-5.56258,-5.56258,7.35,7.35,SNPP,0,0,1
2579,2014-04-20,2014-04-20,1,2,54.85244,-7.26342,54.85136,54.85353,-7.26653,-7.26032,1.32,2.34,SNPP,0,2,1
2580,2014-04-20,2014-04-20,1,1,55.18198,-2.82515,55.18198,55.18198,-2.82515,-2.82515,7.11,7.11,SNPP,0,0,1
2581,2014-04-20,2014-04-20,1,1,55.14323,-4.03195,55.14323,55.14323,-4.03195,-4.03195,0.43,0.43,SNPP,0,0,1
2582,2014-04-20,2014-04-20,1,2,53.48832,-1.94666,53.48789,53.48874,-1.94952,-1.94381,4.34,8.68,SNPP,0,0,1
2583,2014-04-20,2014-04-20,1,1,57.09012,-4.45555,57.09012,57.09012,-4.45555,-4.45555,4.98,4.98,SNPP,0,0,1
2584,2014-04-20,2014-04-20,1,1,57.16622,-4.41438,57.16622,57.16622,-4.41438,-4.41438,5.29,5.29,SNPP,0,0,1
2585,2014-04-21,2014-04-21,1,1,53.30637,-2.98364,53.30637,53.30637,-2.98364,-2.98364,0.79,0.79,SNPP,0,1,1
2586,2014-04-21,2014-04-21,1,1,55.51738,-4.10925,55.51738,55.51738,-4.10925,-4.10925,3.76,3.76,SNPP,0,0,1
2587,2014-04-21,2014-04-21,1,1,55.77983,-3.59737,55.77983,55.77983,-3.59737,-3.59737,3.74,3.74,SNPP,0,0,1
2588,2014-04-21,2014-04-21,1,1,54.80304,-7.37796,54.80304,54.80304,-7.37796,-7.37796,4.26,4.26,SNPP,0,0,1
2589,2014-04-21,2014-04-21,1,2,56.44903,-3.95304,56.44893,56.44913,-3.95332,-3.95275,7.0,13.55,SNPP,0,0,1
2590,2014-04-22,2014-04-22,1,3,58.256,-4.41706,58.25397,58.25746,-4.42046,-4.41165,2.16,5.1,SNPP,0,3,1
2591,2014-04-22,2014-04-22,1,8,54.81556,-7.27985,54.81298,54.81744,-7.28515,-7.27523,6.1,22.61,SNPP,0,8,1
2592,2014-04-22,2014-04-22,1,2,54.99993,-7.4087,54.99894,55.00092,-7.40892,-7.40849,0.73,0.97,SNPP,0,2,1
2593,2014-04-22,2014-04-22,1,3,58.39918,-4.76361,58.39787,58.40162,-4.76505,-4.762,8.59,19.18,SNPP,0,0,1
2594,2014-04-23,2014-04-23,1,1,51.28773,-0.51829,51.28773,51.28773,-0.51829,-0.51829,0.38,0.38,SNPP,0,1,1
2595,2014-04-23,2014-04-23,1,1,58.50559,-4.64657,58.50559,58.50559,-4.64657,-4.64657,8.35,8.35,SNPP,0,0,1
2596,2014-04-25,2014-04-25,1,2,54.77022,-7.30233,54.76859,54.77186,-7.30317,-7.3015,4.05,8.1,SNPP,0,0,1
2597,2014-04-26,2014-04-26,1,2,53.42213,-2.3993,53.42003,53.42423,-2.40074,-2.39785,1.02,1.86,SNPP,0,2,1
2598,2014-04-26,2014-04-26,1,1,54.54933,-7.47851,54.54933,54.54933,-7.47851,-7.47851,7.63,7.63,SNPP,0,0,1
2599,2014-04-29,2014-04-29,1,1,51.52349,-0.51819,51.52349,51.52349,-0.51819,-0.51819,0.52,0.52,SNPP,0,1,1
2600,2014-04-29,2014-04-29,1,1,53.20028,-2.95678,53.20028,53.20028,-2.95678,-2.95678,3.88,3.88,SNPP,0,0,1
2601,2014-05-03,2014-05-03,1,6,58.53507,-4.14984,58.53171,58.53894,-4.15795,-4.14315,10.89,28.58,SNPP,0,6,1
2602,2014-05-03,2014-05-03,1,2,51.41093,-0.5468,51.4108,51.41105,-0.54956,-0.54403,4.92,6.86,SNPP,0,0,1
2603,2014-05-06,2014-05-06,1,1,51.25019,0.40007,51.25019,51.25019,0.40007,0.40007,3.38,3.38,SNPP,0,0,1
2604,2014-05-06,2014-05-06,1,1,53.00173,-1.9895,53.00173,53.00173,-1.9895,-1.9895,2.45,2.45,SNPP,0,0,1
2605,2014-05-09,2014-05-09,1,1,54.59231,-1.18082,54.59231,54.59231,-1.18082,-1.18082,0.86,0.86,SNPP,0,1,1
2606,2014-05-12,2014-05-12,1,2,53.283,-2.79356,53.283,53.28301,-2.79541,-2.79172,1.76,3.19,SNPP,0,2,1
2607,2014-05-14,2014-05-14,1,1,55.24253,-1.89873,55.24253,55.24253,-1.89873,-1.89873,0.82,0.82,SNPP,0,1,1
2608,2014-05-14,2014-05-14,1,1,52.11385,-0.32119,52.11385,52.11385,-0.32119,-0.32119,0.42,0.42,SNPP,0,1,1
2609,2014-05-15,2014-05-15,1,1,51.82899,-2.30323,51.82899,51.82899,-2.30323,-2.30323,8.56,8.56,SNPP,1,0,1
2610,2014-05-16,2014-05-16,1,2,52.5302,-1.79,52.52784,52.53255,-1.79041,-1.78958,2.49,4.98,SNPP,0,2,1
2611,2014-05-16,2014-05-16,1,2,52.59738,-0.26565,52.59505,52.5997,-0.26761,-0.26369,1.02,1.44,SNPP,0,2,1
2612,2014-05-16,2014-05-16,1,1,54.15947,-7.53584,54.15947,54.15947,-7.53584,-7.53584,2.03,2.03,SNPP,0,0,1
2613,2014-05-16,2014-05-16,1,1,54.43777,-7.58133,54.43777,54.43777,-7.58133,-7.58133,3.19,3.19,SNPP,0,0,1
2614,2014-05-17,2014-05-21,5,22,52.43009,-1.65493,52.42625,52.43285,-1.66259,-1.64826,41.74,277.09,SNPP,2,17,5
2615,2014-05-17,2014-05-17,1,2,51.62464,-2.09372,51.62254,51.62675,-2.09577,-2.09167,8.76,12.67,SNPP,0,0,1
2616,2014-05-17,2014-05-17,1,1,51.65211,-1.73428,51.65211,51.65211,-1.73428,-1.73428,8.45,8.45,SNPP,0,0,1
2617,2014-05-17,2014-05-17,1,4,51.72561,-1.91996,51.72351,51.72771,-1.92344,-1.91648,3.83,10.98,SNPP,0,0,1
2618,2014-05-17,2014-05-17,1,2,52.11153,-4.33246,52.11097,52.11209,-4.33543,-4.32949,3.73,6.26,SNPP,0,0,1
2619,2014-05-17,2014-05-17,1,1,52.50724,-1.61839,52.50724,52.50724,-1.61839,-1.61839,2.64,2.64,SNPP,0,0,1
2620,2014-05-17,2014-05-17,1,1,52.96921,-2.45163,52.96921,52.96921,-2.45163,-2.45163,1.71,1.71,SNPP,0,0,1
2621,2014-05-17,2014-05-17,1,1,53.68119,-2.75616,53.68119,53.68119,-2.75616,-2.75616,2.52,2.52,SNPP,0,0,1
2622,2014-05-18,2014-05-18,1,1,51.24395,-0.15331,51.24395,51.24395,-0.15331,-0.15331,0.47,0.47,SNPP,0,1,1
2623,2014-05-18,2014-05-18,1,1,52.06648,-0.6374,52.06648,52.06648,-0.6374,-0.6374,1.71,1.71,SNPP,0,0,1
2624,2014-05-19,2014-05-19,1,1,52.92416,0.77487,52.92416,52.92416,0.77487,0.77487,0.38,0.38,SNPP,0,1,1
2625,2014-05-19,2014-05-19,1,1,52.51167,-1.2651,52.51167,52.51167,-1.2651,-1.2651,1.51,1.51,SNPP,0,1,1
2626,2014-05-19,2014-05-19,1,3,51.21983,-0.99013,51.21789,51.22221,-0.99206,-0.98878,4.89,9.31,SNPP,0,0,1
2627,2014-05-19,2014-05-19,1,1,51.36795,1.39754,51.36795,51.36795,1.39754,1.39754,1.54,1.54,SNPP,0,0,1
2628,2014-05-19,2014-05-19,1,1,51.74569,0.01539,51.74569,51.74569,0.01539,0.01539,18.13,18.13,SNPP,0,0,1
2629,2014-05-26,2014-05-26,1,2,53.45542,-1.34399,53.45434,53.4565,-1.3441,-1.34388,2.74,4.6,SNPP,0,2,1
2630,2014-05-30,2014-05-30,1,1,55.80567,-4.32568,55.80567,55.80567,-4.32568,-4.32568,5.0,5.0,SNPP,0,0,1
2631,2014-05-31,2014-05-31,1,1,51.24341,-0.15335,51.24341,51.24341,-0.15335,-0.15335,0.46,0.46,SNPP,0,1,1
2632,2014-06-01,2014-06-01,1,1,52.11138,0.01966,52.11138,52.11138,0.01966,0.01966,4.26,4.26,SNPP,0,0,1
2633,2014-06-03,2014-06-03,1,1,53.53349,-1.72844,53.53349,53.53349,-1.72844,-1.72844,3.97,3.97,SNPP,0,0,1
2634,2014-06-06,2014-06-08,3,9,53.53641,-1.72707,53.53338,53.53854,-1.72997,-1.721,10.66,44.43,SNPP,0,9,3
2635,2014-06-07,2014-06-07,1,1,51.68641,-0.66159,51.68641,51.68641,-0.66159,-0.66159,2.47,2.47,SNPP,0,0,1
2636,2014-06-07,2014-06-07,1,1,51.77647,-0.768,51.77647,51.77647,-0.768,-0.768,2.1,2.1,SNPP,0,0,1
2637,2014-06-08,2014-06-12,5,25,52.28083,0.1835,52.27545,52.28537,0.17304,0.18955,20.26,190.71,SNPP,2,24,5
2638,2014-06-08,2014-06-08,1,1,52.41804,1.50773,52.41804,52.41804,1.50773,1.50773,0.64,0.64,SNPP,0,1,1
2639,2014-06-09,2014-06-10,2,3,51.32894,0.03825,51.32716,51.33109,0.03526,0.04065,11.31,20.36,SNPP,0,0,2
2640,2014-06-10,2014-06-10,1,2,51.55582,-1.37085,51.55548,51.55617,-1.37124,-1.37046,6.48,12.46,SNPP,0,0,1
2641,2014-06-12,2014-06-12,1,1,53.00154,-1.99234,53.00154,53.00154,-1.99234,-1.99234,0.84,0.84,SNPP,0,0,1
2642,2014-06-13,2014-06-13,1,2,51.90013,-0.99222,51.89823,51.90203,-0.99338,-0.99105,0.74,1.19,SNPP,0,2,1
2643,2014-06-13,2014-06-13,1,1,51.59702,-1.81047,51.59702,51.59702,-1.81047,-1.81047,2.51,2.51,SNPP,0,0,1
2644,2014-06-15,2014-06-15,1,1,54.83216,-6.74515,54.83216,54.83216,-6.74515,-6.74515,3.92,3.92,SNPP,0,0,1
2645,2014-06-17,2014-06-17,1,1,54.58591,-5.73182,54.58591,54.58591,-5.73182,-5.73182,0.27,0.27,SNPP,0,1,1
2646,2014-06-17,2014-06-17,1,1,50.64732,-3.69384,50.64732,50.64732,-3.69384,-3.69384,3.02,3.02,SNPP,0,0,1
2647,2014-06-17,2014-06-17,1,4,52.53691,0.7584,52.5364,52.53744,0.75459,0.7622,13.32,44.84,SNPP,0,0,1
2648,2014-06-17,2014-06-17,1,1,54.25177,-6.7122,54.25177,54.25177,-6.7122,-6.7122,3.53,3.53,SNPP,0,0,1
2649,2014-06-18,2014-06-18,1,2,52.74502,-2.92852,52.74493,52.74511,-2.92872,-2.92833,0.59,1.12,SNPP,0,2,1
2650,2014-06-18,2014-06-18,1,1,52.81549,-1.66301,52.81549,52.81549,-1.66301,-1.66301,0.21,0.21,SNPP,0,1,1
2651,2014-06-18,2014-06-18,1,1,52.18969,-1.45199,52.18969,52.18969,-1.45199,-1.45199,1.43,1.43,SNPP,0,0,1
2652,2014-06-18,2014-06-18,1,1,55.88927,-5.20669,55.88927,55.88927,-5.20669,-5.20669,2.84,2.84,SNPP,0,0,1
2653,2014-06-19,2014-06-19,1,3,53.43253,-1.50544,53.42997,53.43691,-1.50603,-1.50474,1.57,3.95,SNPP,0,3,1
2654,2014-06-19,2014-06-22,3,3,51.2442,-0.15398,51.24371,51.24456,-0.15498,-0.1528,0.54,1.24,SNPP,0,3,4
2655,2014-06-19,2014-06-19,1,1,51.63515,-1.25651,51.63515,51.63515,-1.25651,-1.25651,0.84,0.84,SNPP,0,1,1
2656,2014-06-20,2014-06-20,1,1,53.81812,-2.65779,53.81812,53.81812,-2.65779,-2.65779,1.07,1.07,SNPP,0,1,1
2657,2014-06-20,2014-06-20,1,1,52.25505,-3.53796,52.25505,52.25505,-3.53796,-3.53796,3.54,3.54,SNPP,0,0,1
2658,2014-06-20,2014-06-20,1,1,50.69215,-1.15497,50.69215,50.69215,-1.15497,-1.15497,4.19,4.19,SNPP,0,0,1
2659,2014-06-21,2014-06-21,1,1,51.91873,-0.26806,51.91873,51.91873,-0.26806,-0.26806,1.57,1.57,SNPP,0,0,1
2660,2014-06-21,2014-06-21,1,2,52.04166,-2.65329,52.04165,52.04168,-2.65332,-2.65326,3.22,5.67,SNPP,0,0,1
2661,2014-06-22,2014-06-22,1,1,54.73723,-5.80641,54.73723,54.73723,-5.80641,-5.80641,0.49,0.49,SNPP,0,1,1
2662,2014-06-22,2014-06-22,1,1,51.0203,-0.40452,51.0203,51.0203,-0.40452,-0.40452,0.4,0.4,SNPP,0,1,1
2663,2014-06-22,2014-06-22,1,1,52.18129,-1.74027,52.18129,52.18129,-1.74027,-1.74027,5.07,5.07,SNPP,0,0,1
2664,2014-06-23,2014-06-23,1,1,50.72145,-2.56889,50.72145,50.72145,-2.56889,-2.56889,3.11,3.11,SNPP,0,0,1
2665,2014-06-23,2014-06-23,1,1,52.26989,-3.35829,52.26989,52.26989,-3.35829,-3.35829,3.08,3.08,SNPP,0,0,1
2666,2014-06-23,2014-06-23,1,1,52.82775,0.138,52.82775,52.82775,0.138,0.138,1.45,1.45,SNPP,0,0,1
2667,2014-06-23,2014-06-23,1,1,53.00112,-1.99263,53.00112,53.00112,-1.99263,-1.99263,3.12,3.12,SNPP,0,0,1
2668,2014-06-23,2014-06-23,1,1,53.58903,-2.56755,53.58903,53.58903,-2.56755,-2.56755,2.05,2.05,SNPP,0,0,1
2669,2014-06-23,2014-06-23,1,1,53.60188,-2.50623,53.60188,53.60188,-2.50623,-2.50623,3.29,3.29,SNPP,0,0,1
2670,2014-06-24,2014-06-25,2,2,51.86604,0.8279,51.86603,51.86605,0.82642,0.82938,0.48,0.91,SNPP,0,2,2
2671,2014-06-24,2014-06-24,1,1,55.10601,-3.61636,55.10601,55.10601,-3.61636,-3.61636,0.42,0.42,SNPP,0,1,1
2672,2014-06-24,2014-06-24,1,1,50.85343,-2.87312,50.85343,50.85343,-2.87312,-2.87312,1.88,1.88,SNPP,0,0,1
2673,2014-06-25,2014-06-25,1,1,51.24407,-0.15555,51.24407,51.24407,-0.15555,-0.15555,0.31,0.31,SNPP,0,1,1
2674,2014-06-26,2014-06-26,1,2,57.66346,-4.05822,57.66307,57.66385,-4.06113,-4.05531,5.69,8.71,SNPP,0,0,1
2675,2014-06-26,2014-06-26,1,1,58.20108,-6.39859,58.20108,58.20108,-6.39859,-6.39859,2.23,2.23,SNPP,0,0,1
2676,2014-06-28,2014-06-28,1,1,50.8332,-1.16558,50.8332,50.8332,-1.16558,-1.16558,2.01,2.01,SNPP,0,0,1
2677,2014-06-30,2014-06-30,1,1,55.07174,-6.49283,55.07174,55.07174,-6.49283,-6.49283,1.15,1.15,SNPP,0,1,1
2678,2014-06-30,2014-06-30,1,1,51.24363,-0.15168,51.24363,51.24363,-0.15168,-0.15168,0.45,0.45,SNPP,0,1,1
2679,2014-07-01,2014-07-01,1,5,52.03464,-1.10656,52.03251,52.03654,-1.11125,-1.10207,3.4,10.64,SNPP,0,5,1
2680,2014-07-01,2014-07-01,1,1,55.80367,-4.32276,55.80367,55.80367,-4.32276,-4.32276,5.32,5.32,SNPP,0,0,1
2681,2014-07-01,2014-07-01,1,1,57.28828,-5.93734,57.28828,57.28828,-5.93734,-5.93734,6.27,6.27,SNPP,0,0,1
2682,2014-07-02,2014-07-02,1,1,54.42692,-6.44217,54.42692,54.42692,-6.44217,-6.44217,3.22,3.22,SNPP,0,1,1
2683,2014-07-04,2014-07-04,1,1,51.41375,-0.67991,51.41375,51.41375,-0.67991,-0.67991,1.15,1.15,SNPP,0,0,1
2684,2014-07-07,2014-07-07,1,1,52.70404,0.4712,52.70404,52.70404,0.4712,0.4712,0.42,0.42,SNPP,0,1,1
2685,2014-07-07,2014-07-07,1,1,52.28685,0.7277,52.28685,52.28685,0.7277,0.7277,6.6,6.6,SNPP,0,0,1
2686,2014-07-09,2014-07-09,1,1,51.53508,-3.69928,51.53508,51.53508,-3.69928,-3.69928,0.33,0.33,SNPP,0,1,1
2687,2014-07-09,2014-07-09,1,1,51.59158,-0.51581,51.59158,51.59158,-0.51581,-0.51581,0.28,0.28,SNPP,0,1,1
2688,2014-07-09,2014-07-09,1,1,52.87209,-0.35525,52.87209,52.87209,-0.35525,-0.35525,0.32,0.32,SNPP,0,1,1
2689,2014-07-09,2014-07-11,2,3,53.79403,-1.78555,53.79351,53.79445,-1.78705,-1.78391,0.39,0.94,SNPP,0,3,3
2690,2014-07-09,2014-07-09,1,1,51.2079,-1.16317,51.2079,51.2079,-1.16317,-1.16317,6.48,6.48,SNPP,0,0,1
2691,2014-07-09,2014-07-09,1,1,51.78008,0.3865,51.78008,51.78008,0.3865,0.3865,1.78,1.78,SNPP,0,0,1
2692,2014-07-09,2014-07-09,1,1,53.25867,-2.68248,53.25867,53.25867,-2.68248,-2.68248,1.65,1.65,SNPP,0,0,1
2693,2014-07-09,2014-07-09,1,1,54.63499,-1.7935,54.63499,54.63499,-1.7935,-1.7935,24.17,24.17,SNPP,0,0,1
2694,2014-07-10,2014-07-10,1,1,50.72949,-3.33344,50.72949,50.72949,-3.33344,-3.33344,0.89,0.89,SNPP,0,1,1
2695,2014-07-10,2014-07-10,1,2,56.82926,-3.23518,56.82802,56.83051,-3.23583,-3.23454,11.4,15.83,SNPP,0,0,1
2696,2014-07-10,2014-07-10,1,1,52.63578,-1.26849,52.63578,52.63578,-1.26849,-1.26849,2.5,2.5,SNPP,0,0,1
2697,2014-07-10,2014-07-10,1,1,53.46033,-1.36619,53.46033,53.46033,-1.36619,-1.36619,2.51,2.51,SNPP,0,0,1
2698,2014-07-10,2014-07-10,1,1,58.19691,-6.39853,58.19691,58.19691,-6.39853,-6.39853,2.59,2.59,SNPP,0,0,1
2699,2014-07-10,2014-07-10,1,2,57.61032,-4.88978,57.6086,57.61205,-4.89085,-4.8887,2.76,4.16,SNPP,0,0,1
2700,2014-07-11,2014-07-11,1,1,51.24482,-0.15511,51.24482,51.24482,-0.15511,-0.15511,0.36,0.36,SNPP,0,1,1
2701,2014-07-11,2014-07-11,1,2,52.6704,-2.30715,52.66877,52.67202,-2.30785,-2.30644,0.62,1.24,SNPP,0,2,1
2702,2014-07-11,2014-07-11,1,2,55.60134,-4.21994,55.60108,55.60159,-4.22018,-4.2197,5.62,10.0,SNPP,1,0,1
2703,2014-07-11,2014-07-11,1,1,55.89762,-3.80152,55.89762,55.89762,-3.80152,-3.80152,4.01,4.01,SNPP,0,0,1
2704,2014-07-12,2014-07-12,1,1,50.43851,-4.12967,50.43851,50.43851,-4.12967,-4.12967,0.58,0.58,SNPP,0,1,1
2705,2014-07-14,2014-07-14,1,2,50.99776,-2.05294,50.99648,50.99905,-2.05379,-2.05209,2.32,3.99,SNPP,0,2,1
2706,2014-07-14,2014-07-14,1,4,51.13022,1.06654,51.12789,51.1327,1.0644,1.06839,1.59,3.64,SNPP,0,4,1
2707,2014-07-14,2014-07-14,1,1,51.50152,-0.11474,51.50152,51.50152,-0.11474,-0.11474,0.65,0.65,SNPP,0,0,1
2708,2014-07-14,2014-07-14,1,1,52.96921,-0.1488,52.96921,52.96921,-0.1488,-0.1488,5.26,5.26,SNPP,0,0,1
2709,2014-07-14,2014-07-14,1,1,53.17002,0.27425,53.17002,53.17002,0.27425,0.27425,2.01,2.01,SNPP,0,0,1
2710,2014-07-16,2014-07-18,2,2,52.70496,0.4753,52.70491,52.70501,0.47462,0.47599,0.45,0.86,SNPP,0,2,3
2711,2014-07-16,2014-07-16,1,1,51.24569,-0.15516,51.24569,51.24569,-0.15516,-0.15516,0.48,0.48,SNPP,0,1,1
2712,2014-07-17,2014-07-17,1,1,52.78705,0.28765,52.78705,52.78705,0.28765,0.28765,0.63,0.63,SNPP,0,1,1
2713,2014-07-17,2014-07-17,1,1,54.64667,-5.98284,54.64667,54.64667,-5.98284,-5.98284,0.55,0.55,SNPP,0,1,1
2714,2014-07-17,2014-07-17,1,1,50.88328,-1.0776,50.88328,50.88328,-1.0776,-1.0776,9.18,9.18,SNPP,0,0,1
2715,2014-07-17,2014-07-17,1,1,51.75099,0.02389,51.75099,51.75099,0.02389,0.02389,7.58,7.58,SNPP,0,0,1
2716,2014-07-17,2014-07-17,1,1,52.37518,1.66466,52.37518,52.37518,1.66466,1.66466,1.26,1.26,SNPP,0,0,1
2717,2014-07-17,2014-07-17,1,1,54.10716,-3.23058,54.10716,54.10716,-3.23058,-3.23058,3.96,3.96,SNPP,0,0,1
2718,2014-07-17,2014-07-17,1,1,54.17551,-1.33164,54.17551,54.17551,-1.33164,-1.33164,0.51,0.51,SNPP,0,0,1
2719,2014-07-18,2014-07-18,1,1,52.84157,-1.6383,52.84157,52.84157,-1.6383,-1.6383,1.83,1.83,SNPP,0,1,1
2720,2014-07-18,2014-07-18,1,1,52.87704,-1.63691,52.87704,52.87704,-1.63691,-1.63691,0.88,0.88,SNPP,0,1,1
2721,2014-07-18,2014-07-18,1,1,51.57431,-0.96421,51.57431,51.57431,-0.96421,-0.96421,1.35,1.35,SNPP,0,0,1
2722,2014-07-20,2014-07-20,1,1,50.49942,-4.03596,50.49942,50.49942,-4.03596,-4.03596,0.74,0.74,SNPP,0,1,1
2723,2014-07-21,2014-07-21,1,4,51.92826,-1.70136,51.92558,51.93048,-1.70646,-1.69655,4.93,10.57,SNPP,0,4,1
2724,2014-07-21,2014-07-22,2,2,54.10211,-3.18376,54.10085,54.10337,-3.18456,-3.18296,2.97,3.37,SNPP,0,2,2
2725,2014-07-21,2014-07-21,1,1,51.80726,-1.9677,51.80726,51.80726,-1.9677,-1.9677,0.62,0.62,SNPP,0,1,1
2726,2014-07-21,2014-07-21,1,5,50.52395,-4.77062,50.52184,50.5266,-4.77427,-4.7674,1.85,8.75,SNPP,0,5,1
2727,2014-07-22,2014-07-22,1,1,51.5754,0.23772,51.5754,51.5754,0.23772,0.23772,4.46,4.46,SNPP,0,0,1
2728,2014-07-22,2014-07-22,1,1,50.95487,0.84114,50.95487,50.95487,0.84114,0.84114,3.37,3.37,SNPP,0,0,1
2729,2014-07-22,2014-07-22,1,1,55.35627,-1.93202,55.35627,55.35627,-1.93202,-1.93202,5.43,5.43,SNPP,0,0,1
2730,2014-07-23,2014-07-23,1,1,51.34973,0.74447,51.34973,51.34973,0.74447,0.74447,0.43,0.43,SNPP,0,1,1
2731,2014-07-23,2014-07-23,1,1,51.76312,0.40489,51.76312,51.76312,0.40489,0.40489,0.31,0.31,SNPP,0,1,1
2732,2014-07-23,2014-07-23,1,1,52.94586,-2.46866,52.94586,52.94586,-2.46866,-2.46866,0.78,0.78,SNPP,0,1,1
2733,2014-07-23,2014-07-23,1,1,53.00296,-1.98941,53.00296,53.00296,-1.98941,-1.98941,1.53,1.53,SNPP,0,0,1
2734,2014-07-23,2014-07-23,1,1,56.1218,-4.22559,56.1218,56.1218,-4.22559,-4.22559,6.55,6.55,SNPP,0,0,1
2735,2014-07-23,2014-07-23,1,1,54.22353,-6.22395,54.22353,54.22353,-6.22395,-6.22395,4.04,4.04,SNPP,0,0,1
2736,2014-07-24,2014-07-26,2,2,52.70472,0.4714,52.70422,52.70521,0.47074,0.47207,0.47,0.8,SNPP,0,2,3
2737,2014-07-24,2014-07-24,1,1,51.24426,-0.15419,51.24426,51.24426,-0.15419,-0.15419,0.27,0.27,SNPP,0,1,1
2738,2014-07-24,2014-07-24,1,1,56.12588,-3.85666,56.12588,56.12588,-3.85666,-3.85666,5.14,5.14,SNPP,0,0,1
2739,2014-07-24,2014-07-24,1,2,51.28154,-1.89144,51.27977,51.28331,-1.89196,-1.89092,2.98,5.96,SNPP,0,0,1
2740,2014-07-24,2014-07-24,1,1,51.48752,0.35888,51.48752,51.48752,0.35888,0.35888,6.16,6.16,SNPP,0,0,1
2741,2014-07-24,2014-07-24,1,1,52.78155,-0.47232,52.78155,52.78155,-0.47232,-0.47232,3.81,3.81,SNPP,0,0,1
2742,2014-07-24,2014-07-24,1,1,53.24591,-0.08415,53.24591,53.24591,-0.08415,-0.08415,5.55,5.55,SNPP,0,0,1
2743,2014-07-24,2014-07-24,1,1,54.22339,-6.56828,54.22339,54.22339,-6.56828,-6.56828,1.6,1.6,SNPP,0,0,1
2744,2014-07-24,2014-07-24,1,1,55.85041,-2.92765,55.85041,55.85041,-2.92765,-2.92765,2.67,2.67,SNPP,0,0,1
2745,2014-07-25,2014-07-25,1,1,53.19854,-2.96073,53.19854,53.19854,-2.96073,-2.96073,0.45,0.45,SNPP,0,1,1
2746,2014-07-25,2014-07-25,1,5,54.67412,-2.62827,54.6706,54.67629,-2.63114,-2.62302,1.76,5.3,SNPP,0,5,1
2747,2014-07-25,2014-07-25,1,1,50.91519,-2.32784,50.91519,50.91519,-2.32784,-2.32784,0.38,0.38,SNPP,0,1,1
2748,2014-07-25,2014-07-25,1,1,51.03401,-3.19364,51.03401,51.03401,-3.19364,-3.19364,1.19,1.19,SNPP,0,1,1
2749,2014-07-25,2014-07-25,1,1,53.28894,-4.30774,53.28894,53.28894,-4.30774,-4.30774,0.7,0.7,SNPP,0,1,1
2750,2014-07-25,2014-07-25,1,1,55.6639,-2.58427,55.6639,55.6639,-2.58427,-2.58427,4.9,4.9,SNPP,0,0,1
2751,2014-07-25,2014-07-25,1,1,52.21583,-3.1747,52.21583,52.21583,-3.1747,-3.1747,2.26,2.26,SNPP,0,0,1
2752,2014-07-25,2014-07-25,1,1,53.10472,-2.47254,53.10472,53.10472,-2.47254,-2.47254,3.85,3.85,SNPP,0,0,1
2753,2014-07-25,2014-07-25,1,1,54.3428,-5.82257,54.3428,54.3428,-5.82257,-5.82257,6.31,6.31,SNPP,0,0,1
2754,2014-07-25,2014-07-25,1,2,54.84479,-6.5298,54.84387,54.84571,-6.53119,-6.52841,9.45,16.74,SNPP,0,0,1
2755,2014-07-25,2014-07-25,1,1,55.32502,-5.58119,55.32502,55.32502,-5.58119,-5.58119,1.51,1.51,SNPP,0,0,1
2756,2014-07-25,2014-07-25,1,1,57.43606,-3.12987,57.43606,57.43606,-3.12987,-3.12987,2.31,2.31,SNPP,0,0,1
2757,2014-07-26,2014-07-26,1,7,50.87009,-1.83458,50.86599,50.87256,-1.84074,-1.83064,7.31,28.83,SNPP,0,7,1
2758,2014-07-26,2014-07-26,1,1,53.43551,-2.35552,53.43551,53.43551,-2.35552,-2.35552,0.29,0.29,SNPP,0,1,1
2759,2014-07-26,2014-07-26,1,1,54.10217,-3.18435,54.10217,54.10217,-3.18435,-3.18435,0.66,0.66,SNPP,0,1,1
2760,2014-07-26,2014-07-26,1,1,51.23717,1.2751,51.23717,51.23717,1.2751,1.2751,7.69,7.69,SNPP,0,0,1
2761,2014-07-26,2014-07-26,1,1,51.35255,1.36505,51.35255,51.35255,1.36505,1.36505,4.72,4.72,SNPP,0,0,1
2762,2014-07-26,2014-07-26,1,2,51.9152,1.13212,51.91473,51.91568,1.12933,1.1349,6.87,13.64,SNPP,0,0,1
2763,2014-07-26,2014-07-26,1,1,52.06779,-0.63674,52.06779,52.06779,-0.63674,-0.63674,4.26,4.26,SNPP,0,0,1
2764,2014-07-26,2014-07-26,1,1,52.69805,1.08966,52.69805,52.69805,1.08966,1.08966,12.87,12.87,SNPP,0,0,1
2765,2014-07-26,2014-07-26,1,2,53.48388,-2.43632,53.48375,53.48402,-2.43684,-2.4358,4.06,6.93,SNPP,0,0,1
2766,2014-07-27,2014-07-27,1,1,53.78529,-2.26442,53.78529,53.78529,-2.26442,-2.26442,0.33,0.33,SNPP,0,1,1
2767,2014-07-27,2014-07-27,1,1,51.33041,-0.87607,51.33041,51.33041,-0.87607,-0.87607,0.3,0.3,SNPP,0,1,1
2768,2014-07-27,2014-07-27,1,1,51.72537,-0.08486,51.72537,51.72537,-0.08486,-0.08486,4.36,4.36,SNPP,0,0,1
2769,2014-07-27,2014-07-27,1,3,52.59431,-3.82574,52.59363,52.59551,-3.8284,-3.8236,5.49,11.81,SNPP,0,0,1
2770,2014-07-28,2014-07-28,1,1,54.23646,-5.86395,54.23646,54.23646,-5.86395,-5.86395,0.23,0.23,SNPP,0,1,1
2771,2014-07-28,2014-07-28,1,4,52.5143,-0.73462,52.51178,52.51632,-0.7363,-0.73185,2.16,7.31,SNPP,0,4,1
2772,2014-07-28,2014-07-28,1,2,54.73614,-1.8651,54.73568,54.73661,-1.86521,-1.86499,2.86,5.61,SNPP,0,0,1
2773,2014-07-29,2014-07-29,1,1,51.97172,-0.00552,51.97172,51.97172,-0.00552,-0.00552,3.69,3.69,SNPP,0,0,1
2774,2014-07-29,2014-07-29,1,1,50.64118,-2.44477,50.64118,50.64118,-2.44477,-2.44477,7.75,7.75,SNPP,0,0,1
2775,2014-07-29,2014-07-29,1,3,50.79093,-1.47673,50.78815,50.79268,-1.47948,-1.47218,8.01,19.31,SNPP,0,0,1
2776,2014-07-30,2014-07-30,1,2,51.67266,-1.98953,51.67172,51.67361,-1.99134,-1.98772,7.38,13.83,SNPP,0,0,1
2777,2014-07-30,2014-07-30,1,1,50.89374,-4.30651,50.89374,50.89374,-4.30651,-4.30651,1.99,1.99,SNPP,0,0,1
2778,2014-07-30,2014-07-30,1,4,51.81762,-4.91955,51.81483,51.81995,-4.92577,-4.91468,6.82,15.56,SNPP,0,0,1
2779,2014-07-30,2014-07-30,1,1,57.59865,-3.32085,57.59865,57.59865,-3.32085,-3.32085,1.1,1.1,SNPP,0,0,1
2780,2014-07-31,2014-07-31,1,2,51.42396,0.32064,51.42369,51.42423,0.31937,0.3219,0.69,1.31,SNPP,0,2,1
2781,2014-07-31,2014-07-31,1,2,52.97904,-1.17001,52.97842,52.97966,-1.17063,-1.16938,1.72,2.41,SNPP,0,2,1
2782,2014-07-31,2014-07-31,1,1,53.57556,-0.69681,53.57556,53.57556,-0.69681,-0.69681,0.38,0.38,SNPP,0,1,1
2783,2014-07-31,2014-07-31,1,1,51.77366,-0.70293,51.77366,51.77366,-0.70293,-0.70293,0.26,0.26,SNPP,0,1,1
2784,2014-07-31,2014-07-31,1,1,50.86167,-0.78932,50.86167,50.86167,-0.78932,-0.78932,3.07,3.07,SNPP,0,0,1
2785,2014-08-01,2014-08-01,1,3,51.47189,-1.84541,51.47115,51.47233,-1.84954,-1.84286,5.15,10.14,SNPP,0,3,1
2786,2014-08-01,2014-08-01,1,3,53.5861,-0.3227,53.58401,53.58863,-0.32369,-0.3214,0.96,2.34,SNPP,0,3,1
2787,2014-08-01,2014-08-03,2,2,51.24424,-0.15414,51.24387,51.24461,-0.1552,-0.15307,0.49,0.93,SNPP,0,2,3
2788,2014-08-01,2014-08-04,4,7,51.4078,0.77869,51.40495,51.40984,0.77472,0.78129,11.58,45.67,SNPP,0,5,4
2789,2014-08-01,2014-08-01,1,1,52.79201,-0.96463,52.79201,52.79201,-0.96463,-0.96463,1.91,1.91,SNPP,0,0,1
2790,2014-08-01,2014-08-01,1,1,52.79303,-1.55209,52.79303,52.79303,-1.55209,-1.55209,4.97,4.97,SNPP,0,0,1
2791,2014-08-02,2014-08-02,1,1,52.22256,-1.93178,52.22256,52.22256,-1.93178,-1.93178,8.92,8.92,SNPP,0,0,1
2792,2014-08-03,2014-08-03,1,2,51.0294,-1.05552,51.02818,51.03061,-1.0561,-1.05493,0.66,1.18,SNPP,0,2,1
2793,2014-08-03,2014-08-03,1,4,51.41302,0.31204,51.41175,51.41422,0.30943,0.3161,5.99,12.82,SNPP,0,4,1
2794,2014-08-03,2014-08-03,1,1,53.60392,-1.51819,53.60392,53.60392,-1.51819,-1.51819,0.56,0.56,SNPP,0,1,1
2795,2014-08-04,2014-08-04,1,7,52.68405,0.99395,52.68172,52.6867,0.98935,0.99862,6.54,34.29,SNPP,0,7,1
2796,2014-08-04,2014-08-04,1,2,52.741,0.62148,52.74027,52.74174,0.61913,0.62384,8.61,14.15,SNPP,0,2,1
2797,2014-08-04,2014-08-04,1,1,52.27358,-1.23961,52.27358,52.27358,-1.23961,-1.23961,5.45,5.45,SNPP,0,0,1
2798,2014-08-05,2014-08-05,1,2,53.60491,-1.049,53.60447,53.60535,-1.05186,-1.04615,10.38,14.15,SNPP,0,0,1
2799,2014-08-06,2014-08-06,1,1,52.83176,-0.04304,52.83176,52.83176,-0.04304,-0.04304,6.51,6.51,SNPP,0,0,1
2800,2014-08-06,2014-08-06,1,1,52.92977,0.55269,52.92977,52.92977,0.55269,0.55269,2.6,2.6,SNPP,0,0,1
2801,2014-08-07,2014-08-07,1,2,50.8221,-0.73704,50.82165,50.82256,-0.73974,-0.73434,2.04,3.45,SNPP,0,2,1
2802,2014-08-07,2014-08-07,1,1,51.05347,-2.99368,51.05347,51.05347,-2.99368,-2.99368,0.41,0.41,SNPP,0,1,1
2803,2014-08-07,2014-08-07,1,1,55.80317,-4.32668,55.80317,55.80317,-4.32668,-4.32668,2.46,2.46,SNPP,0,0,1
2804,2014-08-07,2014-08-07,1,1,51.1312,-2.23125,51.1312,51.1312,-2.23125,-2.23125,2.31,2.31,SNPP,0,0,1
2805,2014-08-09,2014-08-09,1,1,54.59822,-5.9688,54.59822,54.59822,-5.9688,-5.9688,0.39,0.39,SNPP,0,1,1
2806,2014-08-09,2014-08-09,1,2,54.60162,-5.93982,54.6004,54.60283,-5.93985,-5.93979,0.82,1.55,SNPP,0,2,1
2807,2014-08-09,2014-08-09,1,3,54.99012,-7.30035,54.98921,54.99073,-7.30116,-7.29989,1.1,2.07,SNPP,0,3,1
2808,2014-08-09,2014-08-09,1,1,50.95858,-2.26822,50.95858,50.95858,-2.26822,-2.26822,3.06,3.06,SNPP,0,0,1
2809,2014-08-11,2014-08-11,1,1,52.70462,-2.55011,52.70462,52.70462,-2.55011,-2.55011,1.86,1.86,SNPP,0,1,1
2810,2014-08-11,2014-08-11,1,1,52.4311,-2.87511,52.4311,52.4311,-2.87511,-2.87511,4.24,4.24,SNPP,0,0,1
2811,2014-08-11,2014-08-11,1,1,54.03668,-0.39897,54.03668,54.03668,-0.39897,-0.39897,2.15,2.15,SNPP,0,0,1
2812,2014-08-12,2014-08-12,1,2,50.91542,-2.62203,50.91379,50.91704,-2.6227,-2.62136,1.01,1.45,SNPP,0,2,1
2813,2014-08-13,2014-08-13,1,1,51.4397,-1.97706,51.4397,51.4397,-1.97706,-1.97706,0.27,0.27,SNPP,0,1,1
2814,2014-08-13,2014-08-13,1,1,51.48053,0.24065,51.48053,51.48053,0.24065,0.24065,0.42,0.42,SNPP,0,1,1
2815,2014-08-13,2014-08-13,1,1,51.72979,-0.09688,51.72979,51.72979,-0.09688,-0.09688,0.34,0.34,SNPP,0,1,1
2816,2014-08-14,2014-08-14,1,1,50.83739,-0.84352,50.83739,50.83739,-0.84352,-0.84352,0.54,0.54,SNPP,0,1,1
2817,2014-08-15,2014-08-15,1,1,51.29435,-0.40595,51.29435,51.29435,-0.40595,-0.40595,2.86,2.86,SNPP,0,0,1
2818,2014-08-15,2014-08-15,1,1,52.48437,-0.30387,52.48437,52.48437,-0.30387,-0.30387,5.41,5.41,SNPP,0,0,1
2819,2014-08-18,2014-08-18,1,1,51.94143,0.64056,51.94143,51.94143,0.64056,0.64056,0.67,0.67,SNPP,0,1,1
2820,2014-08-18,2014-08-19,2,11,53.52556,-2.61928,53.52272,53.52819,-2.6219,-2.61342,13.99,57.48,SNPP,0,5,2
2821,2014-08-18,2014-08-18,1,1,50.64454,-3.32684,50.64454,50.64454,-3.32684,-3.32684,2.05,2.05,SNPP,0,0,1
2822,2014-08-19,2014-08-19,1,1,52.69105,-0.98602,52.69105,52.69105,-0.98602,-0.98602,2.21,2.21,SNPP,0,0,1
2823,2014-08-19,2014-08-19,1,1,55.50888,-2.4638,55.50888,55.50888,-2.4638,-2.4638,2.23,2.23,SNPP,0,0,1
2824,2014-08-20,2014-08-20,1,4,51.27129,-1.20047,51.27013,51.27204,-1.20334,-1.19827,11.86,20.53,SNPP,0,3,1
2825,2014-08-20,2014-08-24,4,9,51.66335,0.34894,51.66032,51.66533,0.34552,0.35256,5.05,14.79,SNPP,0,8,5
2826,2014-08-20,2014-08-20,1,1,51.3529,0.70344,51.3529,51.3529,0.70344,0.70344,2.94,2.94,SNPP,0,0,1
2827,2014-08-20,2014-08-20,1,1,51.7201,-0.37226,51.7201,51.7201,-0.37226,-0.37226,3.25,3.25,SNPP,0,0,1
2828,2014-08-22,2014-08-22,1,3,51.41386,0.81841,51.41179,51.41571,0.81532,0.82256,10.12,17.89,SNPP,0,2,1
2829,2014-08-22,2014-08-22,1,1,54.28674,-6.02251,54.28674,54.28674,-6.02251,-6.02251,0.8,0.8,SNPP,0,1,1
2830,2014-08-22,2014-08-22,1,1,50.86232,-0.07451,50.86232,50.86232,-0.07451,-0.07451,1.72,1.72,SNPP,0,0,1
2831,2014-08-22,2014-08-22,1,1,51.06263,0.91382,51.06263,51.06263,0.91382,0.91382,4.49,4.49,SNPP,0,0,1
2832,2014-08-22,2014-08-22,1,1,51.96975,0.10761,51.96975,51.96975,0.10761,0.10761,5.1,5.1,SNPP,0,0,1
2833,2014-08-22,2014-08-22,1,1,52.17417,-4.33574,52.17417,52.17417,-4.33574,-4.33574,6.94,6.94,SNPP,0,0,1
2834,2014-08-23,2014-08-23,1,1,53.526,-2.62017,53.526,53.526,-2.62017,-2.62017,1.14,1.14,SNPP,0,1,1
2835,2014-08-23,2014-08-23,1,1,53.48328,-2.43735,53.48328,53.48328,-2.43735,-2.43735,1.94,1.94,SNPP,0,0,1
2836,2014-08-24,2014-08-24,1,2,51.44063,-1.3486,51.4396,51.44166,-1.34997,-1.34724,1.47,2.71,SNPP,0,2,1
2837,2014-08-24,2014-08-24,1,1,51.48243,0.24245,51.48243,51.48243,0.24245,0.24245,0.83,0.83,SNPP,0,1,1
2838,2014-08-25,2014-08-25,1,1,56.7723,-2.78284,56.7723,56.7723,-2.78284,-2.78284,2.52,2.52,SNPP,0,0,1
2839,2014-08-26,2014-08-26,1,1,50.88144,-2.11339,50.88144,50.88144,-2.11339,-2.11339,1.74,1.74,SNPP,0,0,1
2840,2014-08-27,2014-08-27,1,2,51.20023,-1.38028,51.1992,51.20126,-1.38062,-1.37993,0.97,1.45,SNPP,0,2,1
2841,2014-08-27,2014-08-27,1,1,52.30465,-2.01551,52.30465,52.30465,-2.01551,-2.01551,0.59,0.59,SNPP,0,1,1
2842,2014-08-27,2014-08-27,1,1,52.19687,1.40992,52.19687,52.19687,1.40992,1.40992,4.18,4.18,SNPP,0,0,1
2843,2014-08-27,2014-08-27,1,1,52.34105,0.7915,52.34105,52.34105,0.7915,0.7915,9.22,9.22,SNPP,0,0,1
2844,2014-08-27,2014-08-27,1,1,55.85178,-2.93642,55.85178,55.85178,-2.93642,-2.93642,3.34,3.34,SNPP,0,0,1
2845,2014-08-27,2014-08-27,1,1,55.86524,-3.69968,55.86524,55.86524,-3.69968,-3.69968,2.28,2.28,SNPP,0,0,1
2846,2014-08-27,2014-08-27,1,1,55.87589,-4.21733,55.87589,55.87589,-4.21733,-4.21733,2.1,2.1,SNPP,0,0,1
2847,2014-08-28,2014-08-28,1,1,53.05504,-2.41377,53.05504,53.05504,-2.41377,-2.41377,1.97,1.97,SNPP,0,0,1
2848,2014-08-29,2014-08-29,1,3,51.45456,-1.75599,51.4527,51.45612,-1.75815,-1.75281,3.4,5.59,SNPP,0,3,1
2849,2014-08-29,2014-08-29,1,2,51.46812,-2.15184,51.46639,51.46986,-2.1524,-2.15128,5.25,6.63,SNPP,0,2,1
2850,2014-08-29,2014-08-29,1,2,51.66386,0.34945,51.66262,51.66511,0.34904,0.34986,0.91,1.79,SNPP,0,2,1
2851,2014-08-30,2014-08-30,1,1,54.97018,-1.48571,54.97018,54.97018,-1.48571,-1.48571,0.7,0.7,SNPP,0,1,1
2852,2014-08-30,2014-08-30,1,1,52.64075,-2.76209,52.64075,52.64075,-2.76209,-2.76209,0.59,0.59,SNPP,0,1,1
2853,2014-09-01,2014-09-01,1,3,52.39726,-0.17747,52.39706,52.39758,-0.18001,-0.17339,2.97,7.71,SNPP,0,3,1
2854,2014-09-01,2014-09-05,4,7,51.66431,0.34923,51.66192,51.66629,0.34776,0.35082,1.01,5.15,SNPP,0,7,5
2855,2014-09-01,2014-09-01,1,2,50.70459,-2.15112,50.70271,50.70647,-2.15219,-2.15006,10.71,13.98,SNPP,0,2,1
2856,2014-09-02,2014-09-02,1,2,53.44618,-0.80593,53.44563,53.44672,-0.8089,-0.80296,1.34,2.68,SNPP,0,2,1
2857,2014-09-02,2014-09-02,1,1,51.60769,-1.67448,51.60769,51.60769,-1.67448,-1.67448,0.44,0.44,SNPP,0,1,1
2858,2014-09-02,2014-09-02,1,1,52.11649,-0.29154,52.11649,52.11649,-0.29154,-0.29154,3.79,3.79,SNPP,0,0,1
2859,2014-09-02,2014-09-02,1,1,55.94987,-2.4031,55.94987,55.94987,-2.4031,-2.4031,4.38,4.38,SNPP,0,0,1
2860,2014-09-03,2014-09-03,1,1,52.73866,-0.04591,52.73866,52.73866,-0.04591,-0.04591,0.92,0.92,SNPP,0,1,1
2861,2014-09-03,2014-09-03,1,1,51.24346,-0.15247,51.24346,51.24346,-0.15247,-0.15247,0.35,0.35,SNPP,0,1,1
2862,2014-09-04,2014-09-04,1,1,53.44781,-1.45597,53.44781,53.44781,-1.45597,-1.45597,3.38,3.38,SNPP,0,1,1
2863,2014-09-04,2014-09-04,1,1,50.97039,-0.14691,50.97039,50.97039,-0.14691,-0.14691,1.11,1.11,SNPP,0,1,1
2864,2014-09-04,2014-09-04,1,1,50.49872,-4.03641,50.49872,50.49872,-4.03641,-4.03641,2.38,2.38,SNPP,0,0,1
2865,2014-09-06,2014-09-06,1,1,54.84172,-5.78597,54.84172,54.84172,-5.78597,-5.78597,0.79,0.79,SNPP,0,1,1
2866,2014-09-06,2014-09-06,1,1,51.04243,-2.41227,51.04243,51.04243,-2.41227,-2.41227,4.38,4.38,SNPP,0,0,1
2867,2014-09-06,2014-09-06,1,1,51.05632,-2.45455,51.05632,51.05632,-2.45455,-2.45455,4.51,4.51,SNPP,0,0,1
2868,2014-09-06,2014-09-06,1,1,51.62761,-2.10444,51.62761,51.62761,-2.10444,-2.10444,2.24,2.24,SNPP,0,0,1
2869,2014-09-06,2014-09-06,1,1,54.70839,-2.81425,54.70839,54.70839,-2.81425,-2.81425,2.91,2.91,SNPP,0,0,1
2870,2014-09-07,2014-09-07,1,2,51.87488,0.60993,51.87466,51.8751,0.6073,0.61257,1.77,3.49,SNPP,0,2,1
2871,2014-09-07,2014-09-07,1,1,54.69278,-1.43322,54.69278,54.69278,-1.43322,-1.43322,0.53,0.53,SNPP,0,1,1
2872,2014-09-07,2014-09-07,1,1,51.04544,-0.42619,51.04544,51.04544,-0.42619,-0.42619,0.66,0.66,SNPP,0,1,1
2873,2014-09-07,2014-09-07,1,2,51.76375,-4.97856,51.76303,51.76447,-4.98151,-4.97561,3.45,6.66,SNPP,0,0,1
2874,2014-09-07,2014-09-07,1,1,52.56003,-3.69389,52.56003,52.56003,-3.69389,-3.69389,2.0,2.0,SNPP,0,0,1
2875,2014-09-08,2014-09-08,1,1,51.02851,-3.50193,51.02851,51.02851,-3.50193,-3.50193,0.96,0.96,SNPP,0,1,1
2876,2014-09-08,2014-09-08,1,1,51.10686,-2.75771,51.10686,51.10686,-2.75771,-2.75771,1.08,1.08,SNPP,0,1,1
2877,2014-09-08,2014-09-14,5,5,51.66293,0.34907,51.66257,51.66322,0.34729,0.35062,1.05,3.8,SNPP,0,5,7
2878,2014-09-08,2014-09-08,1,1,52.67447,-0.18829,52.67447,52.67447,-0.18829,-0.18829,0.65,0.65,SNPP,0,1,1
2879,2014-09-08,2014-09-08,1,2,50.90916,-0.60925,50.90836,50.90995,-0.61239,-0.60611,3.17,5.53,SNPP,0,0,1
2880,2014-09-08,2014-09-08,1,1,50.97424,-1.08283,50.97424,50.97424,-1.08283,-1.08283,2.6,2.6,SNPP,0,0,1
2881,2014-09-08,2014-09-08,1,2,51.23236,-1.06494,51.23197,51.23274,-1.0667,-1.06318,2.78,5.02,SNPP,0,0,1
2882,2014-09-08,2014-09-08,1,2,51.26556,-1.24414,51.26548,51.26564,-1.2469,-1.24138,4.37,8.74,SNPP,0,0,1
2883,2014-09-09,2014-09-09,1,1,50.95012,-3.0178,50.95012,50.95012,-3.0178,-3.0178,2.7,2.7,SNPP,0,1,1
2884,2014-09-09,2014-09-09,1,1,52.17389,-1.83265,52.17389,52.17389,-1.83265,-1.83265,1.95,1.95,SNPP,0,0,1
2885,2014-09-09,2014-09-09,1,1,52.77361,-2.45071,52.77361,52.77361,-2.45071,-2.45071,4.9,4.9,SNPP,0,0,1
2886,2014-09-10,2014-09-10,1,2,52.06922,-2.61014,52.06893,52.06951,-2.61031,-2.60997,2.56,4.42,SNPP,0,2,1
2887,2014-09-10,2014-09-10,1,3,53.42508,-0.16691,53.42268,53.42698,-0.16737,-0.16635,0.66,1.73,SNPP,0,3,1
2888,2014-09-10,2014-09-10,1,1,51.50314,-1.7716,51.50314,51.50314,-1.7716,-1.7716,0.37,0.37,SNPP,0,1,1
2889,2014-09-10,2014-09-10,1,1,52.55822,-3.69338,52.55822,52.55822,-3.69338,-3.69338,2.69,2.69,SNPP,0,0,1
2890,2014-09-10,2014-09-10,1,3,53.41753,-4.4047,53.41613,53.41952,-4.40756,-4.40019,2.34,6.62,SNPP,0,0,1
2891,2014-09-10,2014-09-10,1,2,54.43021,-7.30804,54.42858,54.43184,-7.30876,-7.30733,3.01,5.4,SNPP,0,0,1
2892,2014-09-10,2014-09-10,1,1,54.44504,-5.9228,54.44504,54.44504,-5.9228,-5.9228,1.94,1.94,SNPP,0,0,1
2893,2014-09-10,2014-09-10,1,5,54.82475,-7.14347,54.82126,54.82868,-7.1483,-7.13781,6.82,30.38,SNPP,0,0,1
2894,2014-09-10,2014-09-10,1,2,56.49232,-3.11721,56.4915,56.49314,-3.11725,-3.11717,4.42,7.97,SNPP,0,0,1
2895,2014-09-11,2014-09-11,1,1,53.11987,-2.79326,53.11987,53.11987,-2.79326,-2.79326,2.38,2.38,SNPP,0,1,1
2896,2014-09-11,2014-09-11,1,1,53.53344,-2.17083,53.53344,53.53344,-2.17083,-2.17083,1.32,1.32,SNPP,0,1,1
2897,2014-09-11,2014-09-11,1,1,50.71342,-4.50399,50.71342,50.71342,-4.50399,-4.50399,4.04,4.04,SNPP,0,0,1
2898,2014-09-11,2014-09-11,1,1,51.76199,-4.03277,51.76199,51.76199,-4.03277,-4.03277,2.55,2.55,SNPP,0,0,1
2899,2014-09-11,2014-09-11,1,1,52.50386,-1.62794,52.50386,52.50386,-1.62794,-1.62794,1.33,1.33,SNPP,0,0,1
2900,2014-09-11,2014-09-11,1,1,56.43126,-2.88454,56.43126,56.43126,-2.88454,-2.88454,21.63,21.63,SNPP,0,0,1
2901,2014-09-12,2014-09-12,1,1,50.13874,-5.44869,50.13874,50.13874,-5.44869,-5.44869,0.46,0.46,SNPP,0,1,1
2902,2014-09-12,2014-09-12,1,1,51.58871,0.49866,51.58871,51.58871,0.49866,0.49866,1.88,1.88,SNPP,0,0,1
2903,2014-09-12,2014-09-12,1,1,52.76264,0.16682,52.76264,52.76264,0.16682,0.16682,2.03,2.03,SNPP,0,0,1
2904,2014-09-12,2014-09-12,1,1,52.79523,-0.11403,52.79523,52.79523,-0.11403,-0.11403,1.17,1.17,SNPP,0,0,1
2905,2014-09-13,2014-09-13,1,2,52.39055,1.1023,52.38887,52.39223,1.10144,1.10317,3.06,6.12,SNPP,0,2,1
2906,2014-09-13,2014-09-13,1,1,54.44524,-6.73471,54.44524,54.44524,-6.73471,-6.73471,0.99,0.99,SNPP,0,1,1
2907,2014-09-13,2014-09-13,1,1,51.12623,0.30399,51.12623,51.12623,0.30399,0.30399,3.2,3.2,SNPP,0,0,1
2908,2014-09-13,2014-09-13,1,1,52.82655,-0.27993,52.82655,52.82655,-0.27993,-0.27993,5.19,5.19,SNPP,0,0,1
2909,2014-09-14,2014-09-14,1,1,51.34961,-2.32754,51.34961,51.34961,-2.32754,-2.32754,0.73,0.73,SNPP,0,1,1
2910,2014-09-14,2014-09-14,1,1,57.3708,-2.1696,57.3708,57.3708,-2.1696,-2.1696,3.93,3.93,SNPP,0,0,1
2911,2014-09-15,2014-09-15,1,1,51.17421,1.39278,51.17421,51.17421,1.39278,1.39278,4.49,4.49,SNPP,0,0,1
2912,2014-09-16,2014-09-16,1,3,52.65648,0.97538,52.65599,52.65698,0.9716,0.97892,1.15,2.6,SNPP,0,3,1
2913,2014-09-16,2014-09-16,1,1,51.16356,-3.45122,51.16356,51.16356,-3.45122,-3.45122,2.75,2.75,SNPP,0,0,1
2914,2014-09-16,2014-09-16,1,1,52.29892,-0.39722,52.29892,52.29892,-0.39722,-0.39722,3.57,3.57,SNPP,0,0,1
2915,2014-09-16,2014-09-16,1,1,52.65534,0.40032,52.65534,52.65534,0.40032,0.40032,1.88,1.88,SNPP,0,0,1
2916,2014-09-16,2014-09-16,1,2,52.9715,-2.45165,52.97114,52.97186,-2.45295,-2.45035,2.75,5.42,SNPP,0,0,1
2917,2014-09-17,2014-09-17,1,1,51.24402,-0.15237,51.24402,51.24402,-0.15237,-0.15237,0.21,0.21,SNPP,0,1,1
2918,2014-09-17,2014-09-17,1,1,52.00348,-2.00349,52.00348,52.00348,-2.00349,-2.00349,3.13,3.13,SNPP,0,0,1
2919,2014-09-17,2014-09-17,1,1,52.30203,-1.38155,52.30203,52.30203,-1.38155,-1.38155,1.3,1.3,SNPP,0,0,1
2920,2014-09-18,2014-09-18,1,1,52.72651,-2.44597,52.72651,52.72651,-2.44597,-2.44597,5.91,5.91,SNPP,0,0,1
2921,2014-09-18,2014-09-18,1,2,52.03055,-1.91754,52.03053,52.03057,-1.9182,-1.91689,6.37,11.82,SNPP,0,0,1
2922,2014-09-20,2014-09-20,1,1,50.96603,0.26956,50.96603,50.96603,0.26956,0.26956,2.47,2.47,SNPP,0,0,1
2923,2014-09-20,2014-09-20,1,1,56.58413,-6.24765,56.58413,56.58413,-6.24765,-6.24765,1.67,1.67,SNPP,0,0,1
2924,2014-09-21,2014-09-21,1,2,55.17578,-4.92127,55.17451,55.17704,-4.92309,-4.91946,0.83,1.66,SNPP,0,2,1
2925,2014-09-21,2014-09-21,1,1,53.34539,-2.96965,53.34539,53.34539,-2.96965,-2.96965,1.53,1.53,SNPP,0,1,1
2926,2014-09-21,2014-09-21,1,1,54.60961,-6.18531,54.60961,54.60961,-6.18531,-6.18531,2.87,2.87,SNPP,0,0,1
2927,2014-09-22,2014-09-22,1,2,51.35282,-2.14601,51.35203,51.35361,-2.14682,-2.1452,1.06,1.59,SNPP,0,2,1
2928,2014-09-22,2014-09-22,1,1,51.66393,0.34869,51.66393,51.66393,0.34869,0.34869,0.46,0.46,SNPP,0,1,1
2929,2014-09-22,2014-09-22,1,1,51.85509,-5.02984,51.85509,51.85509,-5.02984,-5.02984,1.31,1.31,SNPP,0,0,1
2930,2014-09-22,2014-09-22,1,1,52.35223,-1.8807,52.35223,52.35223,-1.8807,-1.8807,1.51,1.51,SNPP,0,0,1
2931,2014-09-22,2014-09-22,1,1,52.41033,-1.23515,52.41033,52.41033,-1.23515,-1.23515,4.61,4.61,SNPP,0,0,1
2932,2014-09-22,2014-09-22,1,1,52.8503,-1.72488,52.8503,52.8503,-1.72488,-1.72488,3.15,3.15,SNPP,0,0,1
2933,2014-09-22,2014-09-22,1,1,53.33908,-2.80666,53.33908,53.33908,-2.80666,-2.80666,2.76,2.76,SNPP,0,0,1
2934,2014-09-22,2014-09-22,1,1,54.6968,-4.39949,54.6968,54.6968,-4.39949,-4.39949,1.85,1.85,SNPP,0,0,1
2935,2014-09-22,2014-09-22,1,1,54.81966,-6.36568,54.81966,54.81966,-6.36568,-6.36568,3.52,3.52,SNPP,0,0,1
2936,2014-09-22,2014-09-22,1,1,54.8434,-4.16226,54.8434,54.8434,-4.16226,-4.16226,4.25,4.25,SNPP,0,0,1
2937,2014-09-22,2014-09-22,1,1,55.30397,-4.70277,55.30397,55.30397,-4.70277,-4.70277,3.77,3.77,SNPP,0,0,1
2938,2014-09-22,2014-09-22,1,2,54.54738,-7.02186,54.54723,54.54752,-7.02242,-7.0213,17.96,30.8,SNPP,2,0,1
2939,2014-09-23,2014-09-23,1,1,55.00206,-1.52331,55.00206,55.00206,-1.52331,-1.52331,0.88,0.88,SNPP,0,1,1
2940,2014-09-23,2014-09-23,1,3,52.36427,-1.53997,52.36335,52.36481,-1.54156,-1.53867,1.31,3.2,SNPP,0,3,1
2941,2014-09-23,2014-09-23,1,2,51.24376,-0.15547,51.24376,51.24376,-0.15559,-0.15535,0.58,1.05,SNPP,0,2,1
2942,2014-09-23,2014-09-23,1,1,51.85632,-1.53307,51.85632,51.85632,-1.53307,-1.53307,0.63,0.63,SNPP,0,1,1
2943,2014-09-23,2014-09-23,1,1,52.96915,-0.09303,52.96915,52.96915,-0.09303,-0.09303,1.01,1.01,SNPP,0,1,1
2944,2014-09-24,2014-09-24,1,1,52.27846,-0.27326,52.27846,52.27846,-0.27326,-0.27326,0.57,0.57,SNPP,0,1,1
2945,2014-09-24,2014-09-24,1,1,55.22903,-3.95294,55.22903,55.22903,-3.95294,-3.95294,5.95,5.95,SNPP,0,0,1
2946,2014-09-24,2014-09-24,1,1,51.06086,1.00741,51.06086,51.06086,1.00741,1.00741,4.83,4.83,SNPP,0,0,1
2947,2014-09-25,2014-09-25,1,1,51.66532,0.3473,51.66532,51.66532,0.3473,0.3473,0.77,0.77,SNPP,0,1,1
2948,2014-09-25,2014-09-25,1,1,52.44323,-0.41174,52.44323,52.44323,-0.41174,-0.41174,2.68,2.68,SNPP,0,0,1
2949,2014-09-26,2014-09-26,1,1,50.88234,-1.07668,50.88234,50.88234,-1.07668,-1.07668,0.71,0.71,SNPP,0,1,1
2950,2014-09-26,2014-09-26,1,2,57.66435,-3.12148,57.66325,57.66545,-3.1217,-3.12125,2.39,4.63,SNPP,0,0,1
2951,2014-09-26,2014-09-26,1,1,54.44922,-5.98438,54.44922,54.44922,-5.98438,-5.98438,2.67,2.67,SNPP,0,0,1
2952,2014-09-27,2014-09-27,1,1,53.69813,-1.44556,53.69813,53.69813,-1.44556,-1.44556,0.8,0.8,SNPP,0,1,1
2953,2014-09-27,2014-09-27,1,1,50.91059,-1.33759,50.91059,50.91059,-1.33759,-1.33759,0.85,0.85,SNPP,0,1,1
2954,2014-09-27,2014-09-27,1,1,53.30419,-4.65526,53.30419,53.30419,-4.65526,-4.65526,3.64,3.64,SNPP,0,0,1
2955,2014-09-28,2014-09-28,1,1,52.61979,-2.98139,52.61979,52.61979,-2.98139,-2.98139,10.63,10.63,SNPP,0,0,1
2956,2014-09-29,2014-09-29,1,1,52.54211,0.26069,52.54211,52.54211,0.26069,0.26069,1.02,1.02,SNPP,0,1,1
2957,2014-09-29,2014-09-29,1,1,51.9197,0.09559,51.9197,51.9197,0.09559,0.09559,1.15,1.15,SNPP,0,1,1
2958,2014-09-30,2014-09-30,1,1,51.04786,-2.91101,51.04786,51.04786,-2.91101,-2.91101,0.71,0.71,SNPP,0,1,1
2959,2014-09-30,2014-09-30,1,1,51.27328,-2.80867,51.27328,51.27328,-2.80867,-2.80867,0.95,0.95,SNPP,0,1,1
2960,2014-09-30,2014-10-02,2,3,50.87259,-1.9213,50.86973,50.87503,-1.92726,-1.91057,2.94,7.81,SNPP,0,0,3
2961,2014-09-30,2014-09-30,1,2,51.65848,-2.49501,51.65828,51.65869,-2.49602,-2.494,1.51,2.91,SNPP,0,0,1
2962,2014-09-30,2014-09-30,1,1,55.72881,-2.76221,55.72881,55.72881,-2.76221,-2.76221,2.81,2.81,SNPP,0,0,1
2963,2014-09-30,2014-09-30,1,1,51.3632,-0.56329,51.3632,51.3632,-0.56329,-0.56329,7.99,7.99,SNPP,0,0,1
2964,2014-10-01,2014-10-01,1,1,54.2468,-1.75449,54.2468,54.2468,-1.75449,-1.75449,3.28,3.28,SNPP,0,0,1
2965,2014-10-01,2014-10-01,1,2,54.39198,-6.94182,54.3903,54.39365,-6.94247,-6.94116,8.41,12.91,SNPP,0,0,1
2966,2014-10-01,2014-10-01,1,2,56.42682,-2.9141,56.42491,56.42874,-2.91474,-2.91347,9.27,18.54,SNPP,0,0,1
2967,2014-10-02,2014-10-02,1,2,54.61414,-1.19765,54.6132,54.61507,-1.20172,-1.19359,7.05,13.57,SNPP,0,0,1
2968,2014-10-02,2014-10-02,1,1,56.937,-2.79542,56.937,56.937,-2.79542,-2.79542,2.71,2.71,SNPP,0,0,1
2969,2014-10-02,2014-10-02,1,1,50.29649,-4.02912,50.29649,50.29649,-4.02912,-4.02912,4.63,4.63,SNPP,0,0,1
2970,2014-10-02,2014-10-02,1,1,52.8079,-2.62126,52.8079,52.8079,-2.62126,-2.62126,3.43,3.43,SNPP,0,0,1
2971,2014-10-02,2014-10-02,1,1,52.96882,-2.4502,52.96882,52.96882,-2.4502,-2.4502,1.61,1.61,SNPP,0,0,1
2972,2014-10-02,2014-10-02,1,1,54.34698,-0.92247,54.34698,54.34698,-0.92247,-0.92247,1.75,1.75,SNPP,0,0,1
2973,2014-10-02,2014-10-02,1,1,54.36185,-1.88925,54.36185,54.36185,-1.88925,-1.88925,2.87,2.87,SNPP,0,0,1
2974,2014-10-02,2014-10-02,1,1,54.4851,-2.62384,54.4851,54.4851,-2.62384,-2.62384,1.96,1.96,SNPP,0,0,1
2975,2014-10-02,2014-10-02,1,1,54.98923,-1.88751,54.98923,54.98923,-1.88751,-1.88751,3.15,3.15,SNPP,0,0,1
2976,2014-10-02,2014-10-02,1,1,55.04931,-6.66816,55.04931,55.04931,-6.66816,-6.66816,3.1,3.1,SNPP,0,0,1
2977,2014-10-03,2014-10-03,1,2,52.53636,0.08202,52.53615,52.53656,0.081,0.08304,0.87,1.48,SNPP,0,2,1
2978,2014-10-03,2014-10-03,1,1,50.81474,-0.57359,50.81474,50.81474,-0.57359,-0.57359,3.47,3.47,SNPP,0,0,1
2979,2014-10-03,2014-10-03,1,1,51.12819,-0.91761,51.12819,51.12819,-0.91761,-0.91761,2.73,2.73,SNPP,0,0,1
2980,2014-10-03,2014-10-03,1,3,51.13075,-0.79553,51.12823,51.13251,-0.7979,-0.79229,5.04,15.12,SNPP,0,0,1
2981,2014-10-03,2014-10-03,1,1,51.89256,1.22313,51.89256,51.89256,1.22313,1.22313,2.1,2.1,SNPP,0,0,1
2982,2014-10-04,2014-10-04,1,1,51.24383,-0.15325,51.24383,51.24383,-0.15325,-0.15325,0.59,0.59,SNPP,0,1,1
2983,2014-10-04,2014-10-04,1,1,51.45154,0.63097,51.45154,51.45154,0.63097,0.63097,1.81,1.81,SNPP,0,1,1
2984,2014-10-05,2014-10-05,1,1,52.41719,1.08079,52.41719,52.41719,1.08079,1.08079,2.66,2.66,SNPP,0,0,1
2985,2014-10-05,2014-10-05,1,1,54.36716,-1.21133,54.36716,54.36716,-1.21133,-1.21133,2.51,2.51,SNPP,0,0,1
2986,2014-10-06,2014-10-06,1,1,50.61167,-3.81042,50.61167,50.61167,-3.81042,-3.81042,2.94,2.94,SNPP,0,0,1
2987,2014-10-07,2014-10-07,1,2,51.36894,-0.89304,51.36876,51.36911,-0.89372,-0.89236,3.09,5.6,SNPP,0,0,1
2988,2014-10-08,2014-10-08,1,1,51.26522,0.94223,51.26522,51.26522,0.94223,0.94223,4.28,4.28,SNPP,0,0,1
2989,2014-10-09,2014-10-10,2,2,51.36338,-0.55946,51.36261,51.36416,-0.56084,-0.55809,0.63,1.17,SNPP,0,2,2
2990,2014-10-09,2014-10-09,1,1,52.96857,-2.45359,52.96857,52.96857,-2.45359,-2.45359,5.24,5.24,SNPP,0,1,1
2991,2014-10-09,2014-10-12,4,5,53.28227,-2.79376,53.28048,53.28359,-2.79794,-2.79064,1.33,4.54,SNPP,0,5,4
2992,2014-10-09,2014-10-10,2,2,51.24438,-0.15382,51.24434,51.24441,-0.15625,-0.15139,0.4,0.77,SNPP,0,2,2
2993,2014-10-10,2014-10-10,1,1,52.27661,-2.27624,52.27661,52.27661,-2.27624,-2.27624,0.59,0.59,SNPP,0,1,1
2994,2014-10-10,2014-10-10,1,2,50.90243,-4.08677,50.90182,50.90304,-4.08705,-4.0865,6.07,11.0,SNPP,0,0,1
2995,2014-10-11,2014-10-11,1,1,53.9511,-0.92407,53.9511,53.9511,-0.92407,-0.92407,0.53,0.53,SNPP,0,1,1
2996,2014-10-12,2014-10-12,1,2,53.54232,-2.77512,53.54107,53.54356,-2.77664,-2.77361,1.27,1.91,SNPP,0,2,1
2997,2014-10-12,2014-10-12,1,1,51.15981,0.29534,51.15981,51.15981,0.29534,0.29534,1.15,1.15,SNPP,0,1,1
2998,2014-10-12,2014-10-12,1,2,53.37536,-1.6037,53.37481,53.37592,-1.60615,-1.60126,6.53,10.61,SNPP,0,0,1
2999,2014-10-13,2014-10-13,1,3,54.03714,-1.56411,54.0364,54.03772,-1.56417,-1.56403,1.19,1.95,SNPP,0,3,1
3000,2014-10-14,2014-10-14,1,1,52.20049,1.40886,52.20049,52.20049,1.40886,1.40886,2.66,2.66,SNPP,0,0,1
3001,2014-10-15,2014-10-15,1,2,52.94166,0.96926,52.94022,52.9431,0.9678,0.97072,1.81,2.8,SNPP,0,2,1
3002,2014-10-15,2014-10-15,1,1,52.69559,0.76058,52.69559,52.69559,0.76058,0.76058,2.63,2.63,SNPP,0,1,1
3003,2014-10-17,2014-10-17,1,2,52.42154,1.08978,52.42115,52.42192,1.08628,1.09329,2.12,3.7,SNPP,0,2,1
3004,2014-10-17,2014-10-17,1,1,52.78518,-2.3285,52.78518,52.78518,-2.3285,-2.3285,1.92,1.92,SNPP,0,1,1
3005,2014-10-19,2014-10-19,1,1,52.22213,-1.40979,52.22213,52.22213,-1.40979,-1.40979,5.66,5.66,SNPP,0,0,1
3006,2014-10-20,2014-10-22,3,12,52.9846,-0.44192,52.98029,52.98761,-0.44844,-0.43439,45.99,185.84,SNPP,1,10,3
3007,2014-10-20,2014-10-20,1,1,52.70329,0.47519,52.70329,52.70329,0.47519,0.47519,0.24,0.24,SNPP,0,1,1
3008,2014-10-21,2014-10-21,1,1,50.37615,-3.6167,50.37615,50.37615,-3.6167,-3.6167,2.91,2.91,SNPP,0,0,1
3009,2014-10-22,2014-10-22,1,1,51.24265,-0.15197,51.24265,51.24265,-0.15197,-0.15197,0.42,0.42,SNPP,0,1,1
3010,2014-10-27,2014-10-27,1,1,51.32656,0.03526,51.32656,51.32656,0.03526,0.03526,4.01,4.01,SNPP,0,0,1
3011,2014-10-27,2014-10-27,1,2,51.69504,-1.04096,51.69377,51.69632,-1.04116,-1.04077,3.88,7.53,SNPP,0,0,1
3012,2014-10-28,2014-10-28,1,2,51.26691,-2.43894,51.26667,51.26715,-2.44244,-2.43544,0.73,1.46,SNPP,0,2,1
3013,2014-10-31,2014-10-31,1,1,52.51843,0.31799,52.51843,52.51843,0.31799,0.31799,3.91,3.91,SNPP,0,0,1
3014,2014-11-01,2014-11-01,1,1,52.4374,0.94291,52.4374,52.4374,0.94291,0.94291,0.54,0.54,SNPP,0,1,1
3015,2014-11-01,2014-11-01,1,1,50.96782,-0.67079,50.96782,50.96782,-0.67079,-0.67079,0.33,0.33,SNPP,0,1,1
3016,2014-11-01,2014-11-01,1,1,51.41965,0.20016,51.41965,51.41965,0.20016,0.20016,0.62,0.62,SNPP,0,1,1
3017,2014-11-01,2014-11-01,1,1,52.02623,-0.18119,52.02623,52.02623,-0.18119,-0.18119,1.18,1.18,SNPP,0,1,1
3018,2014-11-01,2014-11-01,1,3,52.62136,0.73224,52.62088,52.62169,0.72925,0.7344,14.54,30.44,SNPP,1,0,1
3019,2014-11-01,2014-11-01,1,1,54.38109,-1.2323,54.38109,54.38109,-1.2323,-1.2323,6.82,6.82,SNPP,0,0,1
3020,2014-11-01,2014-11-01,1,1,53.60647,-0.72262,53.60647,53.60647,-0.72262,-0.72262,4.69,4.69,SNPP,0,0,1
3021,2014-11-02,2014-11-02,1,1,51.13284,0.83035,51.13284,51.13284,0.83035,0.83035,0.95,0.95,SNPP,0,1,1
3022,2014-11-02,2014-11-03,2,2,53.02859,-2.37317,53.02813,53.02905,-2.37438,-2.37196,5.56,7.19,SNPP,0,1,2
3023,2014-11-03,2014-11-03,1,1,52.90279,-0.61462,52.90279,52.90279,-0.61462,-0.61462,2.26,2.26,SNPP,0,0,1
3024,2014-11-04,2014-11-04,1,1,54.3548,-1.23683,54.3548,54.3548,-1.23683,-1.23683,2.19,2.19,SNPP,0,0,1
3025,2014-11-04,2014-11-04,1,1,54.39177,-1.26757,54.39177,54.39177,-1.26757,-1.26757,5.46,5.46,SNPP,0,0,1
3026,2014-11-05,2014-11-05,1,1,53.32405,-1.18239,53.32405,53.32405,-1.18239,-1.18239,1.71,1.71,SNPP,0,1,1
3027,2014-11-05,2014-11-05,1,1,53.49926,-1.04064,53.49926,53.49926,-1.04064,-1.04064,1.34,1.34,SNPP,0,1,1
3028,2014-11-05,2014-11-05,1,3,56.54561,-3.38672,56.5439,56.54716,-3.38895,-3.38383,2.53,4.39,SNPP,0,3,1
3029,2014-11-05,2014-11-05,1,1,53.35288,-2.5994,53.35288,53.35288,-2.5994,-2.5994,4.64,4.64,SNPP,0,0,1
3030,2014-11-05,2014-11-05,1,2,53.51971,-0.05404,53.51948,53.51994,-0.05414,-0.05394,4.65,8.79,SNPP,0,0,1
3031,2014-11-05,2014-11-05,1,1,51.10869,-2.75695,51.10869,51.10869,-2.75695,-2.75695,2.45,2.45,SNPP,0,0,1
3032,2014-11-06,2014-11-06,1,1,53.50715,-0.58828,53.50715,53.50715,-0.58828,-0.58828,0.43,0.43,SNPP,0,1,1
3033,2014-11-06,2014-11-06,1,2,53.64776,-1.18179,53.64735,53.64816,-1.18476,-1.17881,4.33,7.91,SNPP,0,2,1
3034,2014-11-06,2014-11-06,1,1,53.69061,-1.11154,53.69061,53.69061,-1.11154,-1.11154,0.63,0.63,SNPP,0,1,1
3035,2014-11-06,2014-11-06,1,1,53.71219,-1.16594,53.71219,53.71219,-1.16594,-1.16594,0.56,0.56,SNPP,0,1,1
3036,2014-11-06,2014-11-06,1,1,53.76106,-1.67976,53.76106,53.76106,-1.67976,-1.67976,2.55,2.55,SNPP,0,1,1
3037,2014-11-06,2014-11-06,1,1,53.83801,-0.43831,53.83801,53.83801,-0.43831,-0.43831,0.52,0.52,SNPP,0,1,1
3038,2014-11-06,2014-11-06,1,2,54.02457,-1.29238,54.02416,54.02498,-1.29542,-1.28935,1.13,1.83,SNPP,0,2,1
3039,2014-11-06,2014-11-06,1,3,50.68849,-2.16613,50.68647,50.68978,-2.16688,-2.16571,3.86,6.6,SNPP,0,3,1
3040,2014-11-06,2014-11-06,1,1,50.7586,-2.15215,50.7586,50.7586,-2.15215,-2.15215,0.49,0.49,SNPP,0,1,1
3041,2014-11-06,2014-11-06,1,4,50.87565,0.01294,50.86823,50.87972,0.00251,0.02141,1.53,4.01,SNPP,0,4,1
3042,2014-11-06,2014-11-06,1,1,51.6127,-3.28774,51.6127,51.6127,-3.28774,-3.28774,2.28,2.28,SNPP,0,1,1
3043,2014-11-06,2014-11-06,1,1,51.68107,0.47278,51.68107,51.68107,0.47278,0.47278,1.0,1.0,SNPP,0,1,1
3044,2014-11-06,2014-11-06,1,1,51.70432,0.28418,51.70432,51.70432,0.28418,0.28418,1.16,1.16,SNPP,0,1,1
3045,2014-11-06,2014-11-06,1,1,51.72701,0.60956,51.72701,51.72701,0.60956,0.60956,0.63,0.63,SNPP,0,1,1
3046,2014-11-06,2014-11-06,1,1,51.91126,-0.27302,51.91126,51.91126,-0.27302,-0.27302,0.7,0.7,SNPP,0,1,1
3047,2014-11-06,2014-11-06,1,1,51.91265,-0.671,51.91265,51.91265,-0.671,-0.671,0.4,0.4,SNPP,0,1,1
3048,2014-11-06,2014-11-06,1,1,51.94719,-0.76324,51.94719,51.94719,-0.76324,-0.76324,2.81,2.81,SNPP,0,1,1
3049,2014-11-06,2014-11-06,1,1,52.10629,1.08799,52.10629,52.10629,1.08799,1.08799,2.23,2.23,SNPP,0,1,1
3050,2014-11-06,2014-11-06,1,1,52.13937,-0.33244,52.13937,52.13937,-0.33244,-0.33244,0.61,0.61,SNPP,0,1,1
3051,2014-11-06,2014-11-06,1,1,52.31776,0.70066,52.31776,52.31776,0.70066,0.70066,0.63,0.63,SNPP,0,1,1
3052,2014-11-06,2014-11-06,1,2,52.36,-1.36248,52.35835,52.36166,-1.36311,-1.36185,2.04,4.08,SNPP,0,2,1
3053,2014-11-06,2014-11-06,1,1,52.37847,0.47191,52.37847,52.37847,0.47191,0.47191,0.58,0.58,SNPP,0,1,1
3054,2014-11-06,2014-11-08,2,3,52.4004,-1.38983,52.4003,52.40047,-1.39072,-1.38934,1.13,3.04,SNPP,0,3,3
3055,2014-11-06,2014-11-06,1,2,52.55204,-1.34315,52.55159,52.55249,-1.34371,-1.34259,1.43,2.22,SNPP,0,2,1
3056,2014-11-06,2014-11-06,1,1,52.89518,-1.28237,52.89518,52.89518,-1.28237,-1.28237,0.45,0.45,SNPP,0,1,1
3057,2014-11-06,2014-11-07,2,3,53.05905,-0.80169,53.05875,53.05923,-0.8049,-0.79836,6.08,13.18,SNPP,0,1,2
3058,2014-11-06,2014-11-06,1,1,53.28321,-0.02057,53.28321,53.28321,-0.02057,-0.02057,0.64,0.64,SNPP,0,1,1
3059,2014-11-06,2014-11-06,1,1,53.3759,-0.31713,53.3759,53.3759,-0.31713,-0.31713,1.24,1.24,SNPP,0,1,1
3060,2014-11-06,2014-11-06,1,2,53.38752,-1.08192,53.38716,53.38789,-1.08237,-1.08148,1.62,2.59,SNPP,0,2,1
3061,2014-11-06,2014-11-06,1,1,53.42435,-0.86884,53.42435,53.42435,-0.86884,-0.86884,0.82,0.82,SNPP,0,1,1
3062,2014-11-06,2014-11-06,1,1,53.42617,-1.56641,53.42617,53.42617,-1.56641,-1.56641,3.41,3.41,SNPP,0,1,1
3063,2014-11-08,2014-11-08,1,1,50.99995,-1.53791,50.99995,50.99995,-1.53791,-1.53791,1.0,1.0,SNPP,0,1,1
3064,2014-11-08,2014-11-08,1,2,51.32946,-0.87834,51.32887,51.33006,-0.87896,-0.87771,1.02,1.94,SNPP,0,2,1
3065,2014-11-08,2014-11-08,1,3,51.81125,-0.48338,51.80859,51.81334,-0.48605,-0.48192,0.79,1.73,SNPP,0,3,1
3066,2014-11-08,2014-11-08,1,2,52.01888,-1.47582,52.01771,52.02005,-1.47725,-1.47439,1.54,2.3,SNPP,0,2,1
3067,2014-11-08,2014-11-08,1,1,52.08571,0.72679,52.08571,52.08571,0.72679,0.72679,0.62,0.62,SNPP,0,1,1
3068,2014-11-08,2014-11-08,1,2,52.1888,-1.8753,52.18842,52.18919,-1.8774,-1.87319,1.08,1.86,SNPP,0,2,1
3069,2014-11-08,2014-11-08,1,2,52.3257,0.22584,52.32535,52.32606,0.2254,0.22629,0.64,1.15,SNPP,0,2,1
3070,2014-11-08,2014-11-08,1,1,52.72911,-2.15938,52.72911,52.72911,-2.15938,-2.15938,1.22,1.22,SNPP,0,1,1
3071,2014-11-08,2014-11-08,1,1,52.88784,-2.85397,52.88784,52.88784,-2.85397,-2.85397,1.4,1.4,SNPP,0,1,1
3072,2014-11-08,2014-11-08,1,1,52.99436,-0.85466,52.99436,52.99436,-0.85466,-0.85466,1.73,1.73,SNPP,0,1,1
3073,2014-11-08,2014-11-08,1,2,53.07206,-1.34687,53.07127,53.07286,-1.34698,-1.34676,1.3,2.04,SNPP,0,2,1
3074,2014-11-08,2014-11-09,2,7,53.08236,-1.67849,53.08039,53.08485,-1.68136,-1.67705,4.29,17.71,SNPP,0,7,2
3075,2014-11-08,2014-11-08,1,1,54.19104,-0.28135,54.19104,54.19104,-0.28135,-0.28135,1.62,1.62,SNPP,0,1,1
3076,2014-11-08,2014-11-08,1,1,57.67605,-3.22036,57.67605,57.67605,-3.22036,-3.22036,2.53,2.53,SNPP,0,0,1
3077,2014-11-09,2014-11-09,1,1,52.33382,-1.86922,52.33382,52.33382,-1.86922,-1.86922,0.81,0.81,SNPP,0,1,1
3078,2014-11-09,2014-11-09,1,4,52.34167,-1.00076,52.33864,52.34424,-1.00382,-0.99788,1.99,6.32,SNPP,0,4,1
3079,2014-11-09,2014-11-09,1,1,52.36382,-1.99076,52.36382,52.36382,-1.99076,-1.99076,0.69,0.69,SNPP,0,1,1
3080,2014-11-09,2014-11-09,1,1,52.36731,-1.81309,52.36731,52.36731,-1.81309,-1.81309,0.78,0.78,SNPP,0,1,1
3081,2014-11-09,2014-11-09,1,1,52.40104,-2.15913,52.40104,52.40104,-2.15913,-2.15913,0.73,0.73,SNPP,0,1,1
3082,2014-11-09,2014-11-09,1,1,52.47763,-0.92502,52.47763,52.47763,-0.92502,-0.92502,0.65,0.65,SNPP,0,1,1
3083,2014-11-09,2014-11-09,1,1,52.50262,-1.62694,52.50262,52.50262,-1.62694,-1.62694,1.09,1.09,SNPP,0,1,1
3084,2014-11-09,2014-11-09,1,2,52.55533,-1.34416,52.55452,52.55614,-1.34431,-1.34401,1.61,2.36,SNPP,0,2,1
3085,2014-11-09,2014-11-09,1,3,52.66016,-1.72776,52.65971,52.66044,-1.73141,-1.72498,1.7,4.06,SNPP,0,3,1
3086,2014-11-09,2014-11-09,1,1,52.70649,0.21855,52.70649,52.70649,0.21855,0.21855,0.64,0.64,SNPP,0,1,1
3087,2014-11-09,2014-11-09,1,6,52.98676,-2.36697,52.98326,52.98925,-2.37199,-2.36339,2.4,10.08,SNPP,0,6,1
3088,2014-11-09,2014-11-09,1,1,52.99992,-1.7074,52.99992,52.99992,-1.7074,-1.7074,0.56,0.56,SNPP,0,1,1
3089,2014-11-09,2014-11-09,1,2,53.0136,-0.38852,53.01305,53.01416,-0.38982,-0.38721,1.32,1.6,SNPP,0,2,1
3090,2014-11-09,2014-11-09,1,1,53.19423,-1.21508,53.19423,53.19423,-1.21508,-1.21508,0.59,0.59,SNPP,0,1,1
3091,2014-11-09,2014-11-09,1,1,53.22409,-0.995,53.22409,53.22409,-0.995,-0.995,0.79,0.79,SNPP,0,1,1
3092,2014-11-09,2014-11-09,1,3,53.30829,-2.06117,53.30706,53.30894,-2.0657,-2.05816,1.49,3.57,SNPP,0,3,1
3093,2014-11-09,2014-11-09,1,1,53.49124,-1.0427,53.49124,53.49124,-1.0427,-1.0427,0.93,0.93,SNPP,0,1,1
3094,2014-11-09,2014-11-09,1,1,53.54416,-1.49475,53.54416,53.54416,-1.49475,-1.49475,0.79,0.79,SNPP,0,1,1
3095,2014-11-09,2014-11-09,1,2,53.689,-1.11164,53.68882,53.68917,-1.11263,-1.11064,0.48,0.94,SNPP,0,2,1
3096,2014-11-09,2014-11-09,1,3,53.77936,-1.24357,53.77774,53.78202,-1.24464,-1.24264,0.93,2.14,SNPP,0,3,1
3097,2014-11-09,2014-11-09,1,1,53.98027,-2.38035,53.98027,53.98027,-2.38035,-2.38035,1.24,1.24,SNPP,0,1,1
3098,2014-11-09,2014-11-09,1,2,54.04066,-1.18813,54.0398,54.04152,-1.1901,-1.18616,1.06,1.84,SNPP,0,2,1
3099,2014-11-09,2014-11-09,1,3,54.09873,-1.10617,54.09836,54.09924,-1.10637,-1.1058,1.47,2.94,SNPP,0,3,1
3100,2014-11-09,2014-11-09,1,2,53.52296,-2.05823,53.52271,53.52321,-2.05877,-2.0577,1.49,2.75,SNPP,0,2,1
3101,2014-11-09,2014-11-09,1,1,50.98157,-2.80171,50.98157,50.98157,-2.80171,-2.80171,1.14,1.14,SNPP,0,1,1
3102,2014-11-09,2014-11-09,1,1,52.63984,-2.67503,52.63984,52.63984,-2.67503,-2.67503,0.69,0.69,SNPP,0,1,1
3103,2014-11-10,2014-11-10,1,2,50.6914,-1.23901,50.69007,50.69274,-1.24021,-1.23781,3.05,4.79,SNPP,0,2,1
3104,2014-11-10,2014-11-10,1,1,51.4767,-0.68846,51.4767,51.4767,-0.68846,-0.68846,0.71,0.71,SNPP,0,1,1
3105,2014-11-12,2014-11-12,1,1,52.88729,-2.85509,52.88729,52.88729,-2.85509,-2.85509,2.67,2.67,SNPP,0,0,1
3106,2014-11-13,2014-11-13,1,1,51.0577,0.23054,51.0577,51.0577,0.23054,0.23054,4.35,4.35,SNPP,0,1,1
3107,2014-11-13,2014-11-13,1,1,51.16343,-0.26329,51.16343,51.16343,-0.26329,-0.26329,0.57,0.57,SNPP,0,1,1
3108,2014-11-15,2014-11-21,6,19,52.06633,0.06342,52.06043,52.06929,0.05571,0.07628,42.91,218.69,SNPP,2,12,7
3109,2014-11-15,2014-11-15,1,2,53.43393,-0.76387,53.43238,53.43548,-0.76493,-0.76281,1.76,2.36,SNPP,0,2,1
3110,2014-11-16,2014-11-16,1,1,53.54594,-2.5673,53.54594,53.54594,-2.5673,-2.5673,0.51,0.51,SNPP,0,1,1
3111,2014-11-20,2014-11-20,1,1,54.61169,-1.20062,54.61169,54.61169,-1.20062,-1.20062,11.26,11.26,SNPP,0,0,1
3112,2014-11-23,2014-11-23,1,2,55.9083,-4.61835,55.90737,55.90924,-4.6205,-4.6162,1.25,1.81,SNPP,0,2,1
3113,2014-11-24,2014-11-25,2,7,52.06716,0.06277,52.06507,52.06986,0.06008,0.06553,2.62,10.0,SNPP,0,7,2
3114,2014-12-03,2014-12-03,1,1,51.74663,-0.41327,51.74663,51.74663,-0.41327,-0.41327,0.63,0.63,SNPP,0,1,1
3115,2014-12-03,2014-12-03,1,1,52.50053,-1.95954,52.50053,52.50053,-1.95954,-1.95954,13.87,13.87,SNPP,1,1,1
3116,2014-12-06,2014-12-06,1,6,56.48914,-3.14079,56.48624,56.49088,-3.14613,-3.13749,2.75,10.26,SNPP,0,6,1
3117,2014-12-06,2014-12-06,1,1,54.05058,-0.96161,54.05058,54.05058,-0.96161,-0.96161,0.93,0.93,SNPP,0,1,1
3118,2014-12-08,2014-12-08,1,2,54.41458,-0.80502,54.41397,54.41519,-0.80664,-0.80341,4.94,8.38,SNPP,0,0,1
3119,2014-12-13,2014-12-14,2,6,51.62223,0.65753,51.62057,51.62397,0.65464,0.66327,4.62,17.67,SNPP,0,4,2
3120,2014-12-13,2014-12-13,1,1,52.47245,-1.45349,52.47245,52.47245,-1.45349,-1.45349,1.45,1.45,SNPP,0,0,1
3121,2014-12-14,2014-12-14,1,2,51.69918,-0.0646,51.69747,51.70088,-0.06516,-0.06403,1.58,3.16,SNPP,0,2,1
3122,2014-12-16,2014-12-16,1,1,55.65586,-2.09853,55.65586,55.65586,-2.09853,-2.09853,2.97,2.97,SNPP,0,0,1
3123,2014-12-16,2014-12-16,1,1,55.73595,-2.56874,55.73595,55.73595,-2.56874,-2.56874,4.91,4.91,SNPP,0,0,1
3124,2014-12-20,2014-12-20,1,1,54.38414,-0.87683,54.38414,54.38414,-0.87683,-0.87683,2.02,2.02,SNPP,0,0,1
3125,2014-12-20,2014-12-20,1,1,54.38426,-1.07477,54.38426,54.38426,-1.07477,-1.07477,4.43,4.43,SNPP,0,0,1
3126,2014-12-20,2014-12-20,1,2,54.47714,-0.93518,54.47689,54.47739,-0.93825,-0.93211,5.13,10.03,SNPP,0,0,1
3127,2014-12-27,2014-12-27,1,1,50.85392,-3.57598,50.85392,50.85392,-3.57598,-3.57598,4.18,4.18,SNPP,0,0,1
3128,2014-12-28,2014-12-28,1,1,51.76779,-3.36147,51.76779,51.76779,-3.36147,-3.36147,4.52,4.52,SNPP,0,1,1
3129,2014-12-29,2014-12-29,1,2,53.06481,-0.77587,53.0633,53.06632,-0.77643,-0.77531,1.81,3.1,SNPP,0,2,1
3130,2014-12-30,2014-12-30,1,1,53.06076,-0.80397,53.06076,53.06076,-0.80397,-0.80397,1.6,1.6,SNPP,0,1,1
3131,2014-12-30,2014-12-30,1,1,53.15479,-0.68316,53.15479,53.15479,-0.68316,-0.68316,1.48,1.48,SNPP,0,1,1
3132,2014-12-30,2014-12-30,1,1,51.83917,-0.71551,51.83917,51.83917,-0.71551,-0.71551,1.54,1.54,SNPP,0,0,1
3133,2014-12-31,2014-12-31,1,2,52.7077,-0.0107,52.70766,52.70775,-0.01155,-0.00985,4.2,5.83,SNPP,0,2,1
3134,2014-12-31,2015-01-02,2,2,53.9607,-1.18066,53.96066,53.96075,-1.18162,-1.17971,3.04,3.57,SNPP,0,1,3
3135,2015-01-02,2015-01-02,1,1,51.61167,-0.82642,51.61167,51.61167,-0.82642,-0.82642,1.91,1.91,SNPP,0,0,1
3136,2015-01-02,2015-01-02,1,1,55.67311,-2.79859,55.67311,55.67311,-2.79859,-2.79859,2.49,2.49,SNPP,0,0,1
3137,2015-01-04,2015-01-04,1,1,54.37681,-0.9482,54.37681,54.37681,-0.9482,-0.9482,4.58,4.58,SNPP,0,0,1
3138,2015-01-04,2015-01-05,2,5,54.38726,-1.25463,54.38324,54.39108,-1.25916,-1.24824,11.55,25.99,SNPP,0,0,2
3139,2015-01-04,2015-01-04,1,3,54.50558,-0.96974,54.50451,54.50657,-0.97422,-0.96449,10.13,18.49,SNPP,0,0,1
3140,2015-01-04,2015-01-04,1,1,56.9447,-2.79907,56.9447,56.9447,-2.79907,-2.79907,4.96,4.96,SNPP,0,0,1
3141,2015-01-04,2015-01-04,1,2,54.24528,-1.7758,54.24506,54.24551,-1.77608,-1.77552,3.89,7.42,SNPP,0,0,1
3142,2015-01-04,2015-01-04,1,1,54.33535,-0.97265,54.33535,54.33535,-0.97265,-0.97265,4.54,4.54,SNPP,0,0,1
3143,2015-01-04,2015-01-04,1,1,54.35796,-1.23354,54.35796,54.35796,-1.23354,-1.23354,5.35,5.35,SNPP,0,0,1
3144,2015-01-04,2015-01-04,1,1,54.36388,-0.76833,54.36388,54.36388,-0.76833,-0.76833,9.45,9.45,SNPP,0,0,1
3145,2015-01-04,2015-01-04,1,1,54.43576,-1.07015,54.43576,54.43576,-1.07015,-1.07015,8.93,8.93,SNPP,0,0,1
3146,2015-01-04,2015-01-04,1,2,54.50368,-1.05625,54.50221,54.50514,-1.05825,-1.05424,10.92,17.25,SNPP,0,0,1
3147,2015-01-05,2015-01-05,1,1,54.47663,-0.82888,54.47663,54.47663,-0.82888,-0.82888,7.06,7.06,SNPP,0,0,1
3148,2015-01-08,2015-01-08,1,3,54.49289,-1.03798,54.48963,54.49802,-1.04196,-1.0346,6.41,15.63,SNPP,0,0,1
3149,2015-01-08,2015-01-08,1,2,55.67292,-2.8128,55.6727,55.67314,-2.81329,-2.81232,3.74,6.27,SNPP,0,0,1
3150,2015-01-11,2015-01-11,1,1,54.8176,-1.61311,54.8176,54.8176,-1.61311,-1.61311,4.95,4.95,SNPP,0,1,1
3151,2015-01-16,2015-01-16,1,1,60.17445,-1.25103,60.17445,60.17445,-1.25103,-1.25103,0.94,0.94,SNPP,0,1,1
3152,2015-01-19,2015-01-19,1,1,54.61998,-1.18565,54.61998,54.61998,-1.18565,-1.18565,3.54,3.54,SNPP,0,0,1
3153,2015-01-20,2015-01-20,1,1,52.17688,1.03725,52.17688,52.17688,1.03725,1.03725,3.16,3.16,SNPP,0,0,1
3154,2015-01-23,2015-01-23,1,1,50.67083,-3.38416,50.67083,50.67083,-3.38416,-3.38416,3.54,3.54,SNPP,0,0,1
3155,2015-01-23,2015-01-23,1,1,51.79189,-1.19477,51.79189,51.79189,-1.19477,-1.19477,2.25,2.25,SNPP,0,0,1
3156,2015-01-24,2015-01-24,1,1,53.62943,-2.25704,53.62943,53.62943,-2.25704,-2.25704,0.38,0.38,SNPP,0,1,1
3157,2015-01-24,2015-01-25,2,3,55.87323,-2.20427,55.87118,55.87512,-2.20618,-2.20174,11.15,21.73,SNPP,0,0,2
3158,2015-01-27,2015-01-27,1,1,51.48138,-1.30603,51.48138,51.48138,-1.30603,-1.30603,1.21,1.21,SNPP,0,1,1
3159,2015-01-27,2015-01-27,1,1,54.43112,-0.59183,54.43112,54.43112,-0.59183,-0.59183,4.24,4.24,SNPP,0,0,1
3160,2015-01-30,2015-01-30,1,1,56.84894,-2.82792,56.84894,56.84894,-2.82792,-2.82792,4.94,4.94,SNPP,0,0,1
3161,2015-01-30,2015-01-30,1,2,56.88237,-2.75831,56.88231,56.88243,-2.76066,-2.75596,3.71,7.42,SNPP,0,0,1
3162,2015-01-30,2015-01-30,1,2,56.93363,-2.86468,56.93102,56.93624,-2.86535,-2.86401,3.04,6.08,SNPP,0,0,1
3163,2015-01-31,2015-01-31,1,1,53.17981,-0.26229,53.17981,53.17981,-0.26229,-0.26229,0.47,0.47,SNPP,0,1,1
3164,2015-02-02,2015-02-02,1,1,54.13647,-1.68864,54.13647,54.13647,-1.68864,-1.68864,4.19,4.19,SNPP,0,0,1
3165,2015-02-03,2015-02-03,1,1,54.1081,-1.69169,54.1081,54.1081,-1.69169,-1.69169,1.34,1.34,SNPP,0,0,1
3166,2015-02-03,2015-02-03,1,1,54.1214,-1.69888,54.1214,54.1214,-1.69888,-1.69888,12.11,12.11,SNPP,0,0,1
3167,2015-02-03,2015-02-03,1,1,54.16462,-1.72211,54.16462,54.16462,-1.72211,-1.72211,2.21,2.21,SNPP,0,0,1
3168,2015-02-04,2015-02-04,1,1,54.2308,-1.60759,54.2308,54.2308,-1.60759,-1.60759,3.15,3.15,SNPP,0,0,1
3169,2015-02-04,2015-02-04,1,1,54.70078,-4.38499,54.70078,54.70078,-4.38499,-4.38499,2.22,2.22,SNPP,0,0,1
3170,2015-02-06,2015-02-06,1,1,53.30674,-4.68675,53.30674,53.30674,-4.68675,-4.68675,3.82,3.82,SNPP,0,0,1
3171,2015-02-08,2015-02-08,1,1,55.8859,-2.58314,55.8859,55.8859,-2.58314,-2.58314,10.09,10.09,SNPP,0,0,1
3172,2015-02-08,2015-02-08,1,1,51.24134,-1.87489,51.24134,51.24134,-1.87489,-1.87489,7.25,7.25,SNPP,0,0,1
3173,2015-02-09,2015-02-09,1,1,51.78851,0.24593,51.78851,51.78851,0.24593,0.24593,2.97,2.97,SNPP,0,0,1
3174,2015-02-09,2015-02-09,1,1,54.13123,-1.70801,54.13123,54.13123,-1.70801,-1.70801,3.55,3.55,SNPP,0,0,1
3175,2015-02-09,2015-02-09,1,1,54.15475,-1.78823,54.15475,54.15475,-1.78823,-1.78823,5.62,5.62,SNPP,0,0,1
3176,2015-02-09,2015-02-10,2,2,54.16252,-1.74902,54.16067,54.16438,-1.75575,-1.7423,7.91,11.83,SNPP,0,0,2
3177,2015-02-09,2015-02-10,2,3,54.19426,-1.78549,54.19104,54.19665,-1.78905,-1.78184,5.1,12.49,SNPP,0,0,2
3178,2015-02-09,2015-02-09,1,1,54.33155,-1.98214,54.33155,54.33155,-1.98214,-1.98214,5.72,5.72,SNPP,0,0,1
3179,2015-02-09,2015-02-09,1,1,54.38443,-0.60805,54.38443,54.38443,-0.60805,-0.60805,4.53,4.53,SNPP,0,0,1
3180,2015-02-09,2015-02-09,1,2,56.52878,-3.26564,56.52821,56.52934,-3.26653,-3.26475,3.67,5.81,SNPP,0,0,1
3181,2015-02-09,2015-02-09,1,1,51.22851,-3.92254,51.22851,51.22851,-3.92254,-3.92254,4.09,4.09,SNPP,0,0,1
3182,2015-02-09,2015-02-09,1,2,54.01346,-1.96232,54.01338,54.01354,-1.96367,-1.96096,3.55,5.87,SNPP,0,0,1
3183,2015-02-09,2015-02-09,1,1,54.09268,-1.82676,54.09268,54.09268,-1.82676,-1.82676,2.49,2.49,SNPP,0,0,1
3184,2015-02-09,2015-02-09,1,1,54.2444,-1.78467,54.2444,54.2444,-1.78467,-1.78467,2.63,2.63,SNPP,0,0,1
3185,2015-02-09,2015-02-09,1,3,54.49076,-0.83831,54.48997,54.49226,-0.84144,-0.83283,8.15,19.09,SNPP,0,0,1
3186,2015-02-09,2015-02-09,1,2,54.83449,-1.95044,54.83445,54.83453,-1.95147,-1.94941,4.45,7.97,SNPP,0,0,1
3187,2015-02-09,2015-02-09,1,2,55.85034,-2.53998,55.84937,55.85132,-2.54088,-2.53907,7.02,12.92,SNPP,0,0,1
3188,2015-02-10,2015-02-10,1,2,54.40183,-0.8061,54.40063,54.40303,-0.81063,-0.80156,6.03,11.12,SNPP,0,0,1
3189,2015-02-10,2015-02-10,1,1,54.13597,-1.73181,54.13597,54.13597,-1.73181,-1.73181,4.28,4.28,SNPP,0,0,1
3190,2015-02-10,2015-02-10,1,1,55.49876,-2.07125,55.49876,55.49876,-2.07125,-2.07125,4.37,4.37,SNPP,0,0,1
3191,2015-02-10,2015-02-10,1,3,55.54666,-2.08541,55.54364,55.54868,-2.08613,-2.08416,13.81,31.85,SNPP,0,0,1
3192,2015-02-10,2015-02-10,1,1,56.53563,-3.59828,56.53563,56.53563,-3.59828,-3.59828,5.47,5.47,SNPP,0,0,1
3193,2015-02-11,2015-02-11,1,1,56.91206,-2.98046,56.91206,56.91206,-2.98046,-2.98046,5.57,5.57,SNPP,0,0,1
3194,2015-02-11,2015-02-11,1,1,56.9183,-2.89938,56.9183,56.9183,-2.89938,-2.89938,5.56,5.56,SNPP,0,0,1
3195,2015-02-12,2015-02-12,1,1,51.46771,-3.61692,51.46771,51.46771,-3.61692,-3.61692,3.55,3.55,SNPP,0,0,1
3196,2015-02-12,2015-02-12,1,1,56.7901,-3.08956,56.7901,56.7901,-3.08956,-3.08956,4.5,4.5,SNPP,0,0,1
3197,2015-02-18,2015-02-18,1,3,51.78783,-1.54401,51.7868,51.78969,-1.54569,-1.54128,1.84,5.45,SNPP,0,2,1
3198,2015-02-18,2015-02-18,1,1,54.4035,-0.70541,54.4035,54.4035,-0.70541,-0.70541,2.06,2.06,SNPP,0,0,1
3199,2015-02-20,2015-02-21,2,3,55.53741,-1.84382,55.53653,55.53895,-1.84697,-1.83863,30.6,73.69,SNPP,0,0,2
3200,2015-02-20,2015-02-20,1,1,57.36124,-3.77203,57.36124,57.36124,-3.77203,-3.77203,7.9,7.9,SNPP,0,0,1
3201,2015-02-20,2015-02-20,1,1,55.53573,-2.0959,55.53573,55.53573,-2.0959,-2.0959,4.2,4.2,SNPP,0,0,1
3202,2015-02-21,2015-02-21,1,1,51.49301,0.14771,51.49301,51.49301,0.14771,0.14771,5.46,5.46,SNPP,0,1,1
3203,2015-02-21,2015-02-21,1,2,54.33382,-0.92002,54.33335,54.33429,-0.92034,-0.91969,10.3,15.99,SNPP,0,0,1
3204,2015-02-21,2015-02-21,1,1,54.48722,-0.91747,54.48722,54.48722,-0.91747,-0.91747,2.71,2.71,SNPP,0,0,1
3205,2015-02-21,2015-02-21,1,1,54.8154,-1.94305,54.8154,54.8154,-1.94305,-1.94305,6.78,6.78,SNPP,0,0,1
3206,2015-02-21,2015-02-21,1,1,55.54628,-2.15628,55.54628,55.54628,-2.15628,-2.15628,5.53,5.53,SNPP,0,0,1
3207,2015-02-21,2015-02-21,1,1,55.80151,-2.57411,55.80151,55.80151,-2.57411,-2.57411,3.78,3.78,SNPP,0,0,1
3208,2015-02-21,2015-02-21,1,3,55.86083,-2.61931,55.85919,55.86199,-2.62409,-2.61657,28.92,61.78,SNPP,0,0,1
3209,2015-02-21,2015-02-21,1,6,56.87251,-2.77382,56.8709,56.87566,-2.78661,-2.76613,13.36,56.3,SNPP,0,0,1
3210,2015-02-21,2015-02-21,1,1,54.20667,-1.81497,54.20667,54.20667,-1.81497,-1.81497,5.74,5.74,SNPP,0,0,1
3211,2015-02-21,2015-02-21,1,2,54.42646,-1.06933,54.42573,54.42719,-1.07234,-1.06632,7.74,13.34,SNPP,0,0,1
3212,2015-02-21,2015-02-21,1,2,54.44863,-0.90289,54.44831,54.44895,-0.90672,-0.89906,9.94,16.84,SNPP,0,0,1
3213,2015-02-21,2015-02-21,1,1,54.47369,-1.91063,54.47369,54.47369,-1.91063,-1.91063,4.96,4.96,SNPP,0,0,1
3214,2015-02-21,2015-02-21,1,1,54.48693,-0.82634,54.48693,54.48693,-0.82634,-0.82634,3.97,3.97,SNPP,0,0,1
3215,2015-02-21,2015-02-21,1,1,55.5378,-2.12478,55.5378,55.5378,-2.12478,-2.12478,5.77,5.77,SNPP,0,0,1
3216,2015-02-21,2015-02-21,1,1,55.8494,-2.74826,55.8494,55.8494,-2.74826,-2.74826,4.86,4.86,SNPP,0,0,1
3217,2015-02-21,2015-02-21,1,2,56.93398,-2.9052,56.93191,56.93604,-2.91023,-2.90016,7.78,15.56,SNPP,0,0,1
3218,2015-02-21,2015-02-21,1,1,56.93947,-2.84557,56.93947,56.93947,-2.84557,-2.84557,3.67,3.67,SNPP,0,0,1
3219,2015-02-24,2015-02-24,1,1,53.14575,-0.6908,53.14575,53.14575,-0.6908,-0.6908,4.83,4.83,SNPP,0,0,1
3220,2015-02-26,2015-02-26,1,1,52.7121,-0.15412,52.7121,52.7121,-0.15412,-0.15412,0.51,0.51,SNPP,0,1,1
3221,2015-02-27,2015-02-27,1,1,53.37769,-1.65199,53.37769,53.37769,-1.65199,-1.65199,1.85,1.85,SNPP,0,0,1
3222,2015-02-27,2015-02-27,1,1,54.35749,-1.09824,54.35749,54.35749,-1.09824,-1.09824,2.9,2.9,SNPP,0,0,1
3223,2015-02-27,2015-02-27,1,1,54.37047,-0.78719,54.37047,54.37047,-0.78719,-0.78719,1.94,1.94,SNPP,0,0,1
3224,2015-02-27,2015-02-27,1,1,54.37208,-1.0753,54.37208,54.37208,-1.0753,-1.0753,3.34,3.34,SNPP,0,0,1
3225,2015-02-27,2015-02-27,1,1,54.49129,-0.95282,54.49129,54.49129,-0.95282,-0.95282,2.39,2.39,SNPP,0,0,1
3226,2015-02-27,2015-02-27,1,1,54.82073,-1.95445,54.82073,54.82073,-1.95445,-1.95445,1.69,1.69,SNPP,0,0,1
3227,2015-03-01,2015-03-01,1,1,52.47279,-1.45038,52.47279,52.47279,-1.45038,-1.45038,0.5,0.5,SNPP,0,1,1
3228,2015-03-02,2015-03-02,1,1,54.29799,-1.57086,54.29799,54.29799,-1.57086,-1.57086,1.14,1.14,SNPP,0,1,1
3229,2015-03-02,2015-03-02,1,2,56.79069,-2.85475,56.78904,56.79234,-2.85485,-2.85465,4.61,8.29,SNPP,0,0,1
3230,2015-03-02,2015-03-02,1,2,57.10312,-3.15478,57.10124,57.10501,-3.1557,-3.15387,4.5,8.97,SNPP,0,0,1
3231,2015-03-03,2015-03-03,1,1,57.41077,-3.17772,57.41077,57.41077,-3.17772,-3.17772,4.05,4.05,SNPP,0,0,1
3232,2015-03-03,2015-03-04,2,3,51.25381,-1.92734,51.25178,51.25708,-1.93861,-1.92029,10.64,22.15,SNPP,0,0,2
3233,2015-03-04,2015-03-04,1,1,51.75459,-0.88532,51.75459,51.75459,-0.88532,-0.88532,0.29,0.29,SNPP,0,1,1
3234,2015-03-04,2015-03-04,1,1,54.47906,-0.89514,54.47906,54.47906,-0.89514,-0.89514,5.37,5.37,SNPP,0,0,1
3235,2015-03-04,2015-03-04,1,1,50.78711,-2.55897,50.78711,50.78711,-2.55897,-2.55897,11.68,11.68,SNPP,0,0,1
3236,2015-03-04,2015-03-04,1,1,51.27497,-1.92968,51.27497,51.27497,-1.92968,-1.92968,6.83,6.83,SNPP,0,0,1
3237,2015-03-04,2015-03-04,1,1,51.64518,-4.88678,51.64518,51.64518,-4.88678,-4.88678,4.82,4.82,SNPP,0,0,1
3238,2015-03-04,2015-03-04,1,1,52.78496,-4.5315,52.78496,52.78496,-4.5315,-4.5315,3.31,3.31,SNPP,0,0,1
3239,2015-03-04,2015-03-04,1,3,55.33582,-1.89989,55.33405,55.33893,-1.90443,-1.89717,11.6,34.8,SNPP,0,0,1
3240,2015-03-04,2015-03-04,1,1,57.01757,-2.80606,57.01757,57.01757,-2.80606,-2.80606,9.2,9.2,SNPP,0,0,1
3241,2015-03-05,2015-03-05,1,1,52.51365,-2.15723,52.51365,52.51365,-2.15723,-2.15723,1.22,1.22,SNPP,0,1,1
3242,2015-03-05,2015-03-05,1,1,56.94733,-2.90218,56.94733,56.94733,-2.90218,-2.90218,3.53,3.53,SNPP,0,0,1
3243,2015-03-06,2015-03-06,1,3,53.67679,-0.5159,53.67455,53.67803,-0.52081,-0.50892,9.41,17.07,SNPP,0,0,1
3244,2015-03-06,2015-03-06,1,1,51.2503,-1.89374,51.2503,51.2503,-1.89374,-1.89374,4.33,4.33,SNPP,0,0,1
3245,2015-03-06,2015-03-06,1,1,51.63605,-0.55454,51.63605,51.63605,-0.55454,-0.55454,3.56,3.56,SNPP,0,0,1
3246,2015-03-06,2015-03-06,1,1,51.89553,-4.91435,51.89553,51.89553,-4.91435,-4.91435,2.37,2.37,SNPP,0,0,1
3247,2015-03-06,2015-03-06,1,1,53.38602,-2.08283,53.38602,53.38602,-2.08283,-2.08283,2.32,2.32,SNPP,0,0,1
3248,2015-03-06,2015-03-06,1,1,53.42287,-1.92883,53.42287,53.42287,-1.92883,-1.92883,1.71,1.71,SNPP,0,0,1
3249,2015-03-06,2015-03-06,1,1,53.80593,-2.39044,53.80593,53.80593,-2.39044,-2.39044,3.48,3.48,SNPP,0,0,1
3250,2015-03-06,2015-03-06,1,1,54.37709,-1.97764,54.37709,54.37709,-1.97764,-1.97764,2.71,2.71,SNPP,0,0,1
3251,2015-03-07,2015-03-07,1,1,51.02514,-2.63207,51.02514,51.02514,-2.63207,-2.63207,2.51,2.51,SNPP,0,0,1
3252,2015-03-07,2015-03-07,1,1,51.99362,-0.57734,51.99362,51.99362,-0.57734,-0.57734,2.79,2.79,SNPP,0,0,1
3253,2015-03-08,2015-03-08,1,1,53.30771,-2.06243,53.30771,53.30771,-2.06243,-2.06243,0.67,0.67,SNPP,0,1,1
3254,2015-03-08,2015-03-08,1,1,54.78073,-1.94225,54.78073,54.78073,-1.94225,-1.94225,5.52,5.52,SNPP,0,0,1
3255,2015-03-09,2015-03-09,1,1,53.63311,-1.92535,53.63311,53.63311,-1.92535,-1.92535,1.02,1.02,SNPP,0,1,1
3256,2015-03-09,2015-03-09,1,1,53.92634,-2.27048,53.92634,53.92634,-2.27048,-2.27048,0.71,0.71,SNPP,0,1,1
3257,2015-03-10,2015-03-10,1,2,54.32802,-1.06966,54.32723,54.3288,-1.07167,-1.06764,4.33,6.83,SNPP,0,0,1
3258,2015-03-10,2015-03-10,1,2,54.38192,-0.87804,54.37967,54.38416,-0.88065,-0.87543,4.26,7.5,SNPP,0,0,1
3259,2015-03-10,2015-03-10,1,3,54.4038,-0.92728,54.39723,54.40881,-0.93049,-0.9213,2.36,6.69,SNPP,0,0,1
3260,2015-03-10,2015-03-10,1,2,54.4107,-1.01857,54.40757,54.41384,-1.02058,-1.01656,2.38,4.65,SNPP,0,0,1
3261,2015-03-10,2015-03-10,1,1,54.40868,-0.88147,54.40868,54.40868,-0.88147,-0.88147,4.21,4.21,SNPP,0,0,1
3262,2015-03-10,2015-03-10,1,4,54.61366,-1.92025,54.61151,54.61531,-1.92748,-1.91143,8.23,23.48,SNPP,0,0,1
3263,2015-03-10,2015-03-10,1,1,55.53898,-2.07133,55.53898,55.53898,-2.07133,-2.07133,3.9,3.9,SNPP,0,0,1
3264,2015-03-10,2015-03-10,1,1,56.98557,-3.03831,56.98557,56.98557,-3.03831,-3.03831,3.05,3.05,SNPP,0,0,1
3265,2015-03-10,2015-03-10,1,1,53.43663,-1.65308,53.43663,53.43663,-1.65308,-1.65308,4.35,4.35,SNPP,0,0,1
3266,2015-03-10,2015-03-10,1,2,54.36038,-1.06981,54.36001,54.36074,-1.07423,-1.06538,6.45,12.9,SNPP,0,0,1
3267,2015-03-10,2015-03-10,1,1,54.36635,-0.9977,54.36635,54.36635,-0.9977,-0.9977,1.4,1.4,SNPP,0,0,1
3268,2015-03-10,2015-03-10,1,1,54.39006,-0.60146,54.39006,54.39006,-0.60146,-0.60146,4.95,4.95,SNPP,0,0,1
3269,2015-03-10,2015-03-10,1,1,54.40693,-1.04989,54.40693,54.40693,-1.04989,-1.04989,2.79,2.79,SNPP,0,0,1
3270,2015-03-10,2015-03-10,1,2,54.43831,-1.0657,54.43823,54.43839,-1.06606,-1.06534,22.76,41.57,SNPP,0,0,1
3271,2015-03-10,2015-03-10,1,1,54.47327,-0.98886,54.47327,54.47327,-0.98886,-0.98886,2.02,2.02,SNPP,0,0,1
3272,2015-03-10,2015-03-10,1,4,56.93748,-2.94568,56.93604,56.94057,-2.9494,-2.94159,10.54,25.47,SNPP,0,0,1
3273,2015-03-10,2015-03-10,1,2,56.95348,-2.84581,56.95341,56.95354,-2.8463,-2.84532,5.01,7.76,SNPP,0,0,1
3274,2015-03-14,2015-03-14,1,1,55.04116,-7.25631,55.04116,55.04116,-7.25631,-7.25631,0.65,0.65,SNPP,0,1,1
3275,2015-03-14,2015-03-14,1,1,57.40674,-3.84521,57.40674,57.40674,-3.84521,-3.84521,3.23,3.23,SNPP,0,0,1
3276,2015-03-14,2015-03-14,1,1,57.35761,-3.67702,57.35761,57.35761,-3.67702,-3.67702,3.22,3.22,SNPP,0,0,1
3277,2015-03-14,2015-03-14,1,1,57.9967,-4.09542,57.9967,57.9967,-4.09542,-4.09542,4.8,4.8,SNPP,0,0,1
3278,2015-03-14,2015-03-14,1,1,58.38435,-6.20672,58.38435,58.38435,-6.20672,-6.20672,8.06,8.06,SNPP,0,0,1
3279,2015-03-15,2015-03-15,1,3,54.21856,-1.33812,54.21726,54.22113,-1.33868,-1.33761,4.46,10.15,SNPP,0,3,1
3280,2015-03-15,2015-03-15,1,1,56.83458,-2.78243,56.83458,56.83458,-2.78243,-2.78243,3.85,3.85,SNPP,0,0,1
3281,2015-03-15,2015-03-15,1,1,57.26843,-3.46647,57.26843,57.26843,-3.46647,-3.46647,2.9,2.9,SNPP,0,0,1
3282,2015-03-17,2015-03-17,1,4,57.96878,-6.47306,57.96553,57.97206,-6.47974,-6.46934,4.92,12.3,SNPP,0,0,1
3283,2015-03-17,2015-03-17,1,1,50.89538,-1.45577,50.89538,50.89538,-1.45577,-1.45577,1.68,1.68,SNPP,0,0,1
3284,2015-03-17,2015-03-17,1,1,50.91197,-1.03424,50.91197,50.91197,-1.03424,-1.03424,4.0,4.0,SNPP,0,0,1
3285,2015-03-17,2015-03-17,1,1,51.31228,1.18964,51.31228,51.31228,1.18964,1.18964,1.5,1.5,SNPP,0,0,1
3286,2015-03-17,2015-03-17,1,2,56.98941,-7.42217,56.98774,56.99108,-7.42323,-7.42111,4.84,7.57,SNPP,0,0,1
3287,2015-03-17,2015-03-17,1,3,57.39176,-6.69079,57.38876,57.39447,-6.69182,-6.68927,4.52,10.87,SNPP,0,0,1
3288,2015-03-18,2015-03-18,1,1,50.16228,-5.60126,50.16228,50.16228,-5.60126,-5.60126,3.89,3.89,SNPP,0,0,1
3289,2015-03-18,2015-03-18,1,4,50.41556,-3.93416,50.41352,50.41988,-3.93739,-3.9294,3.18,12.37,SNPP,0,0,1
3290,2015-03-18,2015-03-18,1,1,50.92398,-3.62024,50.92398,50.92398,-3.62024,-3.62024,4.98,4.98,SNPP,0,0,1
3291,2015-03-18,2015-03-18,1,1,51.76849,-0.07578,51.76849,51.76849,-0.07578,-0.07578,2.11,2.11,SNPP,0,0,1
3292,2015-03-18,2015-03-18,1,1,52.95443,-1.06168,52.95443,52.95443,-1.06168,-1.06168,1.26,1.26,SNPP,0,0,1
3293,2015-03-18,2015-03-18,1,1,53.06518,-2.29317,53.06518,53.06518,-2.29317,-2.29317,1.63,1.63,SNPP,0,0,1
3294,2015-03-18,2015-03-18,1,1,53.38652,-1.68734,53.38652,53.38652,-1.68734,-1.68734,3.44,3.44,SNPP,0,0,1
3295,2015-03-18,2015-03-18,1,2,57.36334,-6.44724,57.3599,57.36679,-6.45353,-6.44096,3.36,6.66,SNPP,0,0,1
3296,2015-03-18,2015-03-18,1,2,53.30675,-4.45881,53.30589,53.30761,-4.46008,-4.45755,7.12,13.16,SNPP,0,0,1
3297,2015-03-18,2015-03-18,1,1,55.05323,-4.91743,55.05323,55.05323,-4.91743,-4.91743,3.36,3.36,SNPP,0,0,1
3298,2015-03-18,2015-03-18,1,1,55.19232,-4.77277,55.19232,55.19232,-4.77277,-4.77277,2.95,2.95,SNPP,0,0,1
3299,2015-03-18,2015-03-18,1,1,55.98326,-4.55323,55.98326,55.98326,-4.55323,-4.55323,4.72,4.72,SNPP,0,0,1
3300,2015-03-19,2015-03-19,1,4,53.38097,-0.99986,53.37891,53.38304,-1.00341,-0.99631,1.4,4.32,SNPP,0,4,1
3301,2015-03-19,2015-03-19,1,2,50.57022,-3.84312,50.56958,50.57085,-3.84534,-3.84089,5.11,8.11,SNPP,0,0,1
3302,2015-03-19,2015-03-19,1,2,51.06758,-3.69256,51.06739,51.06777,-3.69559,-3.68954,16.31,29.53,SNPP,0,0,1
3303,2015-03-19,2015-03-19,1,1,54.02197,-2.6702,54.02197,54.02197,-2.6702,-2.6702,2.42,2.42,SNPP,0,0,1
3304,2015-03-19,2015-03-19,1,1,54.052,-2.43946,54.052,54.052,-2.43946,-2.43946,3.75,3.75,SNPP,0,0,1
3305,2015-03-19,2015-03-19,1,2,54.12921,-1.97406,54.1263,54.13212,-1.97687,-1.97125,3.05,4.59,SNPP,0,0,1
3306,2015-03-19,2015-03-19,1,1,54.35316,-1.9764,54.35316,54.35316,-1.9764,-1.9764,2.75,2.75,SNPP,0,0,1
3307,2015-03-19,2015-03-19,1,2,54.48377,-0.8904,54.48287,54.48468,-0.89236,-0.88843,4.81,9.37,SNPP,0,0,1
3308,2015-03-19,2015-03-19,1,1,54.68931,-1.89011,54.68931,54.68931,-1.89011,-1.89011,2.96,2.96,SNPP,0,0,1
3309,2015-03-19,2015-03-19,1,1,50.55935,-3.92773,50.55935,50.55935,-3.92773,-3.92773,3.78,3.78,SNPP,0,0,1
3310,2015-03-19,2015-03-19,1,1,51.18475,-3.46422,51.18475,51.18475,-3.46422,-3.46422,4.53,4.53,SNPP,0,0,1
3311,2015-03-19,2015-03-19,1,1,51.61318,-3.38807,51.61318,51.61318,-3.38807,-3.38807,3.8,3.8,SNPP,0,0,1
3312,2015-03-19,2015-03-19,1,1,52.07986,-4.63157,52.07986,52.07986,-4.63157,-4.63157,2.4,2.4,SNPP,0,0,1
3313,2015-03-19,2015-03-19,1,2,54.02884,-1.88475,54.02794,54.02975,-1.88634,-1.88316,2.44,4.69,SNPP,0,0,1
3314,2015-03-19,2015-03-19,1,1,54.10847,-1.75889,54.10847,54.10847,-1.75889,-1.75889,5.35,5.35,SNPP,0,0,1
3315,2015-03-19,2015-03-19,1,1,54.13805,-1.72717,54.13805,54.13805,-1.72717,-1.72717,2.37,2.37,SNPP,0,0,1
3316,2015-03-19,2015-03-19,1,2,54.36814,-0.78924,54.36666,54.36963,-0.7904,-0.78807,4.36,7.7,SNPP,0,0,1
3317,2015-03-19,2015-03-19,1,1,54.38947,-1.24572,54.38947,54.38947,-1.24572,-1.24572,3.06,3.06,SNPP,0,0,1
3318,2015-03-19,2015-03-19,1,1,54.64641,-2.23265,54.64641,54.64641,-2.23265,-2.23265,3.09,3.09,SNPP,0,0,1
3319,2015-03-20,2015-03-20,1,6,50.4471,-3.9828,50.44448,50.45005,-3.98864,-3.9781,7.07,30.06,SNPP,0,0,1
3320,2015-03-20,2015-03-20,1,1,54.05817,-1.77205,54.05817,54.05817,-1.77205,-1.77205,6.02,6.02,SNPP,0,0,1
3321,2015-03-20,2015-03-22,2,2,54.35336,-1.2454,54.34706,54.35967,-1.24689,-1.2439,7.72,9.85,SNPP,0,0,3
3322,2015-03-20,2015-03-20,1,1,54.39339,-2.03786,54.39339,54.39339,-2.03786,-2.03786,1.99,1.99,SNPP,0,0,1
3323,2015-03-20,2015-03-20,1,2,54.45618,-1.92132,54.45522,54.45714,-1.92523,-1.9174,7.2,13.91,SNPP,0,0,1
3324,2015-03-20,2015-03-20,1,1,54.78568,-1.917,54.78568,54.78568,-1.917,-1.917,2.96,2.96,SNPP,0,0,1
3325,2015-03-20,2015-03-20,1,1,55.85681,-2.55612,55.85681,55.85681,-2.55612,-2.55612,8.57,8.57,SNPP,0,0,1
3326,2015-03-20,2015-03-20,1,1,50.04593,-5.15154,50.04593,50.04593,-5.15154,-5.15154,2.6,2.6,SNPP,0,0,1
3327,2015-03-20,2015-03-20,1,1,50.54752,-3.85982,50.54752,50.54752,-3.85982,-3.85982,3.71,3.71,SNPP,0,0,1
3328,2015-03-20,2015-03-20,1,2,50.8582,-1.69251,50.85709,50.85931,-1.69351,-1.69151,4.28,7.09,SNPP,0,0,1
3329,2015-03-20,2015-03-20,1,1,51.14386,-3.21615,51.14386,51.14386,-3.21615,-3.21615,9.7,9.7,SNPP,0,0,1
3330,2015-03-20,2015-03-20,1,4,51.25858,-1.87572,51.25396,51.26344,-1.88049,-1.86862,8.21,24.78,SNPP,0,0,1
3331,2015-03-20,2015-03-20,1,1,51.20412,-3.73268,51.20412,51.20412,-3.73268,-3.73268,7.55,7.55,SNPP,0,0,1
3332,2015-03-20,2015-03-20,1,1,51.54323,-1.30891,51.54323,51.54323,-1.30891,-1.30891,1.74,1.74,SNPP,0,0,1
3333,2015-03-20,2015-03-20,1,1,52.08754,-3.86746,52.08754,52.08754,-3.86746,-3.86746,6.17,6.17,SNPP,0,0,1
3334,2015-03-20,2015-03-20,1,1,52.11179,-3.30176,52.11179,52.11179,-3.30176,-3.30176,2.37,2.37,SNPP,0,0,1
3335,2015-03-20,2015-03-20,1,1,54.00203,-1.77424,54.00203,54.00203,-1.77424,-1.77424,2.39,2.39,SNPP,0,0,1
3336,2015-03-20,2015-03-20,1,2,54.4373,-1.91697,54.4368,54.43781,-1.91718,-1.91676,3.89,6.54,SNPP,0,0,1
3337,2015-03-20,2015-03-20,1,1,55.21909,-1.94322,55.21909,55.21909,-1.94322,-1.94322,5.65,5.65,SNPP,0,0,1
3338,2015-03-21,2015-03-21,1,4,51.94075,-4.87091,51.93941,51.94218,-4.8739,-4.86826,9.08,23.21,SNPP,0,0,1
3339,2015-03-21,2015-03-21,1,2,50.11197,-5.65021,50.11034,50.1136,-5.65081,-5.64961,6.18,9.34,SNPP,0,0,1
3340,2015-03-21,2015-03-21,1,1,50.63888,-3.8724,50.63888,50.63888,-3.8724,-3.8724,2.6,2.6,SNPP,0,0,1
3341,2015-03-21,2015-03-21,1,1,53.61221,-1.94191,53.61221,53.61221,-1.94191,-1.94191,5.82,5.82,SNPP,0,0,1
3342,2015-03-21,2015-03-21,1,1,54.03614,-2.5746,54.03614,54.03614,-2.5746,-2.5746,3.54,3.54,SNPP,0,0,1
3343,2015-03-21,2015-03-21,1,1,54.91138,-4.77662,54.91138,54.91138,-4.77662,-4.77662,9.14,9.14,SNPP,0,0,1
3344,2015-03-21,2015-03-21,1,2,55.86552,-2.6171,55.86512,55.86592,-2.62094,-2.61327,6.14,12.28,SNPP,0,0,1
3345,2015-03-21,2015-03-21,1,1,56.57852,-2.96097,56.57852,56.57852,-2.96097,-2.96097,3.49,3.49,SNPP,0,0,1
3346,2015-03-21,2015-03-21,1,1,56.59375,-3.91788,56.59375,56.59375,-3.91788,-3.91788,3.71,3.71,SNPP,0,0,1
3347,2015-03-22,2015-03-22,1,1,53.55106,-2.59774,53.55106,53.55106,-2.59774,-2.59774,0.53,0.53,SNPP,0,1,1
3348,2015-03-22,2015-03-22,1,1,50.99653,-3.62603,50.99653,50.99653,-3.62603,-3.62603,4.39,4.39,SNPP,0,0,1
3349,2015-03-22,2015-03-22,1,1,51.1944,-2.41078,51.1944,51.1944,-2.41078,-2.41078,2.35,2.35,SNPP,0,0,1
3350,2015-03-22,2015-03-22,1,1,51.43737,-3.37683,51.43737,51.43737,-3.37683,-3.37683,2.46,2.46,SNPP,0,0,1
3351,2015-03-22,2015-03-22,1,1,51.64668,-3.52609,51.64668,51.64668,-3.52609,-3.52609,3.03,3.03,SNPP,0,0,1
3352,2015-03-22,2015-03-22,1,1,51.6613,-3.46061,51.6613,51.6613,-3.46061,-3.46061,11.67,11.67,SNPP,0,0,1
3353,2015-03-22,2015-03-22,1,1,52.17547,-3.87556,52.17547,52.17547,-3.87556,-3.87556,7.66,7.66,SNPP,0,0,1
3354,2015-03-22,2015-03-22,1,2,52.93345,-4.05129,52.93297,52.93394,-4.05415,-4.04843,4.24,8.48,SNPP,0,0,1
3355,2015-03-22,2015-03-22,1,2,54.02074,-1.82775,54.02008,54.0214,-1.82911,-1.82639,3.82,5.3,SNPP,0,0,1
3356,2015-03-22,2015-03-22,1,1,54.13797,-1.7665,54.13797,54.13797,-1.7665,-1.7665,6.41,6.41,SNPP,0,0,1
3357,2015-03-22,2015-03-22,1,1,54.21877,-1.84567,54.21877,54.21877,-1.84567,-1.84567,3.08,3.08,SNPP,0,0,1
3358,2015-03-22,2015-03-22,1,1,54.22896,-2.026,54.22896,54.22896,-2.026,-2.026,4.95,4.95,SNPP,0,0,1
3359,2015-03-22,2015-03-23,2,2,54.24497,-1.79735,54.24482,54.24512,-1.79825,-1.79645,8.46,11.98,SNPP,0,0,2
3360,2015-03-22,2015-03-22,1,1,54.41143,-2.07373,54.41143,54.41143,-2.07373,-2.07373,1.28,1.28,SNPP,0,0,1
3361,2015-03-22,2015-03-22,1,2,54.6165,-6.8828,54.61571,54.61729,-6.88391,-6.8817,3.5,6.42,SNPP,0,0,1
3362,2015-03-22,2015-03-22,1,1,54.68164,-1.99473,54.68164,54.68164,-1.99473,-1.99473,2.84,2.84,SNPP,0,0,1
3363,2015-03-22,2015-03-22,1,3,54.83432,-7.20866,54.83199,54.8363,-7.21063,-7.20676,8.44,19.28,SNPP,0,0,1
3364,2015-03-22,2015-03-22,1,1,54.94986,-4.6187,54.94986,54.94986,-4.6187,-4.6187,2.08,2.08,SNPP,0,0,1
3365,2015-03-22,2015-03-22,1,1,54.79683,-7.24285,54.79683,54.79683,-7.24285,-7.24285,6.51,6.51,SNPP,0,0,1
3366,2015-03-23,2015-03-23,1,1,51.76826,-0.075,51.76826,51.76826,-0.075,-0.075,2.31,2.31,SNPP,0,0,1
3367,2015-03-23,2015-03-23,1,1,51.83979,-1.20596,51.83979,51.83979,-1.20596,-1.20596,2.03,2.03,SNPP,0,0,1
3368,2015-03-23,2015-03-23,1,1,52.75226,1.36521,52.75226,52.75226,1.36521,1.36521,20.81,20.81,SNPP,0,0,1
3369,2015-03-23,2015-03-23,1,1,52.90816,0.82862,52.90816,52.90816,0.82862,0.82862,2.18,2.18,SNPP,0,0,1
3370,2015-03-23,2015-03-25,2,3,54.40507,-0.93962,54.40393,54.40644,-0.95592,-0.92064,6.74,13.22,SNPP,0,0,3
3371,2015-03-23,2015-03-23,1,2,54.2988,-1.22823,54.29757,54.30003,-1.22978,-1.22667,5.13,10.15,SNPP,0,0,1
3372,2015-03-23,2015-03-23,1,1,55.54798,-3.37431,55.54798,55.54798,-3.37431,-3.37431,7.55,7.55,SNPP,0,0,1
3373,2015-03-23,2015-03-23,1,1,55.55502,-3.40839,55.55502,55.55502,-3.40839,-3.40839,4.37,4.37,SNPP,0,0,1
3374,2015-03-23,2015-03-23,1,1,55.82938,-3.28763,55.82938,55.82938,-3.28763,-3.28763,9.5,9.5,SNPP,0,0,1
3375,2015-03-23,2015-03-23,1,2,56.49628,-3.93077,56.49587,56.4967,-3.93139,-3.93016,7.9,13.16,SNPP,0,0,1
3376,2015-03-24,2015-03-24,1,2,50.16874,-5.60196,50.16772,50.16975,-5.602,-5.60191,2.56,4.48,SNPP,0,0,1
3377,2015-03-24,2015-03-24,1,1,50.8573,-1.52245,50.8573,50.8573,-1.52245,-1.52245,2.97,2.97,SNPP,0,0,1
3378,2015-03-24,2015-03-24,1,1,54.3547,-0.92811,54.3547,54.3547,-0.92811,-0.92811,3.12,3.12,SNPP,0,0,1
3379,2015-03-24,2015-03-24,1,5,54.89139,-2.38323,54.88968,54.89267,-2.39007,-2.37528,12.15,35.08,SNPP,0,0,1
3380,2015-03-24,2015-03-24,1,2,54.953,-2.39722,54.95246,54.95353,-2.39825,-2.39619,5.47,9.02,SNPP,0,0,1
3381,2015-03-24,2015-03-24,1,1,56.0835,-4.12674,56.0835,56.0835,-4.12674,-4.12674,1.49,1.49,SNPP,0,0,1
3382,2015-03-24,2015-03-24,1,2,56.98449,-2.8894,56.9827,56.98628,-2.8907,-2.88809,9.25,14.05,SNPP,0,0,1
3383,2015-03-24,2015-03-24,1,2,54.4541,-1.91034,54.45361,54.4546,-1.91112,-1.90957,5.84,10.57,SNPP,0,0,1
3384,2015-03-24,2015-03-24,1,1,56.43593,-4.12049,56.43593,56.43593,-4.12049,-4.12049,2.62,2.62,SNPP,0,0,1
3385,2015-03-24,2015-03-24,1,2,56.51406,-3.69248,56.51221,56.51591,-3.69387,-3.69108,3.45,6.22,SNPP,0,0,1
3386,2015-03-24,2015-03-24,1,1,56.95088,-3.65088,56.95088,56.95088,-3.65088,-3.65088,2.56,2.56,SNPP,0,0,1
3387,2015-03-24,2015-03-24,1,1,57.39851,-3.70409,57.39851,57.39851,-3.70409,-3.70409,3.48,3.48,SNPP,0,0,1
3388,2015-03-25,2015-03-25,1,3,51.01275,-3.54073,51.01166,51.01411,-3.54372,-3.53852,5.82,15.61,SNPP,0,0,1
3389,2015-03-25,2015-03-25,1,1,51.19779,-3.58721,51.19779,51.19779,-3.58721,-3.58721,4.97,4.97,SNPP,0,0,1
3390,2015-03-25,2015-03-25,1,1,54.31894,-1.00225,54.31894,54.31894,-1.00225,-1.00225,5.78,5.78,SNPP,0,0,1
3391,2015-03-25,2015-03-25,1,1,54.40474,-0.86627,54.40474,54.40474,-0.86627,-0.86627,6.19,6.19,SNPP,0,0,1
3392,2015-03-25,2015-03-25,1,1,54.43819,-5.65668,54.43819,54.43819,-5.65668,-5.65668,4.47,4.47,SNPP,0,0,1
3393,2015-03-25,2015-03-25,1,1,54.94714,-4.61687,54.94714,54.94714,-4.61687,-4.61687,3.25,3.25,SNPP,0,0,1
3394,2015-03-25,2015-03-25,1,1,57.01149,-3.14178,57.01149,57.01149,-3.14178,-3.14178,4.33,4.33,SNPP,0,0,1
3395,2015-03-26,2015-03-26,1,1,53.80706,-2.39159,53.80706,53.80706,-2.39159,-2.39159,2.94,2.94,SNPP,0,0,1
3396,2015-03-27,2015-03-27,1,2,54.30412,-1.11706,54.30276,54.30549,-1.11897,-1.11516,9.81,18.56,SNPP,0,0,1
3397,2015-03-27,2015-03-27,1,1,53.45073,-1.64831,53.45073,53.45073,-1.64831,-1.64831,5.19,5.19,SNPP,0,0,1
3398,2015-03-27,2015-03-27,1,1,54.079,-1.85591,54.079,54.079,-1.85591,-1.85591,2.04,2.04,SNPP,0,0,1
3399,2015-03-27,2015-03-27,1,1,54.22932,-2.01798,54.22932,54.22932,-2.01798,-2.01798,2.59,2.59,SNPP,0,0,1
3400,2015-03-27,2015-03-27,1,1,54.4243,-0.86948,54.4243,54.4243,-0.86948,-0.86948,4.57,4.57,SNPP,0,0,1
3401,2015-03-27,2015-03-27,1,1,56.84507,-2.80006,56.84507,56.84507,-2.80006,-2.80006,2.34,2.34,SNPP,0,0,1
3402,2015-03-27,2015-03-27,1,2,56.92148,-2.98134,56.9198,56.92315,-2.98207,-2.9806,7.36,14.72,SNPP,0,0,1
3403,2015-03-27,2015-03-27,1,1,56.9236,-2.81401,56.9236,56.9236,-2.81401,-2.81401,1.54,1.54,SNPP,0,0,1
3404,2015-03-27,2015-03-27,1,1,56.94624,-2.85856,56.94624,56.94624,-2.85856,-2.85856,2.07,2.07,SNPP,0,0,1
3405,2015-03-30,2015-03-31,2,3,51.60305,0.72805,51.60232,51.60372,0.7279,0.72821,1.02,2.72,SNPP,0,3,2
3406,2015-03-31,2015-03-31,1,3,50.90586,-1.679,50.90309,50.90831,-1.68086,-1.67582,10.25,18.05,SNPP,0,0,1
3407,2015-04-01,2015-04-01,1,1,51.23033,-0.2171,51.23033,51.23033,-0.2171,-0.2171,0.63,0.63,SNPP,0,1,1
3408,2015-04-02,2015-04-02,1,1,54.39425,-0.86577,54.39425,54.39425,-0.86577,-0.86577,1.49,1.49,SNPP,0,0,1
3409,2015-04-02,2015-04-02,1,2,55.41884,-1.75658,55.41722,55.42047,-1.75735,-1.75582,2.89,5.78,SNPP,0,0,1
3410,2015-04-02,2015-04-02,1,1,55.5394,-2.0991,55.5394,55.5394,-2.0991,-2.0991,8.08,8.08,SNPP,0,0,1
3411,2015-04-05,2015-04-05,1,2,55.55002,-2.12309,55.54778,55.55225,-2.12311,-2.12307,4.98,9.06,SNPP,0,0,1
3412,2015-04-05,2015-04-05,1,1,56.58241,-3.93075,56.58241,56.58241,-3.93075,-3.93075,1.93,1.93,SNPP,0,0,1
3413,2015-04-05,2015-04-05,1,2,56.73872,-3.3643,56.73662,56.74083,-3.3651,-3.36351,5.11,7.6,SNPP,0,0,1
3414,2015-04-05,2015-04-05,1,1,56.7794,-3.30756,56.7794,56.7794,-3.30756,-3.30756,2.24,2.24,SNPP,0,0,1
3415,2015-04-05,2015-04-05,1,1,56.84854,-2.8007,56.84854,56.84854,-2.8007,-2.8007,2.54,2.54,SNPP,0,0,1
3416,2015-04-05,2015-04-05,1,1,56.9795,-2.88654,56.9795,56.9795,-2.88654,-2.88654,3.16,3.16,SNPP,0,0,1
3417,2015-04-05,2015-04-05,1,1,57.35172,-4.02908,57.35172,57.35172,-4.02908,-4.02908,2.46,2.46,SNPP,0,0,1
3418,2015-04-06,2015-04-06,1,2,52.44066,-1.45984,52.44048,52.44085,-1.46001,-1.45968,1.2,2.06,SNPP,0,2,1
3419,2015-04-06,2015-04-08,2,3,55.59932,-3.17891,55.59389,55.60221,-3.18326,-3.17602,5.47,13.38,SNPP,0,0,3
3420,2015-04-06,2015-04-06,1,1,56.78878,-2.82258,56.78878,56.78878,-2.82258,-2.82258,4.32,4.32,SNPP,0,0,1
3421,2015-04-06,2015-04-08,2,2,56.87956,-2.62084,56.87559,56.88352,-2.62173,-2.61994,9.09,10.67,SNPP,0,0,3
3422,2015-04-06,2015-04-06,1,1,56.92992,-3.0044,56.92992,56.92992,-3.0044,-3.0044,2.35,2.35,SNPP,0,0,1
3423,2015-04-06,2015-04-06,1,1,56.97798,-2.63288,56.97798,56.97798,-2.63288,-2.63288,3.68,3.68,SNPP,0,0,1
3424,2015-04-06,2015-04-09,3,4,57.28863,-2.80415,57.28716,57.29104,-2.80914,-2.79668,28.16,38.78,SNPP,0,0,4
3425,2015-04-06,2015-04-06,1,1,51.61292,-4.24319,51.61292,51.61292,-4.24319,-4.24319,4.37,4.37,SNPP,0,0,1
3426,2015-04-06,2015-04-06,1,1,51.62511,-4.07378,51.62511,51.62511,-4.07378,-4.07378,1.29,1.29,SNPP,0,0,1
3427,2015-04-06,2015-04-06,1,1,51.74596,-3.63542,51.74596,51.74596,-3.63542,-3.63542,1.94,1.94,SNPP,0,0,1
3428,2015-04-06,2015-04-06,1,2,51.7515,-3.7102,51.75017,51.75282,-3.71356,-3.70685,3.6,7.09,SNPP,0,0,1
3429,2015-04-06,2015-04-06,1,3,52.79265,-3.94163,52.79078,52.79417,-3.94277,-3.94049,6.18,13.32,SNPP,0,0,1
3430,2015-04-06,2015-04-06,1,1,54.34387,-2.03844,54.34387,54.34387,-2.03844,-2.03844,4.0,4.0,SNPP,0,0,1
3431,2015-04-06,2015-04-06,1,2,54.42384,-0.91538,54.42271,54.42496,-0.91562,-0.91514,3.84,6.61,SNPP,0,0,1
3432,2015-04-06,2015-04-06,1,1,54.43884,-2.08399,54.43884,54.43884,-2.08399,-2.08399,1.91,1.91,SNPP,0,0,1
3433,2015-04-06,2015-04-06,1,1,54.44298,-1.97186,54.44298,54.44298,-1.97186,-1.97186,2.34,2.34,SNPP,0,0,1
3434,2015-04-06,2015-04-06,1,1,54.7556,-2.42316,54.7556,54.7556,-2.42316,-2.42316,2.85,2.85,SNPP,0,0,1
3435,2015-04-06,2015-04-06,1,1,54.81282,-2.02391,54.81282,54.81282,-2.02391,-2.02391,3.82,3.82,SNPP,0,0,1
3436,2015-04-06,2015-04-06,1,1,54.83975,-2.21691,54.83975,54.83975,-2.21691,-2.21691,4.41,4.41,SNPP,0,0,1
3437,2015-04-06,2015-04-06,1,2,55.20182,-2.25336,55.2,55.20364,-2.254,-2.25273,7.74,13.41,SNPP,0,0,1
3438,2015-04-06,2015-04-06,1,2,55.35494,-2.27587,55.35435,55.35552,-2.2801,-2.27164,10.07,13.76,SNPP,0,0,1
3439,2015-04-06,2015-04-08,2,4,55.52523,-2.08854,55.52437,55.52766,-2.094,-2.08087,24.5,51.78,SNPP,0,0,3
3440,2015-04-06,2015-04-06,1,3,55.54878,-3.53907,55.54596,55.55088,-3.54058,-3.53774,3.14,9.12,SNPP,0,0,1
3441,2015-04-06,2015-04-06,1,1,55.76435,-3.48454,55.76435,55.76435,-3.48454,-3.48454,8.59,8.59,SNPP,0,0,1
3442,2015-04-06,2015-04-06,1,1,55.80836,-2.67595,55.80836,55.80836,-2.67595,-2.67595,2.31,2.31,SNPP,0,0,1
3443,2015-04-06,2015-04-06,1,1,55.85284,-2.66706,55.85284,55.85284,-2.66706,-2.66706,1.61,1.61,SNPP,0,0,1
3444,2015-04-06,2015-04-06,1,1,56.48757,-3.95025,56.48757,56.48757,-3.95025,-3.95025,2.43,2.43,SNPP,0,0,1
3445,2015-04-06,2015-04-06,1,1,56.52581,-3.63793,56.52581,56.52581,-3.63793,-3.63793,3.7,3.7,SNPP,0,0,1
3446,2015-04-06,2015-04-09,3,4,56.61125,-3.71805,56.603,56.61647,-3.72546,-3.71012,23.18,38.42,SNPP,0,0,4
3447,2015-04-06,2015-04-06,1,1,56.95422,-2.96008,56.95422,56.95422,-2.96008,-2.96008,3.44,3.44,SNPP,0,0,1
3448,2015-04-06,2015-04-06,1,1,57.23496,-3.40164,57.23496,57.23496,-3.40164,-3.40164,3.26,3.26,SNPP,0,0,1
3449,2015-04-06,2015-04-06,1,1,57.37974,-3.71642,57.37974,57.37974,-3.71642,-3.71642,3.06,3.06,SNPP,0,0,1
3450,2015-04-06,2015-04-06,1,1,57.39719,-3.51602,57.39719,57.39719,-3.51602,-3.51602,2.53,2.53,SNPP,0,0,1
3451,2015-04-07,2015-04-07,1,2,54.78156,-2.05274,54.78106,54.78207,-2.05562,-2.04987,3.9,6.59,SNPP,0,0,1
3452,2015-04-07,2015-04-07,1,1,56.94177,-2.76637,56.94177,56.94177,-2.76637,-2.76637,6.43,6.43,SNPP,0,0,1
3453,2015-04-07,2015-04-07,1,1,50.64579,-3.38082,50.64579,50.64579,-3.38082,-3.38082,1.74,1.74,SNPP,0,0,1
3454,2015-04-07,2015-04-07,1,1,50.75826,-3.40802,50.75826,50.75826,-3.40802,-3.40802,2.85,2.85,SNPP,0,0,1
3455,2015-04-07,2015-04-07,1,1,50.77342,-2.94839,50.77342,50.77342,-2.94839,-2.94839,1.81,1.81,SNPP,0,0,1
3456,2015-04-07,2015-04-07,1,1,50.92404,-3.12562,50.92404,50.92404,-3.12562,-3.12562,3.13,3.13,SNPP,0,0,1
3457,2015-04-07,2015-04-07,1,1,51.06885,-2.74991,51.06885,51.06885,-2.74991,-2.74991,1.49,1.49,SNPP,0,0,1
3458,2015-04-07,2015-04-07,1,1,51.13392,-3.91146,51.13392,51.13392,-3.91146,-3.91146,6.34,6.34,SNPP,0,0,1
3459,2015-04-07,2015-04-07,1,1,51.19756,-2.5315,51.19756,51.19756,-2.5315,-2.5315,4.03,4.03,SNPP,0,0,1
3460,2015-04-07,2015-04-07,1,1,51.67386,-3.27262,51.67386,51.67386,-3.27262,-3.27262,6.39,6.39,SNPP,0,0,1
3461,2015-04-07,2015-04-07,1,2,51.69858,-3.9441,51.69529,51.70187,-3.94555,-3.94265,2.93,5.7,SNPP,0,0,1
3462,2015-04-07,2015-04-07,1,1,51.74342,-3.58286,51.74342,51.74342,-3.58286,-3.58286,1.43,1.43,SNPP,0,0,1
3463,2015-04-07,2015-04-07,1,1,51.82905,-4.63788,51.82905,51.82905,-4.63788,-4.63788,14.99,14.99,SNPP,0,0,1
3464,2015-04-07,2015-04-07,1,1,52.07866,-4.05429,52.07866,52.07866,-4.05429,-4.05429,3.08,3.08,SNPP,0,0,1
3465,2015-04-07,2015-04-07,1,1,52.45992,0.91876,52.45992,52.45992,0.91876,0.91876,1.36,1.36,SNPP,0,0,1
3466,2015-04-07,2015-04-07,1,1,52.47317,-1.44983,52.47317,52.47317,-1.44983,-1.44983,3.32,3.32,SNPP,0,0,1
3467,2015-04-07,2015-04-07,1,2,52.73394,-3.935,52.73346,52.73442,-3.93783,-3.93216,40.9,52.05,SNPP,0,0,1
3468,2015-04-07,2015-04-07,1,2,52.76854,-4.00404,52.76822,52.76885,-4.0053,-4.00279,7.32,13.87,SNPP,0,0,1
3469,2015-04-07,2015-04-07,1,1,53.78851,-2.03276,53.78851,53.78851,-2.03276,-2.03276,4.37,4.37,SNPP,0,0,1
3470,2015-04-07,2015-04-07,1,1,54.21067,-3.1618,54.21067,54.21067,-3.1618,-3.1618,6.61,6.61,SNPP,0,0,1
3471,2015-04-07,2015-04-07,1,2,54.41835,-1.17111,54.4167,54.42,-1.1718,-1.17043,8.19,11.66,SNPP,0,0,1
3472,2015-04-07,2015-04-07,1,1,54.42478,-1.9362,54.42478,54.42478,-1.9362,-1.9362,3.31,3.31,SNPP,0,0,1
3473,2015-04-07,2015-04-07,1,2,54.42903,-1.05115,54.42823,54.42983,-1.05322,-1.04908,14.37,15.81,SNPP,0,0,1
3474,2015-04-07,2015-04-07,1,2,54.45337,-0.97866,54.45296,54.45378,-0.98168,-0.97563,11.87,18.04,SNPP,0,0,1
3475,2015-04-07,2015-04-07,1,1,54.60777,-2.23166,54.60777,54.60777,-2.23166,-2.23166,11.3,11.3,SNPP,0,0,1
3476,2015-04-07,2015-04-07,1,1,54.67291,-2.0463,54.67291,54.67291,-2.0463,-2.0463,2.45,2.45,SNPP,0,0,1
3477,2015-04-07,2015-04-07,1,1,54.69742,-1.9244,54.69742,54.69742,-1.9244,-1.9244,4.41,4.41,SNPP,0,0,1
3478,2015-04-07,2015-04-07,1,1,55.41171,-1.75936,55.41171,55.41171,-1.75936,-1.75936,1.88,1.88,SNPP,0,0,1
3479,2015-04-07,2015-04-07,1,2,55.44922,-2.09773,55.44879,55.44965,-2.10077,-2.09469,3.91,7.82,SNPP,0,0,1
3480,2015-04-07,2015-04-07,1,1,54.66082,-7.52538,54.66082,54.66082,-7.52538,-7.52538,4.86,4.86,SNPP,0,0,1
3481,2015-04-07,2015-04-07,1,4,55.84159,-2.59916,55.83669,55.84649,-2.60137,-2.59694,14.59,36.03,SNPP,0,0,1
3482,2015-04-07,2015-04-07,1,1,55.87764,-2.63701,55.87764,55.87764,-2.63701,-2.63701,2.77,2.77,SNPP,0,0,1
3483,2015-04-07,2015-04-09,2,3,56.81587,-2.87084,56.81393,56.81828,-2.87539,-2.86201,13.66,26.43,SNPP,0,0,3
3484,2015-04-07,2015-04-07,1,1,56.91714,-3.41961,56.91714,56.91714,-3.41961,-3.41961,3.12,3.12,SNPP,0,0,1
3485,2015-04-07,2015-04-08,2,2,56.96843,-3.07772,56.96746,56.9694,-3.08357,-3.07187,4.8,7.52,SNPP,0,0,2
3486,2015-04-07,2015-04-07,1,2,56.98132,-3.244,56.97968,56.98295,-3.24474,-3.24327,4.58,9.16,SNPP,0,0,1
3487,2015-04-07,2015-04-07,1,1,57.01903,-3.18792,57.01903,57.01903,-3.18792,-3.18792,5.61,5.61,SNPP,0,0,1
3488,2015-04-07,2015-04-08,2,2,54.10065,-6.1258,54.09756,54.10374,-6.12803,-6.12358,13.51,13.76,SNPP,0,1,2
3489,2015-04-07,2015-04-08,2,5,57.50326,-4.63368,57.49719,57.5085,-4.63865,-4.62704,14.2,50.95,SNPP,0,0,2
3490,2015-04-08,2015-04-08,1,2,57.0807,-3.2582,57.07978,57.08161,-3.25979,-3.25661,6.28,11.72,SNPP,0,0,1
3491,2015-04-08,2015-04-08,1,1,53.67732,-2.49293,53.67732,53.67732,-2.49293,-2.49293,3.46,3.46,SNPP,0,0,1
3492,2015-04-08,2015-04-08,1,1,54.06233,-1.80913,54.06233,54.06233,-1.80913,-1.80913,2.23,2.23,SNPP,0,0,1
3493,2015-04-08,2015-04-08,1,1,54.49917,-2.03938,54.49917,54.49917,-2.03938,-2.03938,2.06,2.06,SNPP,0,0,1
3494,2015-04-08,2015-04-09,2,2,54.73325,-2.49792,54.73084,54.73566,-2.50839,-2.48745,4.03,5.62,SNPP,0,0,2
3495,2015-04-08,2015-04-08,1,1,54.82697,-2.12092,54.82697,54.82697,-2.12092,-2.12092,3.46,3.46,SNPP,0,0,1
3496,2015-04-08,2015-04-08,1,1,54.86658,-2.68585,54.86658,54.86658,-2.68585,-2.68585,2.72,2.72,SNPP,0,0,1
3497,2015-04-08,2015-04-08,1,1,54.89875,-2.17727,54.89875,54.89875,-2.17727,-2.17727,2.24,2.24,SNPP,0,0,1
3498,2015-04-08,2015-04-08,1,1,54.43239,-7.34187,54.43239,54.43239,-7.34187,-7.34187,2.5,2.5,SNPP,0,0,1
3499,2015-04-08,2015-04-08,1,1,55.18052,-2.89965,55.18052,55.18052,-2.89965,-2.89965,2.57,2.57,SNPP,0,0,1
3500,2015-04-08,2015-04-08,1,1,55.20387,-2.04785,55.20387,55.20387,-2.04785,-2.04785,5.94,5.94,SNPP,0,0,1
3501,2015-04-08,2015-04-08,1,1,55.50674,-2.11106,55.50674,55.50674,-2.11106,-2.11106,4.72,4.72,SNPP,0,0,1
3502,2015-04-08,2015-04-08,1,2,55.57698,-3.41556,55.57532,55.57864,-3.41667,-3.41446,4.12,6.47,SNPP,0,0,1
3503,2015-04-08,2015-04-08,1,1,55.59696,-3.45751,55.59696,55.59696,-3.45751,-3.45751,1.65,1.65,SNPP,0,0,1
3504,2015-04-08,2015-04-08,1,1,55.63399,-3.3845,55.63399,55.63399,-3.3845,-3.3845,2.03,2.03,SNPP,0,0,1
3505,2015-04-08,2015-04-08,1,1,55.71064,-2.98754,55.71064,55.71064,-2.98754,-2.98754,6.29,6.29,SNPP,0,0,1
3506,2015-04-08,2015-04-08,1,1,55.72379,-3.132,55.72379,55.72379,-3.132,-3.132,5.94,5.94,SNPP,0,0,1
3507,2015-04-08,2015-04-08,1,1,55.79959,-2.71203,55.79959,55.79959,-2.71203,-2.71203,2.39,2.39,SNPP,0,0,1
3508,2015-04-08,2015-04-08,1,1,55.85193,-2.79465,55.85193,55.85193,-2.79465,-2.79465,2.39,2.39,SNPP,0,0,1
3509,2015-04-08,2015-04-08,1,1,55.89312,-2.46394,55.89312,55.89312,-2.46394,-2.46394,5.04,5.04,SNPP,0,0,1
3510,2015-04-08,2015-04-08,1,1,56.50431,-3.92875,56.50431,56.50431,-3.92875,-3.92875,2.42,2.42,SNPP,0,0,1
3511,2015-04-08,2015-04-08,1,2,56.6225,-3.42054,56.62139,56.62361,-3.42058,-3.42051,3.95,7.11,SNPP,0,0,1
3512,2015-04-08,2015-04-09,2,4,56.74344,-3.37895,56.74026,56.74593,-3.38082,-3.37679,12.91,28.04,SNPP,2,0,2
3513,2015-04-08,2015-04-09,2,4,56.77962,-3.42861,56.77016,56.78335,-3.4347,-3.42539,7.43,20.79,SNPP,0,0,2
3514,2015-04-08,2015-04-08,1,1,56.81293,-3.39381,56.81293,56.81293,-3.39381,-3.39381,2.65,2.65,SNPP,0,0,1
3515,2015-04-08,2015-04-09,2,3,56.96022,-3.64196,56.95885,56.96161,-3.64269,-3.64078,4.46,12.92,SNPP,0,0,2
3516,2015-04-08,2015-04-08,1,1,57.19504,-3.32863,57.19504,57.19504,-3.32863,-3.32863,1.83,1.83,SNPP,0,0,1
3517,2015-04-08,2015-04-08,1,1,57.21468,-4.5344,57.21468,57.21468,-4.5344,-4.5344,3.51,3.51,SNPP,0,0,1
3518,2015-04-08,2015-04-09,2,2,57.27947,-4.05385,57.27805,57.28089,-4.05563,-4.05207,4.16,6.68,SNPP,0,0,2
3519,2015-04-08,2015-04-08,1,1,57.39376,-4.63868,57.39376,57.39376,-4.63868,-4.63868,3.07,3.07,SNPP,0,0,1
3520,2015-04-08,2015-04-08,1,1,57.40431,-3.62529,57.40431,57.40431,-3.62529,-3.62529,2.5,2.5,SNPP,0,0,1
3521,2015-04-08,2015-04-08,1,1,57.42451,-4.34473,57.42451,57.42451,-4.34473,-4.34473,5.8,5.8,SNPP,0,0,1
3522,2015-04-08,2015-04-08,1,1,57.53395,-5.15177,57.53395,57.53395,-5.15177,-5.15177,3.45,3.45,SNPP,0,0,1
3523,2015-04-08,2015-04-08,1,1,54.41877,-7.3452,54.41877,54.41877,-7.3452,-7.3452,2.17,2.17,SNPP,0,0,1
3524,2015-04-08,2015-04-08,1,2,54.45409,-7.33588,54.45238,54.45581,-7.33593,-7.33584,6.69,8.55,SNPP,0,0,1
3525,2015-04-08,2015-04-08,1,1,54.95532,-7.01275,54.95532,54.95532,-7.01275,-7.01275,2.06,2.06,SNPP,0,0,1
3526,2015-04-08,2015-04-08,1,1,56.68671,-3.55255,56.68671,56.68671,-3.55255,-3.55255,5.15,5.15,SNPP,0,0,1
3527,2015-04-08,2015-04-10,2,2,56.75608,-3.34975,56.75243,56.75973,-3.35411,-3.34539,4.06,6.38,SNPP,0,0,3
3528,2015-04-08,2015-04-08,1,3,56.83476,-3.23678,56.83426,56.83556,-3.24282,-3.2329,8.64,22.4,SNPP,0,0,1
3529,2015-04-08,2015-04-08,1,3,56.95339,-4.23804,56.95269,56.95469,-4.24379,-4.23444,7.18,17.48,SNPP,0,0,1
3530,2015-04-08,2015-04-08,1,1,57.07585,-4.6732,57.07585,57.07585,-4.6732,-4.6732,3.31,3.31,SNPP,0,0,1
3531,2015-04-08,2015-04-09,2,2,57.24468,-4.74347,57.24359,57.24578,-4.74381,-4.74312,4.23,7.16,SNPP,0,0,2
3532,2015-04-08,2015-04-08,1,1,57.6755,-6.26082,57.6755,57.6755,-6.26082,-6.26082,5.05,5.05,SNPP,0,0,1
3533,2015-04-09,2015-04-09,1,1,52.19701,0.30532,52.19701,52.19701,0.30532,0.30532,0.31,0.31,SNPP,0,1,1
3534,2015-04-09,2015-04-09,1,1,52.26122,-1.76668,52.26122,52.26122,-1.76668,-1.76668,0.83,0.83,SNPP,0,1,1
3535,2015-04-09,2015-04-09,1,1,52.32757,-0.41074,52.32757,52.32757,-0.41074,-0.41074,3.88,3.88,SNPP,0,1,1
3536,2015-04-09,2015-04-09,1,1,53.60064,-0.49944,53.60064,53.60064,-0.49944,-0.49944,0.99,0.99,SNPP,0,1,1
3537,2015-04-09,2015-04-09,1,1,51.75439,-4.27482,51.75439,51.75439,-4.27482,-4.27482,9.78,9.78,SNPP,0,0,1
3538,2015-04-09,2015-04-09,1,7,51.82531,-3.76275,51.81991,51.83047,-3.76911,-3.75894,5.4,27.07,SNPP,0,0,1
3539,2015-04-09,2015-04-09,1,1,53.49608,-0.64189,53.49608,53.49608,-0.64189,-0.64189,4.62,4.62,SNPP,0,0,1
3540,2015-04-09,2015-04-09,1,1,54.34751,-1.89568,54.34751,54.34751,-1.89568,-1.89568,3.33,3.33,SNPP,0,0,1
3541,2015-04-09,2015-04-10,2,4,54.45519,-2.11761,54.44613,54.46115,-2.13045,-2.11289,5.16,16.44,SNPP,0,0,2
3542,2015-04-09,2015-04-09,1,3,54.64994,-2.06525,54.64743,54.65124,-2.06725,-2.06164,6.18,16.37,SNPP,0,0,1
3543,2015-04-09,2015-04-09,1,1,54.83762,-2.27289,54.83762,54.83762,-2.27289,-2.27289,2.73,2.73,SNPP,0,0,1
3544,2015-04-09,2015-04-09,1,2,55.19664,-2.31839,55.19569,55.19758,-2.3225,-2.31428,9.26,18.52,SNPP,0,0,1
3545,2015-04-09,2015-04-09,1,2,55.44058,-3.67194,55.43989,55.44128,-3.67483,-3.66905,8.81,17.62,SNPP,0,0,1
3546,2015-04-09,2015-04-10,2,2,55.89167,-2.57099,55.8887,55.89464,-2.57546,-2.56651,4.98,7.84,SNPP,0,0,2
3547,2015-04-09,2015-04-09,1,1,56.4374,-4.46519,56.4374,56.4374,-4.46519,-4.46519,2.77,2.77,SNPP,0,0,1
3548,2015-04-09,2015-04-09,1,1,56.56343,-3.9118,56.56343,56.56343,-3.9118,-3.9118,4.78,4.78,SNPP,0,0,1
3549,2015-04-09,2015-04-09,1,1,56.69439,-4.67943,56.69439,56.69439,-4.67943,-4.67943,3.85,3.85,SNPP,0,0,1
3550,2015-04-09,2015-04-09,1,4,56.76951,-5.35342,56.76333,56.77347,-5.36084,-5.34444,11.45,44.2,SNPP,1,0,1
3551,2015-04-09,2015-04-09,1,3,56.83941,-2.97067,56.83693,56.84077,-2.97866,-2.96535,4.94,12.16,SNPP,0,0,1
3552,2015-04-09,2015-04-09,1,1,56.95985,-5.66478,56.95985,56.95985,-5.66478,-5.66478,3.61,3.61,SNPP,0,0,1
3553,2015-04-09,2015-04-09,1,5,57.03736,-3.3672,57.03483,57.04045,-3.37269,-3.36443,10.79,45.93,SNPP,0,0,1
3554,2015-04-09,2015-04-09,1,3,57.1437,-3.99066,57.14265,57.1454,-3.99263,-3.98917,5.5,12.21,SNPP,0,0,1
3555,2015-04-09,2015-04-09,1,2,57.22318,-3.99317,57.22076,57.2256,-3.99492,-3.99141,7.91,12.85,SNPP,0,0,1
3556,2015-04-09,2015-04-09,1,4,57.4284,-4.93412,57.4239,57.43011,-4.94102,-4.92442,7.23,20.11,SNPP,0,0,1
3557,2015-04-09,2015-04-09,1,3,57.48971,-4.60295,57.4878,57.49141,-4.60807,-4.596,7.33,20.58,SNPP,0,0,1
3558,2015-04-09,2015-04-09,1,2,57.49454,-3.3905,57.49384,57.49524,-3.39154,-3.38947,34.87,61.76,SNPP,0,0,1
3559,2015-04-09,2015-04-10,2,45,57.9299,-4.11994,57.91345,57.95708,-4.13926,-4.10056,46.04,684.85,SNPP,2,12,2
3560,2015-04-09,2015-04-10,2,4,58.06012,-3.9124,58.0541,58.06614,-3.92382,-3.90484,7.11,20.03,SNPP,0,0,2
3561,2015-04-09,2015-04-09,1,1,58.09175,-3.88566,58.09175,58.09175,-3.88566,-3.88566,3.77,3.77,SNPP,0,0,1
3562,2015-04-09,2015-04-09,1,3,58.2575,-4.10002,58.2556,58.25918,-4.1018,-4.09898,14.36,24.52,SNPP,0,0,1
3563,2015-04-09,2015-04-09,1,2,50.90197,-3.41489,50.89975,50.90419,-3.41659,-3.41319,6.82,13.25,SNPP,1,0,1
3564,2015-04-09,2015-04-09,1,2,51.78672,-3.88534,51.78663,51.78682,-3.88793,-3.88275,1.77,3.54,SNPP,0,0,1
3565,2015-04-09,2015-04-09,1,1,51.79501,-4.20228,51.79501,51.79501,-4.20228,-4.20228,2.48,2.48,SNPP,0,0,1
3566,2015-04-09,2015-04-09,1,1,53.19807,-2.01644,53.19807,53.19807,-2.01644,-2.01644,2.67,2.67,SNPP,0,0,1
3567,2015-04-09,2015-04-09,1,2,54.13457,-6.20904,54.13434,54.1348,-6.21043,-6.20766,3.45,6.82,SNPP,0,0,1
3568,2015-04-09,2015-04-09,1,3,54.48176,-2.12945,54.47864,54.48431,-2.13009,-2.12842,5.64,11.2,SNPP,0,0,1
3569,2015-04-09,2015-04-09,1,2,54.67592,-1.9741,54.6753,54.67654,-1.97488,-1.97333,4.21,8.21,SNPP,0,0,1
3570,2015-04-09,2015-04-09,1,1,54.70075,-4.38394,54.70075,54.70075,-4.38394,-4.38394,6.34,6.34,SNPP,0,0,1
3571,2015-04-09,2015-04-09,1,2,54.77997,-2.17335,54.7779,54.78204,-2.17351,-2.17319,4.58,7.67,SNPP,0,0,1
3572,2015-04-09,2015-04-09,1,1,54.94017,-6.71922,54.94017,54.94017,-6.71922,-6.71922,5.23,5.23,SNPP,0,0,1
3573,2015-04-09,2015-04-09,1,1,55.1286,-4.55363,55.1286,55.1286,-4.55363,-4.55363,1.69,1.69,SNPP,0,0,1
3574,2015-04-09,2015-04-09,1,2,55.17042,-2.06826,55.17038,55.17047,-2.07155,-2.06498,4.14,8.28,SNPP,0,0,1
3575,2015-04-09,2015-04-09,1,2,55.2004,-2.21219,55.19829,55.2025,-2.21226,-2.21212,7.03,12.07,SNPP,1,0,1
3576,2015-04-09,2015-04-09,1,1,55.34039,-1.83036,55.34039,55.34039,-1.83036,-1.83036,3.21,3.21,SNPP,0,0,1
3577,2015-04-09,2015-04-09,1,1,55.38111,-1.78955,55.38111,55.38111,-1.78955,-1.78955,3.89,3.89,SNPP,0,0,1
3578,2015-04-09,2015-04-09,1,2,55.84228,-3.37559,55.84221,55.84234,-3.3787,-3.37249,19.69,26.42,SNPP,1,0,1
3579,2015-04-09,2015-04-09,1,2,56.26542,-4.41789,56.26533,56.2655,-4.4208,-4.41499,6.03,12.06,SNPP,0,0,1
3580,2015-04-09,2015-04-09,1,2,56.31924,-6.29411,56.31681,56.32167,-6.2944,-6.29382,6.65,13.15,SNPP,0,0,1
3581,2015-04-09,2015-04-09,1,2,56.37974,-3.03768,56.37968,56.37979,-3.04086,-3.03449,6.73,11.39,SNPP,0,0,1
3582,2015-04-09,2015-04-09,1,1,56.49396,-4.45605,56.49396,56.49396,-4.45605,-4.45605,2.5,2.5,SNPP,0,0,1
3583,2015-04-09,2015-04-09,1,4,56.5226,-3.65267,56.52039,56.52581,-3.65512,-3.64916,5.16,17.62,SNPP,2,0,1
3584,2015-04-09,2015-04-09,1,1,56.55173,-4.02546,56.55173,56.55173,-4.02546,-4.02546,3.98,3.98,SNPP,0,0,1
3585,2015-04-09,2015-04-09,1,1,56.8564,-3.88644,56.8564,56.8564,-3.88644,-3.88644,4.14,4.14,SNPP,0,0,1
3586,2015-04-09,2015-04-09,1,1,56.86283,-2.98646,56.86283,56.86283,-2.98646,-2.98646,2.66,2.66,SNPP,0,0,1
3587,2015-04-09,2015-04-09,1,2,56.86558,-3.40919,56.86553,56.86563,-3.41205,-3.40633,3.9,6.61,SNPP,0,0,1
3588,2015-04-09,2015-04-10,2,4,56.86202,-3.9502,56.85803,56.86583,-3.95505,-3.94615,16.76,49.1,SNPP,1,0,2
3589,2015-04-09,2015-04-09,1,1,56.92657,-4.23222,56.92657,56.92657,-4.23222,-4.23222,2.24,2.24,SNPP,0,0,1
3590,2015-04-09,2015-04-09,1,2,56.94482,-4.169,56.94389,56.94575,-4.17017,-4.16783,3.23,5.01,SNPP,0,0,1
3591,2015-04-09,2015-04-09,1,2,56.95882,-2.89864,56.95689,56.96076,-2.89966,-2.89762,12.38,22.08,SNPP,2,0,1
3592,2015-04-09,2015-04-09,1,2,56.99021,-3.16973,56.99016,56.99026,-3.17296,-3.1665,5.97,11.94,SNPP,1,0,1
3593,2015-04-09,2015-04-09,1,1,57.01379,-4.13756,57.01379,57.01379,-4.13756,-4.13756,2.51,2.51,SNPP,0,0,1
3594,2015-04-09,2015-04-09,1,6,57.06156,-3.36905,57.05774,57.06364,-3.37194,-3.36441,40.46,155.09,SNPP,3,0,1
3595,2015-04-09,2015-04-09,1,1,57.0626,-4.21947,57.0626,57.0626,-4.21947,-4.21947,6.56,6.56,SNPP,1,0,1
3596,2015-04-09,2015-04-09,1,1,57.08502,-4.17005,57.08502,57.08502,-4.17005,-4.17005,3.06,3.06,SNPP,0,0,1
3597,2015-04-09,2015-04-09,1,1,57.11593,-4.41094,57.11593,57.11593,-4.41094,-4.41094,2.2,2.2,SNPP,0,0,1
3598,2015-04-09,2015-04-09,1,1,57.19964,-4.40052,57.19964,57.19964,-4.40052,-4.40052,5.17,5.17,SNPP,0,0,1
3599,2015-04-09,2015-04-09,1,1,57.31658,-4.0897,57.31658,57.31658,-4.0897,-4.0897,3.19,3.19,SNPP,0,0,1
3600,2015-04-09,2015-04-09,1,1,57.36815,-3.7136,57.36815,57.36815,-3.7136,-3.7136,9.42,9.42,SNPP,1,0,1
3601,2015-04-09,2015-04-09,1,1,57.39363,-3.24536,57.39363,57.39363,-3.24536,-3.24536,4.94,4.94,SNPP,0,0,1
3602,2015-04-09,2015-04-09,1,1,57.68111,-4.90515,57.68111,57.68111,-4.90515,-4.90515,5.52,5.52,SNPP,0,0,1
3603,2015-04-09,2015-04-09,1,1,57.94879,-4.45292,57.94879,57.94879,-4.45292,-4.45292,4.59,4.59,SNPP,1,0,1
3604,2015-04-09,2015-04-09,1,1,57.9972,-4.10301,57.9972,57.9972,-4.10301,-4.10301,3.84,3.84,SNPP,0,0,1
3605,2015-04-09,2015-04-09,1,1,58.24897,-4.06907,58.24897,58.24897,-4.06907,-4.06907,3.18,3.18,SNPP,0,0,1
3606,2015-04-10,2015-04-10,1,6,57.40209,-3.21574,57.3989,57.4051,-3.22218,-3.20986,5.09,18.74,SNPP,0,6,1
3607,2015-04-10,2015-04-10,1,2,57.5752,-3.5703,57.57499,57.5754,-3.5721,-3.56849,1.57,2.32,SNPP,0,2,1
3608,2015-04-10,2015-04-10,1,3,53.79184,-2.64336,53.78934,53.79458,-2.64385,-2.64281,2.34,4.18,SNPP,0,3,1
3609,2015-04-10,2015-04-10,1,1,54.85714,-4.61676,54.85714,54.85714,-4.61676,-4.61676,2.85,2.85,SNPP,0,1,1
3610,2015-04-10,2015-04-10,1,2,54.61392,-1.1935,54.61315,54.61468,-1.19421,-1.19279,0.71,1.32,SNPP,0,2,1
3611,2015-04-10,2015-04-10,1,2,51.75279,-3.7546,51.75202,51.75356,-3.75703,-3.75216,6.5,13.0,SNPP,0,0,1
3612,2015-04-10,2015-04-10,1,1,54.1063,-1.92235,54.1063,54.1063,-1.92235,-1.92235,3.85,3.85,SNPP,0,0,1
3613,2015-04-10,2015-04-10,1,7,57.23375,-5.57733,57.23017,57.24001,-5.58411,-5.5704,20.99,76.03,SNPP,1,0,1
3614,2015-04-10,2015-04-10,1,1,57.29354,-4.6742,57.29354,57.29354,-4.6742,-4.6742,6.72,6.72,SNPP,0,0,1
3615,2015-04-10,2015-04-10,1,2,57.4424,-6.16601,57.44137,57.44342,-6.16601,-6.16601,6.94,12.09,SNPP,0,0,1
3616,2015-04-10,2015-04-10,1,2,57.47576,-6.14388,57.47357,57.47796,-6.14599,-6.14177,4.6,9.2,SNPP,0,0,1
3617,2015-04-10,2015-04-10,1,3,57.48089,-4.75506,57.4801,57.48146,-4.7582,-4.75182,14.41,26.57,SNPP,0,0,1
3618,2015-04-10,2015-04-10,1,1,58.24315,-3.99699,58.24315,58.24315,-3.99699,-3.99699,2.42,2.42,SNPP,0,0,1
3619,2015-04-10,2015-04-10,1,30,58.52901,-4.45998,58.51443,58.54526,-4.49134,-4.4335,16.14,244.35,SNPP,0,0,1
3620,2015-04-10,2015-04-10,1,5,58.56394,-3.89123,58.56312,58.56446,-3.89969,-3.88523,6.11,27.7,SNPP,0,0,1
3621,2015-04-10,2015-04-10,1,1,54.58617,-2.25074,54.58617,54.58617,-2.25074,-2.25074,14.49,14.49,SNPP,0,0,1
3622,2015-04-10,2015-04-10,1,1,54.83498,-2.40607,54.83498,54.83498,-2.40607,-2.40607,3.87,3.87,SNPP,0,0,1
3623,2015-04-10,2015-04-10,1,1,54.89294,-6.9314,54.89294,54.89294,-6.9314,-6.9314,19.1,19.1,SNPP,0,0,1
3624,2015-04-10,2015-04-10,1,1,55.27356,-3.66675,55.27356,55.27356,-3.66675,-3.66675,1.63,1.63,SNPP,0,0,1
3625,2015-04-10,2015-04-10,1,1,55.27607,-1.93952,55.27607,55.27607,-1.93952,-1.93952,6.84,6.84,SNPP,0,0,1
3626,2015-04-10,2015-04-10,1,1,55.28161,-3.88333,55.28161,55.28161,-3.88333,-3.88333,15.08,15.08,SNPP,0,0,1
3627,2015-04-10,2015-04-10,1,1,55.36484,-3.23629,55.36484,55.36484,-3.23629,-3.23629,3.78,3.78,SNPP,0,0,1
3628,2015-04-10,2015-04-10,1,1,56.68761,-3.3516,56.68761,56.68761,-3.3516,-3.3516,7.75,7.75,SNPP,0,0,1
3629,2015-04-10,2015-04-10,1,1,56.8599,-2.95937,56.8599,56.8599,-2.95937,-2.95937,4.23,4.23,SNPP,0,0,1
3630,2015-04-10,2015-04-10,1,2,56.98072,-5.7254,56.97867,56.98277,-5.72617,-5.72463,3.38,6.76,SNPP,0,0,1
3631,2015-04-10,2015-04-10,1,1,56.99765,-5.81016,56.99765,56.99765,-5.81016,-5.81016,3.11,3.11,SNPP,0,0,1
3632,2015-04-10,2015-04-10,1,1,57.45122,-5.5252,57.45122,57.45122,-5.5252,-5.5252,3.51,3.51,SNPP,0,0,1
3633,2015-04-10,2015-04-10,1,1,58.16616,-5.19256,58.16616,58.16616,-5.19256,-5.19256,19.82,19.82,SNPP,0,0,1
3634,2015-04-10,2015-04-10,1,3,58.34951,-3.45247,58.34459,58.35427,-3.45792,-3.44942,23.81,58.02,SNPP,0,0,1
3635,2015-04-10,2015-04-10,1,1,60.32281,-1.43249,60.32281,60.32281,-1.43249,-1.43249,5.53,5.53,SNPP,0,0,1
3636,2015-04-11,2015-04-11,1,2,55.51122,-2.13681,55.51111,55.51133,-2.13966,-2.13396,6.17,11.33,SNPP,0,2,1
3637,2015-04-11,2015-04-11,1,1,51.91518,-0.62655,51.91518,51.91518,-0.62655,-0.62655,4.98,4.98,SNPP,0,0,1
3638,2015-04-11,2015-04-11,1,1,52.22208,-1.41062,52.22208,52.22208,-1.41062,-1.41062,6.78,6.78,SNPP,0,0,1
3639,2015-04-11,2015-04-11,1,1,52.37667,0.37764,52.37667,52.37667,0.37764,0.37764,2.62,2.62,SNPP,0,0,1
3640,2015-04-11,2015-04-11,1,4,53.75281,-2.80377,53.7522,53.75341,-2.80769,-2.79986,6.73,23.82,SNPP,0,0,1
3641,2015-04-12,2015-04-12,1,1,57.43327,-2.48413,57.43327,57.43327,-2.48413,-2.48413,1.99,1.99,SNPP,0,0,1
3642,2015-04-12,2015-04-14,3,3,52.44433,-0.1409,52.4441,52.44461,-0.14245,-0.139,8.15,9.76,SNPP,0,2,3
3643,2015-04-13,2015-04-13,1,1,51.65031,-3.42852,51.65031,51.65031,-3.42852,-3.42852,10.13,10.13,SNPP,0,0,1
3644,2015-04-14,2015-04-14,1,1,51.25931,1.00363,51.25931,51.25931,1.00363,1.00363,4.38,4.38,SNPP,0,0,1
3645,2015-04-14,2015-04-14,1,1,52.72713,-2.43717,52.72713,52.72713,-2.43717,-2.43717,2.28,2.28,SNPP,0,0,1
3646,2015-04-14,2015-04-14,1,3,53.11563,-0.03739,53.11331,53.1168,-0.03824,-0.03627,3.81,10.83,SNPP,0,0,1
3647,2015-04-14,2015-04-14,1,1,51.00777,-2.81962,51.00777,51.00777,-2.81962,-2.81962,2.83,2.83,SNPP,0,0,1
3648,2015-04-14,2015-04-14,1,2,51.71884,-3.05148,51.71879,51.71888,-3.05283,-3.05013,5.04,8.99,SNPP,0,0,1
3649,2015-04-14,2015-04-14,1,2,51.79958,-3.78652,51.79877,51.8004,-3.7869,-3.78615,2.9,5.11,SNPP,0,0,1
3650,2015-04-15,2015-04-15,1,1,51.10455,-0.26956,51.10455,51.10455,-0.26956,-0.26956,1.01,1.01,SNPP,0,1,1
3651,2015-04-15,2015-04-15,1,1,52.25187,0.30471,52.25187,52.25187,0.30471,0.30471,0.37,0.37,SNPP,0,1,1
3652,2015-04-15,2015-04-15,1,2,53.764,-0.35331,53.76223,53.76577,-0.35488,-0.35174,2.15,3.51,SNPP,0,2,1
3653,2015-04-15,2015-04-15,1,5,51.2896,-0.67869,51.28608,51.29155,-0.6861,-0.67345,20.85,59.49,SNPP,1,0,1
3654,2015-04-15,2015-04-15,1,1,51.82216,-1.2271,51.82216,51.82216,-1.2271,-1.2271,3.16,3.16,SNPP,0,0,1
3655,2015-04-15,2015-04-15,1,1,52.50568,0.22558,52.50568,52.50568,0.22558,0.22558,2.21,2.21,SNPP,0,0,1
3656,2015-04-15,2015-04-15,1,1,52.70498,1.34006,52.70498,52.70498,1.34006,1.34006,1.98,1.98,SNPP,0,0,1
3657,2015-04-16,2015-04-16,1,2,51.48195,-1.33785,51.48141,51.48249,-1.34103,-1.33467,1.35,2.32,SNPP,0,2,1
3658,2015-04-16,2015-04-16,1,1,51.53003,-3.658,51.53003,51.53003,-3.658,-3.658,3.05,3.05,SNPP,0,0,1
3659,2015-04-16,2015-04-16,1,1,56.99482,-3.15276,56.99482,56.99482,-3.15276,-3.15276,5.58,5.58,SNPP,0,0,1
3660,2015-04-16,2015-04-16,1,2,51.59386,-3.23484,51.59198,51.59573,-3.23542,-3.23425,5.42,9.07,SNPP,0,0,1
3661,2015-04-16,2015-04-16,1,4,51.63004,-3.44656,51.62784,51.63223,-3.44739,-3.44574,33.39,110.28,SNPP,0,0,1
3662,2015-04-16,2015-04-16,1,1,53.4403,-1.57434,53.4403,53.4403,-1.57434,-1.57434,2.08,2.08,SNPP,0,0,1
3663,2015-04-17,2015-04-17,1,1,51.40955,-0.54934,51.40955,51.40955,-0.54934,-0.54934,2.27,2.27,SNPP,0,1,1
3664,2015-04-17,2015-04-17,1,5,57.12963,-7.30082,57.12476,57.13165,-7.30617,-7.29808,18.99,34.01,SNPP,0,0,1
3665,2015-04-17,2015-04-17,1,2,54.74928,-7.26855,54.74767,54.7509,-7.26934,-7.26776,4.37,7.66,SNPP,0,0,1
3666,2015-04-18,2015-04-18,1,2,51.46544,-3.41972,51.464,51.46687,-3.4225,-3.41693,2.03,3.45,SNPP,0,1,1
3667,2015-04-18,2015-04-18,1,1,53.88754,-1.33475,53.88754,53.88754,-1.33475,-1.33475,5.67,5.67,SNPP,0,1,1
3668,2015-04-18,2015-04-18,1,1,51.17139,-3.36514,51.17139,51.17139,-3.36514,-3.36514,1.13,1.13,SNPP,0,0,1
3669,2015-04-18,2015-04-18,1,1,51.22878,-0.05043,51.22878,51.22878,-0.05043,-0.05043,2.16,2.16,SNPP,0,0,1
3670,2015-04-18,2015-04-18,1,1,51.28469,-0.6889,51.28469,51.28469,-0.6889,-0.6889,51.0,51.0,SNPP,0,0,1
3671,2015-04-18,2015-04-18,1,1,51.5596,-0.53874,51.5596,51.5596,-0.53874,-0.53874,1.61,1.61,SNPP,0,0,1
3672,2015-04-18,2015-04-18,1,7,51.64606,-3.64773,51.64208,51.64958,-3.65329,-3.64045,19.34,84.01,SNPP,1,0,1
3673,2015-04-18,2015-04-18,1,2,51.64879,-3.3111,51.64713,51.65045,-3.31193,-3.31028,7.06,9.44,SNPP,0,0,1
3674,2015-04-18,2015-04-19,2,6,51.67196,-3.49364,51.66864,51.67467,-3.51471,-3.47996,15.44,60.16,SNPP,0,0,2
3675,2015-04-18,2015-04-18,1,1,51.7651,-1.64297,51.7651,51.7651,-1.64297,-1.64297,2.9,2.9,SNPP,0,0,1
3676,2015-04-18,2015-04-18,1,1,52.14024,-3.21564,52.14024,52.14024,-3.21564,-3.21564,2.3,2.3,SNPP,0,0,1
3677,2015-04-18,2015-04-18,1,1,52.37144,0.43552,52.37144,52.37144,0.43552,0.43552,1.37,1.37,SNPP,0,0,1
3678,2015-04-18,2015-04-18,1,1,52.45046,-1.94284,52.45046,52.45046,-1.94284,-1.94284,2.14,2.14,SNPP,0,0,1
3679,2015-04-18,2015-04-18,1,1,52.47398,-1.45238,52.47398,52.47398,-1.45238,-1.45238,3.78,3.78,SNPP,0,0,1
3680,2015-04-18,2015-04-18,1,1,53.02743,-2.9501,53.02743,53.02743,-2.9501,-2.9501,1.85,1.85,SNPP,0,0,1
3681,2015-04-18,2015-04-18,1,1,53.22884,-3.02491,53.22884,53.22884,-3.02491,-3.02491,7.44,7.44,SNPP,0,0,1
3682,2015-04-18,2015-04-18,1,4,53.237,-3.96154,53.23352,53.2385,-3.96835,-3.95809,13.96,34.51,SNPP,0,0,1
3683,2015-04-18,2015-04-23,4,5,54.14134,-6.43141,54.13744,54.14452,-6.44579,-6.41694,27.63,52.51,SNPP,0,2,6
3684,2015-04-18,2015-04-18,1,1,55.76812,-3.5909,55.76812,55.76812,-3.5909,-3.5909,7.36,7.36,SNPP,0,0,1
3685,2015-04-18,2015-04-18,1,2,51.89134,-3.23419,51.8913,51.89138,-3.23577,-3.23261,8.49,14.54,SNPP,0,0,1
3686,2015-04-18,2015-04-18,1,1,54.54794,-7.98778,54.54794,54.54794,-7.98778,-7.98778,7.47,7.47,SNPP,0,0,1
3687,2015-04-18,2015-04-18,1,3,54.85421,-4.70091,54.85355,54.85519,-4.7078,-4.69741,8.9,21.61,SNPP,0,0,1
3688,2015-04-19,2015-04-19,1,1,52.96842,-3.96279,52.96842,52.96842,-3.96279,-3.96279,2.18,2.18,SNPP,0,1,1
3689,2015-04-19,2015-04-19,1,1,51.6597,-3.20472,51.6597,51.6597,-3.20472,-3.20472,2.05,2.05,SNPP,0,1,1
3690,2015-04-19,2015-04-19,1,2,51.75158,-3.14826,51.7499,51.75325,-3.14898,-3.14754,3.2,6.4,SNPP,0,2,1
3691,2015-04-19,2015-04-19,1,1,51.97849,-4.63361,51.97849,51.97849,-4.63361,-4.63361,2.4,2.4,SNPP,0,0,1
3692,2015-04-19,2015-04-19,1,1,53.44159,-1.573,53.44159,53.44159,-1.573,-1.573,2.63,2.63,SNPP,0,0,1
3693,2015-04-19,2015-04-19,1,1,54.89846,-4.75213,54.89846,54.89846,-4.75213,-4.75213,4.61,4.61,SNPP,0,0,1
3694,2015-04-19,2015-04-19,1,2,58.52944,-4.22888,58.52927,58.5296,-4.22896,-4.22879,7.18,11.52,SNPP,0,0,1
3695,2015-04-19,2015-04-19,1,1,50.54214,-4.68619,50.54214,50.54214,-4.68619,-4.68619,9.18,9.18,SNPP,0,0,1
3696,2015-04-19,2015-04-19,1,1,53.01976,-4.07648,53.01976,53.01976,-4.07648,-4.07648,6.84,6.84,SNPP,0,0,1
3697,2015-04-19,2015-04-19,1,1,54.143,-7.60417,54.143,54.143,-7.60417,-7.60417,2.11,2.11,SNPP,0,0,1
3698,2015-04-20,2015-04-20,1,1,53.95027,-0.92385,53.95027,53.95027,-0.92385,-0.92385,0.46,0.46,SNPP,0,1,1
3699,2015-04-20,2015-04-21,2,4,51.60511,-3.12199,51.60438,51.607,-3.12591,-3.11931,5.29,13.23,SNPP,0,2,2
3700,2015-04-20,2015-04-20,1,1,51.71628,-2.89453,51.71628,51.71628,-2.89453,-2.89453,0.95,0.95,SNPP,0,1,1
3701,2015-04-20,2015-04-20,1,1,51.91801,0.47818,51.91801,51.91801,0.47818,0.47818,0.86,0.86,SNPP,0,1,1
3702,2015-04-20,2015-04-20,1,1,51.53262,-3.53099,51.53262,51.53262,-3.53099,-3.53099,7.34,7.34,SNPP,0,0,1
3703,2015-04-20,2015-04-20,1,1,52.37609,0.37751,52.37609,52.37609,0.37751,0.37751,2.06,2.06,SNPP,0,0,1
3704,2015-04-20,2015-04-20,1,1,53.01049,0.09271,53.01049,53.01049,0.09271,0.09271,6.45,6.45,SNPP,0,0,1
3705,2015-04-20,2015-04-20,1,2,54.90985,-4.71438,54.90967,54.91003,-4.71443,-4.71433,6.78,10.87,SNPP,0,0,1
3706,2015-04-20,2015-04-20,1,3,57.67576,-3.21763,57.67537,57.67604,-3.21942,-3.21502,4.35,10.46,SNPP,0,0,1
3707,2015-04-20,2015-04-20,1,1,58.25531,-4.74557,58.25531,58.25531,-4.74557,-4.74557,5.54,5.54,SNPP,0,0,1
3708,2015-04-20,2015-04-20,1,1,50.56224,-3.9896,50.56224,50.56224,-3.9896,-3.9896,1.49,1.49,SNPP,0,0,1
3709,2015-04-20,2015-04-20,1,1,57.59644,-6.17656,57.59644,57.59644,-6.17656,-6.17656,4.62,4.62,SNPP,0,0,1
3710,2015-04-21,2015-04-21,1,1,53.6407,-0.38596,53.6407,53.6407,-0.38596,-0.38596,0.42,0.42,SNPP,0,1,1
3711,2015-04-21,2015-04-21,1,1,54.25006,-5.98536,54.25006,54.25006,-5.98536,-5.98536,0.79,0.79,SNPP,0,1,1
3712,2015-04-21,2015-04-21,1,1,51.65636,-3.96405,51.65636,51.65636,-3.96405,-3.96405,1.98,1.98,SNPP,0,1,1
3713,2015-04-21,2015-04-21,1,1,53.63669,-2.76323,53.63669,53.63669,-2.76323,-2.76323,1.15,1.15,SNPP,0,1,1
3714,2015-04-21,2015-04-21,1,1,58.13906,-6.37195,58.13906,58.13906,-6.37195,-6.37195,1.18,1.18,SNPP,0,1,1
3715,2015-04-21,2015-04-21,1,1,50.66617,-2.18388,50.66617,50.66617,-2.18388,-2.18388,2.17,2.17,SNPP,0,0,1
3716,2015-04-21,2015-04-21,1,2,51.63672,-3.48822,51.63628,51.63717,-3.48849,-3.48795,4.71,8.33,SNPP,0,0,1
3717,2015-04-21,2015-04-22,2,9,51.75221,-3.81279,51.74774,51.75773,-3.82055,-3.80566,25.14,115.5,SNPP,1,0,2
3718,2015-04-21,2015-04-21,1,3,51.91412,-4.17652,51.91317,51.91558,-4.1792,-4.17331,10.0,24.78,SNPP,1,0,1
3719,2015-04-21,2015-04-21,1,1,52.02817,-3.77346,52.02817,52.02817,-3.77346,-3.77346,2.24,2.24,SNPP,0,0,1
3720,2015-04-21,2015-04-21,1,1,52.60663,-3.64181,52.60663,52.60663,-3.64181,-3.64181,4.52,4.52,SNPP,0,0,1
3721,2015-04-21,2015-04-21,1,1,53.13251,-1.07983,53.13251,53.13251,-1.07983,-1.07983,1.54,1.54,SNPP,0,0,1
3722,2015-04-21,2015-04-21,1,1,50.94917,-1.56464,50.94917,50.94917,-1.56464,-1.56464,5.91,5.91,SNPP,0,0,1
3723,2015-04-21,2015-04-21,1,1,51.5031,-3.48342,51.5031,51.5031,-3.48342,-3.48342,3.95,3.95,SNPP,0,0,1
3724,2015-04-21,2015-04-23,3,7,52.20518,-0.37169,52.20277,52.20735,-0.37417,-0.36754,7.44,25.93,SNPP,0,4,3
3725,2015-04-21,2015-04-21,1,1,54.55724,-7.44372,54.55724,54.55724,-7.44372,-7.44372,2.95,2.95,SNPP,0,0,1
3726,2015-04-21,2015-04-21,1,3,54.86842,-4.23544,54.86824,54.86876,-4.23814,-4.23187,3.68,8.96,SNPP,0,0,1
3727,2015-04-21,2015-04-21,1,2,55.03113,-5.99318,55.0304,55.03186,-5.99324,-5.99313,3.35,6.4,SNPP,0,0,1
3728,2015-04-21,2015-04-21,1,1,55.91392,-3.84448,55.91392,55.91392,-3.84448,-3.84448,2.41,2.41,SNPP,0,0,1
3729,2015-04-21,2015-04-21,1,1,55.93753,-4.37657,55.93753,55.93753,-4.37657,-4.37657,1.46,1.46,SNPP,0,0,1
3730,2015-04-21,2015-04-21,1,1,56.65436,-3.9434,56.65436,56.65436,-3.9434,-3.9434,9.24,9.24,SNPP,0,0,1
3731,2015-04-21,2015-04-21,1,1,56.84805,-4.24805,56.84805,56.84805,-4.24805,-4.24805,3.49,3.49,SNPP,0,0,1
3732,2015-04-21,2015-04-21,1,4,57.1267,-4.59224,57.1194,57.1322,-4.59993,-4.58798,5.73,17.0,SNPP,0,0,1
3733,2015-04-22,2015-04-22,1,4,54.49058,-7.09578,54.48884,54.4927,-7.09882,-7.09298,4.56,11.97,SNPP,0,2,1
3734,2015-04-22,2015-04-22,1,1,51.62333,-3.76307,51.62333,51.62333,-3.76307,-3.76307,0.87,0.87,SNPP,0,1,1
3735,2015-04-22,2015-04-22,1,1,51.74901,-0.412,51.74901,51.74901,-0.412,-0.412,1.3,1.3,SNPP,0,1,1
3736,2015-04-22,2015-04-22,1,1,52.93217,-4.04025,52.93217,52.93217,-4.04025,-4.04025,1.06,1.06,SNPP,0,1,1
3737,2015-04-22,2015-04-22,1,1,51.15237,-3.87549,51.15237,51.15237,-3.87549,-3.87549,4.27,4.27,SNPP,0,0,1
3738,2015-04-22,2015-04-22,1,1,53.65565,-2.21233,53.65565,53.65565,-2.21233,-2.21233,4.98,4.98,SNPP,0,0,1
3739,2015-04-22,2015-04-22,1,1,50.88508,-2.32923,50.88508,50.88508,-2.32923,-2.32923,4.56,4.56,SNPP,0,0,1
3740,2015-04-22,2015-04-22,1,3,51.60789,-3.41773,51.60576,51.60915,-3.41961,-3.41503,4.94,12.42,SNPP,0,0,1
3741,2015-04-22,2015-04-22,1,1,51.66192,-3.89623,51.66192,51.66192,-3.89623,-3.89623,7.01,7.01,SNPP,0,0,1
3742,2015-04-22,2015-04-22,1,1,52.13033,-4.27229,52.13033,52.13033,-4.27229,-4.27229,4.98,4.98,SNPP,0,0,1
3743,2015-04-22,2015-04-22,1,1,52.17962,-2.84504,52.17962,52.17962,-2.84504,-2.84504,5.01,5.01,SNPP,0,0,1
3744,2015-04-22,2015-04-22,1,1,52.25605,-4.09229,52.25605,52.25605,-4.09229,-4.09229,9.37,9.37,SNPP,0,0,1
3745,2015-04-22,2015-04-22,1,1,52.39993,-3.25592,52.39993,52.39993,-3.25592,-3.25592,9.7,9.7,SNPP,0,0,1
3746,2015-04-22,2015-04-22,1,1,53.0622,-3.78192,53.0622,53.0622,-3.78192,-3.78192,6.67,6.67,SNPP,0,0,1
3747,2015-04-22,2015-04-22,1,1,54.64198,-6.87071,54.64198,54.64198,-6.87071,-6.87071,2.08,2.08,SNPP,0,0,1
3748,2015-04-22,2015-04-22,1,1,54.722,-7.71255,54.722,54.722,-7.71255,-7.71255,5.24,5.24,SNPP,0,0,1
3749,2015-04-22,2015-04-23,2,2,54.83125,-7.20698,54.82784,54.83466,-7.21681,-7.19714,4.4,7.77,SNPP,0,0,2
3750,2015-04-22,2015-04-22,1,1,54.97217,-6.0299,54.97217,54.97217,-6.0299,-6.0299,4.56,4.56,SNPP,0,0,1
3751,2015-04-22,2015-04-23,2,2,54.98082,-4.95439,54.97732,54.98433,-4.95957,-4.94921,4.27,8.37,SNPP,0,0,2
3752,2015-04-22,2015-04-22,1,1,56.10889,-4.53012,56.10889,56.10889,-4.53012,-4.53012,6.51,6.51,SNPP,0,0,1
3753,2015-04-22,2015-04-22,1,4,56.23366,-5.47497,56.23156,56.23575,-5.47899,-5.47094,7.09,24.02,SNPP,0,0,1
3754,2015-04-22,2015-04-22,1,1,56.47293,-4.03967,56.47293,56.47293,-4.03967,-4.03967,4.11,4.11,SNPP,0,0,1
3755,2015-04-22,2015-04-22,1,1,56.63989,-3.92314,56.63989,56.63989,-3.92314,-3.92314,6.79,6.79,SNPP,0,0,1
3756,2015-04-22,2015-04-22,1,1,57.51101,-6.43391,57.51101,57.51101,-6.43391,-6.43391,8.32,8.32,SNPP,0,0,1
3757,2015-04-23,2015-04-23,1,1,55.55276,-3.30318,55.55276,55.55276,-3.30318,-3.30318,0.67,0.67,SNPP,0,1,1
3758,2015-04-23,2015-04-23,1,3,57.13093,-4.69353,57.13029,57.13129,-4.6984,-4.68986,1.58,4.74,SNPP,0,3,1
3759,2015-04-23,2015-04-23,1,9,51.62164,-3.14398,51.61959,51.62371,-3.15406,-3.13314,5.49,33.34,SNPP,0,9,1
3760,2015-04-23,2015-04-23,1,1,51.37458,-2.62326,51.37458,51.37458,-2.62326,-2.62326,1.32,1.32,SNPP,0,1,1
3761,2015-04-23,2015-04-23,1,1,55.61514,-3.14623,55.61514,55.61514,-3.14623,-3.14623,5.12,5.12,SNPP,0,0,1
3762,2015-04-23,2015-04-23,1,1,50.56027,-3.98532,50.56027,50.56027,-3.98532,-3.98532,5.96,5.96,SNPP,0,0,1
3763,2015-04-23,2015-04-23,1,1,51.03457,-0.81326,51.03457,51.03457,-0.81326,-0.81326,1.98,1.98,SNPP,0,0,1
3764,2015-04-23,2015-04-23,1,1,51.26903,-2.02198,51.26903,51.26903,-2.02198,-2.02198,1.35,1.35,SNPP,0,0,1
3765,2015-04-23,2015-04-23,1,1,51.45414,-0.7433,51.45414,51.45414,-0.7433,-0.7433,2.21,2.21,SNPP,0,0,1
3766,2015-04-23,2015-04-23,1,2,51.49846,-3.40908,51.49799,51.49894,-3.41187,-3.4063,4.77,9.54,SNPP,0,0,1
3767,2015-04-23,2015-04-23,1,2,51.6349,-3.27694,51.63435,51.63545,-3.27796,-3.27592,2.03,3.34,SNPP,0,0,1
3768,2015-04-23,2015-04-23,1,3,51.6737,-3.69599,51.67326,51.67441,-3.69855,-3.6929,7.62,20.04,SNPP,0,0,1
3769,2015-04-23,2015-04-23,1,1,52.03422,-0.20682,52.03422,52.03422,-0.20682,-0.20682,2.46,2.46,SNPP,0,0,1
3770,2015-04-23,2015-04-23,1,1,52.37305,-2.8827,52.37305,52.37305,-2.8827,-2.8827,2.24,2.24,SNPP,0,0,1
3771,2015-04-23,2015-04-23,1,1,52.47333,-1.45075,52.47333,52.47333,-1.45075,-1.45075,3.44,3.44,SNPP,0,0,1
3772,2015-04-23,2015-04-23,1,2,53.10349,-2.47382,53.10187,53.10512,-2.47452,-2.47313,3.47,6.94,SNPP,0,0,1
3773,2015-04-23,2015-04-23,1,1,53.17123,-2.22568,53.17123,53.17123,-2.22568,-2.22568,1.31,1.31,SNPP,0,0,1
3774,2015-04-23,2015-04-23,1,1,53.22058,-4.43523,53.22058,53.22058,-4.43523,-4.43523,1.85,1.85,SNPP,0,0,1
3775,2015-04-23,2015-04-23,1,1,54.29964,-7.79397,54.29964,54.29964,-7.79397,-7.79397,2.11,2.11,SNPP,0,0,1
3776,2015-04-23,2015-04-23,1,1,54.70761,-7.56866,54.70761,54.70761,-7.56866,-7.56866,1.62,1.62,SNPP,0,0,1
3777,2015-04-23,2015-04-23,1,1,55.00291,-7.41221,55.00291,55.00291,-7.41221,-7.41221,1.24,1.24,SNPP,0,0,1
3778,2015-04-23,2015-04-23,1,1,55.84091,-3.54802,55.84091,55.84091,-3.54802,-3.54802,1.63,1.63,SNPP,0,0,1
3779,2015-04-23,2015-04-23,1,1,56.09809,-3.5786,56.09809,56.09809,-3.5786,-3.5786,2.0,2.0,SNPP,0,0,1
3780,2015-04-23,2015-04-23,1,1,56.12917,-3.84308,56.12917,56.12917,-3.84308,-3.84308,5.23,5.23,SNPP,0,0,1
3781,2015-04-23,2015-04-23,1,1,56.44734,-4.14931,56.44734,56.44734,-4.14931,-4.14931,5.12,5.12,SNPP,0,0,1
3782,2015-04-23,2015-04-23,1,1,55.79474,-4.46224,55.79474,55.79474,-4.46224,-4.46224,4.67,4.67,SNPP,0,0,1
3783,2015-04-23,2015-04-23,1,2,57.35715,-4.3345,57.35703,57.35727,-4.33817,-4.33082,12.32,22.77,SNPP,0,0,1
3784,2015-04-24,2015-04-24,1,2,54.94224,-4.79308,54.94123,54.94325,-4.79436,-4.7918,1.31,2.38,SNPP,0,2,1
3785,2015-04-24,2015-04-24,1,1,52.61766,-1.36213,52.61766,52.61766,-1.36213,-1.36213,0.84,0.84,SNPP,0,1,1
3786,2015-04-24,2015-04-24,1,5,56.79654,-2.44341,56.79243,56.80062,-2.45024,-2.43735,15.35,64.83,SNPP,0,0,1
3787,2015-04-24,2015-04-24,1,2,56.844,-4.2656,56.84235,56.84564,-4.26679,-4.26441,3.77,7.54,SNPP,0,0,1
3788,2015-04-26,2015-04-26,1,2,52.29976,-1.85147,52.29832,52.3012,-1.85219,-1.85075,3.76,7.23,SNPP,0,0,1
3789,2015-04-27,2015-04-27,1,1,54.60353,-1.17368,54.60353,54.60353,-1.17368,-1.17368,1.09,1.09,SNPP,0,1,1
3790,2015-04-28,2015-04-28,1,2,50.96328,-1.19084,50.96305,50.9635,-1.19185,-1.18984,4.49,7.63,SNPP,0,0,1
3791,2015-04-28,2015-04-28,1,1,52.486,-1.78387,52.486,52.486,-1.78387,-1.78387,1.34,1.34,SNPP,0,0,1
3792,2015-04-28,2015-04-28,1,1,52.63374,0.08622,52.63374,52.63374,0.08622,0.08622,1.8,1.8,SNPP,0,0,1
3793,2015-04-28,2015-04-28,1,1,53.1024,-2.47203,53.1024,53.1024,-2.47203,-2.47203,2.98,2.98,SNPP,0,0,1
3794,2015-04-28,2015-04-28,1,1,54.36884,-6.04008,54.36884,54.36884,-6.04008,-6.04008,1.86,1.86,SNPP,0,0,1
3795,2015-04-28,2015-04-28,1,1,54.46715,-6.57782,54.46715,54.46715,-6.57782,-6.57782,1.85,1.85,SNPP,0,0,1
3796,2015-04-29,2015-04-29,1,1,52.43429,-0.63743,52.43429,52.43429,-0.63743,-0.63743,5.67,5.67,SNPP,0,0,1
3797,2015-04-30,2015-04-30,1,1,52.72392,-2.44159,52.72392,52.72392,-2.44159,-2.44159,2.95,2.95,SNPP,0,0,1
3798,2015-05-01,2015-05-01,1,1,56.95201,-5.81733,56.95201,56.95201,-5.81733,-5.81733,4.83,4.83,SNPP,0,0,1
3799,2015-05-03,2015-05-03,1,1,52.52521,-2.40571,52.52521,52.52521,-2.40571,-2.40571,2.24,2.24,SNPP,0,0,1
3800,2015-05-04,2015-05-04,1,1,53.27671,-0.43547,53.27671,53.27671,-0.43547,-0.43547,2.51,2.51,SNPP,0,1,1
3801,2015-05-06,2015-05-06,1,1,52.08036,-0.62134,52.08036,52.08036,-0.62134,-0.62134,1.27,1.27,SNPP,0,1,1
3802,2015-05-08,2015-05-08,1,1,57.67513,-1.94292,57.67513,57.67513,-1.94292,-1.94292,1.9,1.9,SNPP,0,0,1
3803,2015-05-09,2015-05-09,1,1,52.41337,0.00923,52.41337,52.41337,0.00923,0.00923,0.94,0.94,SNPP,0,1,1
3804,2015-05-09,2015-05-09,1,1,51.57607,0.76604,51.57607,51.57607,0.76604,0.76604,4.44,4.44,SNPP,0,1,1
3805,2015-05-09,2015-05-09,1,1,51.82101,-4.91132,51.82101,51.82101,-4.91132,-4.91132,2.06,2.06,SNPP,0,0,1
3806,2015-05-10,2015-05-10,1,1,52.06697,-0.63689,52.06697,52.06697,-0.63689,-0.63689,2.84,2.84,SNPP,0,0,1
3807,2015-05-11,2015-05-11,1,1,52.47245,-1.45335,52.47245,52.47245,-1.45335,-1.45335,1.66,1.66,SNPP,0,0,1
3808,2015-05-11,2015-05-11,1,1,54.57854,-1.22574,54.57854,54.57854,-1.22574,-1.22574,2.11,2.11,SNPP,0,0,1
3809,2015-05-12,2015-05-12,1,1,51.61711,0.95056,51.61711,51.61711,0.95056,0.95056,4.1,4.1,SNPP,0,0,1
3810,2015-05-13,2015-05-13,1,1,51.05884,-3.7176,51.05884,51.05884,-3.7176,-3.7176,2.33,2.33,SNPP,0,0,1
3811,2015-05-13,2015-05-13,1,1,51.11219,0.44768,51.11219,51.11219,0.44768,0.44768,1.79,1.79,SNPP,0,0,1
3812,2015-05-13,2015-05-13,1,1,51.37454,-1.63818,51.37454,51.37454,-1.63818,-1.63818,3.98,3.98,SNPP,0,0,1
3813,2015-05-13,2015-05-13,1,1,54.25081,-5.97637,54.25081,54.25081,-5.97637,-5.97637,3.62,3.62,SNPP,0,0,1
3814,2015-05-14,2015-05-14,1,1,51.47276,0.32523,51.47276,51.47276,0.32523,0.32523,1.15,1.15,SNPP,0,1,1
3815,2015-05-14,2015-05-14,1,1,51.92644,-0.03742,51.92644,51.92644,-0.03742,-0.03742,1.03,1.03,SNPP,0,1,1
3816,2015-05-16,2015-05-16,1,1,52.47313,-1.45409,52.47313,52.47313,-1.45409,-1.45409,5.4,5.4,SNPP,0,0,1
3817,2015-05-17,2015-05-17,1,1,52.38033,-1.92892,52.38033,52.38033,-1.92892,-1.92892,0.4,0.4,SNPP,0,1,1
3818,2015-05-17,2015-05-17,1,1,53.067,-0.77706,53.067,53.067,-0.77706,-0.77706,1.18,1.18,SNPP,0,1,1
3819,2015-05-17,2015-05-17,1,1,53.34468,-4.36799,53.34468,53.34468,-4.36799,-4.36799,0.46,0.46,SNPP,0,1,1
3820,2015-05-19,2015-05-19,1,1,51.64553,0.68856,51.64553,51.64553,0.68856,0.68856,3.13,3.13,SNPP,0,0,1
3821,2015-05-20,2015-05-20,1,1,52.564,-1.42463,52.564,52.564,-1.42463,-1.42463,0.77,0.77,SNPP,0,1,1
3822,2015-05-21,2015-05-21,1,1,52.06689,-0.63691,52.06689,52.06689,-0.63691,-0.63691,2.6,2.6,SNPP,0,0,1
3823,2015-05-23,2015-05-23,1,1,54.5656,-1.32093,54.5656,54.5656,-1.32093,-1.32093,4.45,4.45,SNPP,0,0,1
3824,2015-05-24,2015-05-24,1,2,52.51072,-2.09387,52.50849,52.51295,-2.09435,-2.0934,8.06,10.0,SNPP,0,2,1
3825,2015-05-25,2015-05-25,1,2,56.51162,-3.80342,56.51115,56.51208,-3.80647,-3.80036,3.02,6.04,SNPP,0,0,1
3826,2015-05-25,2015-05-25,1,2,56.63241,-2.99926,56.63078,56.63404,-3.00004,-2.99849,2.55,5.1,SNPP,0,0,1
3827,2015-05-25,2015-05-25,1,1,57.64664,-4.12764,57.64664,57.64664,-4.12764,-4.12764,2.54,2.54,SNPP,0,0,1
3828,2015-05-26,2015-05-26,1,5,51.76732,-0.94073,51.76547,51.76911,-0.94313,-0.93843,3.98,13.3,SNPP,0,5,1
3829,2015-05-26,2015-05-28,2,2,51.60048,0.19253,51.60038,51.60057,0.19053,0.19453,1.23,1.67,SNPP,0,2,3
3830,2015-05-26,2015-05-26,1,2,51.35292,1.37124,51.35128,51.35456,1.37052,1.37195,2.97,5.48,SNPP,0,0,1
3831,2015-05-27,2015-05-27,1,1,51.69332,0.28712,51.69332,51.69332,0.28712,0.28712,0.65,0.65,SNPP,0,1,1
3832,2015-05-28,2015-05-28,1,1,51.58783,0.75925,51.58783,51.58783,0.75925,0.75925,1.57,1.57,SNPP,0,1,1
3833,2015-05-29,2015-05-29,1,1,52.47399,-1.44989,52.47399,52.47399,-1.44989,-1.44989,3.51,3.51,SNPP,0,0,1
3834,2015-05-30,2015-05-30,1,1,51.66381,0.33269,51.66381,51.66381,0.33269,0.33269,3.09,3.09,SNPP,0,0,1
3835,2015-05-31,2015-05-31,1,1,55.97747,-4.5753,55.97747,55.97747,-4.5753,-4.5753,1.38,1.38,SNPP,0,0,1
3836,2015-06-02,2015-06-02,1,1,52.70971,0.43701,52.70971,52.70971,0.43701,0.43701,2.61,2.61,SNPP,0,0,1
3837,2015-06-03,2015-06-03,1,5,52.35341,-0.6662,52.35101,52.3547,-0.66993,-0.66173,4.29,17.44,SNPP,0,5,1
3838,2015-06-03,2015-06-03,1,1,53.19399,-1.01429,53.19399,53.19399,-1.01429,-1.01429,1.45,1.45,SNPP,0,0,1
3839,2015-06-04,2015-06-04,1,1,51.58108,-2.93108,51.58108,51.58108,-2.93108,-2.93108,1.1,1.1,SNPP,0,1,1
3840,2015-06-04,2015-06-04,1,1,57.54906,-1.98165,57.54906,57.54906,-1.98165,-1.98165,3.48,3.48,SNPP,0,0,1
3841,2015-06-04,2015-06-04,1,1,50.99146,-0.68525,50.99146,50.99146,-0.68525,-0.68525,3.8,3.8,SNPP,0,0,1
3842,2015-06-04,2015-06-04,1,1,52.52644,-2.40524,52.52644,52.52644,-2.40524,-2.40524,3.05,3.05,SNPP,0,0,1
3843,2015-06-04,2015-06-05,2,3,54.09086,-1.56408,54.08963,54.09313,-1.56585,-1.56259,9.94,20.47,SNPP,0,0,2
3844,2015-06-05,2015-06-05,1,1,50.75743,-1.28788,50.75743,50.75743,-1.28788,-1.28788,2.19,2.19,SNPP,0,0,1
3845,2015-06-05,2015-06-05,1,1,51.13604,-1.69739,51.13604,51.13604,-1.69739,-1.69739,3.63,3.63,SNPP,0,0,1
3846,2015-06-05,2015-06-05,1,1,51.37273,-1.64281,51.37273,51.37273,-1.64281,-1.64281,4.22,4.22,SNPP,0,0,1
3847,2015-06-05,2015-06-05,1,3,51.52749,-2.44379,51.52419,51.53078,-2.44528,-2.4423,4.62,13.61,SNPP,0,0,1
3848,2015-06-05,2015-06-05,1,1,51.84896,-0.88019,51.84896,51.84896,-0.88019,-0.88019,0.95,0.95,SNPP,0,0,1
3849,2015-06-06,2015-06-06,1,3,52.0539,0.56239,52.05341,52.0543,0.55914,0.5646,1.27,2.98,SNPP,0,3,1
3850,2015-06-06,2015-06-06,1,1,58.52745,-4.15663,58.52745,58.52745,-4.15663,-4.15663,0.82,0.82,SNPP,0,1,1
3851,2015-06-06,2015-06-06,1,1,52.37077,0.89065,52.37077,52.37077,0.89065,0.89065,0.49,0.49,SNPP,0,1,1
3852,2015-06-06,2015-06-06,1,1,53.79976,-0.90217,53.79976,53.79976,-0.90217,-0.90217,0.99,0.99,SNPP,0,1,1
3853,2015-06-06,2015-06-06,1,1,52.72542,-2.43858,52.72542,52.72542,-2.43858,-2.43858,4.97,4.97,SNPP,0,0,1
3854,2015-06-07,2015-06-07,1,1,52.72855,-0.83066,52.72855,52.72855,-0.83066,-0.83066,0.43,0.43,SNPP,0,1,1
3855,2015-06-07,2015-06-07,1,1,53.13167,0.08099,53.13167,53.13167,0.08099,0.08099,1.09,1.09,SNPP,0,1,1
3856,2015-06-07,2015-06-10,3,4,55.71977,-2.60141,55.71867,55.72079,-2.60392,-2.59726,7.43,16.97,SNPP,0,2,4
3857,2015-06-08,2015-06-08,1,2,54.59243,-5.89416,54.59198,54.59288,-5.89511,-5.8932,1.72,2.95,SNPP,0,2,1
3858,2015-06-08,2015-06-08,1,1,51.27446,0.5257,51.27446,51.27446,0.5257,0.5257,1.11,1.11,SNPP,0,1,1
3859,2015-06-08,2015-06-08,1,3,51.08772,-3.13754,51.08734,51.08833,-3.13863,-3.13683,5.2,12.08,SNPP,0,0,1
3860,2015-06-09,2015-06-09,1,2,51.47176,-3.15954,51.47036,51.47315,-3.16123,-3.15785,0.67,1.11,SNPP,0,2,1
3861,2015-06-09,2015-06-09,1,1,54.63022,-5.97465,54.63022,54.63022,-5.97465,-5.97465,1.0,1.0,SNPP,0,1,1
3862,2015-06-09,2015-06-09,1,1,51.55274,-0.88188,51.55274,51.55274,-0.88188,-0.88188,0.62,0.62,SNPP,0,1,1
3863,2015-06-09,2015-06-09,1,1,53.1456,-1.32588,53.1456,53.1456,-1.32588,-1.32588,1.15,1.15,SNPP,0,1,1
3864,2015-06-09,2015-06-09,1,1,54.24705,-5.80798,54.24705,54.24705,-5.80798,-5.80798,1.35,1.35,SNPP,0,0,1
3865,2015-06-10,2015-06-10,1,1,51.55539,0.17318,51.55539,51.55539,0.17318,0.17318,2.82,2.82,SNPP,0,0,1
3866,2015-06-10,2015-06-10,1,3,51.61925,-3.3027,51.61551,51.62159,-3.31105,-3.29576,26.36,58.06,SNPP,0,0,1
3867,2015-06-10,2015-06-10,1,1,51.98444,0.3682,51.98444,51.98444,0.3682,0.3682,1.98,1.98,SNPP,0,0,1
3868,2015-06-10,2015-06-10,1,1,52.63675,-2.19812,52.63675,52.63675,-2.19812,-2.19812,3.43,3.43,SNPP,0,0,1
3869,2015-06-10,2015-06-10,1,1,52.81107,-2.95021,52.81107,52.81107,-2.95021,-2.95021,6.24,6.24,SNPP,0,0,1
3870,2015-06-10,2015-06-10,1,1,52.8126,-2.3095,52.8126,52.8126,-2.3095,-2.3095,1.86,1.86,SNPP,0,0,1
3871,2015-06-10,2015-06-10,1,1,53.28093,-2.89212,53.28093,53.28093,-2.89212,-2.89212,2.41,2.41,SNPP,0,0,1
3872,2015-06-10,2015-06-10,1,1,53.5887,-2.56526,53.5887,53.5887,-2.56526,-2.56526,2.26,2.26,SNPP,0,0,1
3873,2015-06-10,2015-06-10,1,1,53.60069,-2.50958,53.60069,53.60069,-2.50958,-2.50958,1.57,1.57,SNPP,0,0,1
3874,2015-06-10,2015-06-10,1,1,55.27704,-2.14812,55.27704,55.27704,-2.14812,-2.14812,1.75,1.75,SNPP,0,0,1
3875,2015-06-10,2015-06-10,1,1,55.52551,-2.42816,55.52551,55.52551,-2.42816,-2.42816,2.7,2.7,SNPP,0,0,1
3876,2015-06-11,2015-06-11,1,2,51.04088,-0.97735,51.03874,51.04301,-0.97815,-0.97655,2.43,3.92,SNPP,0,2,1
3877,2015-06-11,2015-06-11,1,1,51.55935,-0.54097,51.55935,51.55935,-0.54097,-0.54097,0.76,0.76,SNPP,0,1,1
3878,2015-06-11,2015-06-11,1,1,52.63535,-1.26869,52.63535,52.63535,-1.26869,-1.26869,2.11,2.11,SNPP,0,0,1
3879,2015-06-11,2015-06-11,1,1,54.57517,-1.39945,54.57517,54.57517,-1.39945,-1.39945,2.08,2.08,SNPP,0,0,1
3880,2015-06-11,2015-06-11,1,1,55.31625,-1.91666,55.31625,55.31625,-1.91666,-1.91666,3.59,3.59,SNPP,0,0,1
3881,2015-06-11,2015-06-11,1,3,55.32039,-2.19142,55.31887,55.32229,-2.19969,-2.18107,4.3,8.29,SNPP,0,0,1
3882,2015-06-11,2015-06-11,1,2,55.85419,-3.27548,55.85358,55.8548,-3.27867,-3.2723,8.62,14.39,SNPP,0,0,1
3883,2015-06-11,2015-06-11,1,1,55.96595,-2.62456,55.96595,55.96595,-2.62456,-2.62456,4.26,4.26,SNPP,0,0,1
3884,2015-06-12,2015-06-12,1,1,53.22159,-1.18485,53.22159,53.22159,-1.18485,-1.18485,1.04,1.04,SNPP,0,1,1
3885,2015-06-12,2015-06-12,1,1,54.6079,-5.99811,54.6079,54.6079,-5.99811,-5.99811,0.45,0.45,SNPP,0,1,1
3886,2015-06-12,2015-06-12,1,6,55.04123,-2.57056,55.03718,55.04299,-2.57694,-2.56433,22.72,57.07,SNPP,0,0,1
3887,2015-06-12,2015-06-12,1,1,55.84569,-4.18247,55.84569,55.84569,-4.18247,-4.18247,1.95,1.95,SNPP,0,0,1
3888,2015-06-14,2015-06-14,1,2,56.58695,-6.24827,56.58662,56.58728,-6.24857,-6.24797,6.68,11.41,SNPP,0,0,1
3889,2015-06-15,2015-06-16,2,2,51.13146,-3.51523,51.13095,51.13197,-3.51769,-3.51277,24.68,26.61,SNPP,0,1,2
3890,2015-06-15,2015-06-15,1,1,51.17647,0.50271,51.17647,51.17647,0.50271,0.50271,2.82,2.82,SNPP,0,0,1
3891,2015-06-16,2015-06-16,1,1,50.73273,-2.31637,50.73273,50.73273,-2.31637,-2.31637,1.83,1.83,SNPP,0,0,1
3892,2015-06-16,2015-06-16,1,1,51.08818,-3.14674,51.08818,51.08818,-3.14674,-3.14674,4.87,4.87,SNPP,0,0,1
3893,2015-06-16,2015-06-16,1,1,51.82399,0.71727,51.82399,51.82399,0.71727,0.71727,3.04,3.04,SNPP,0,0,1
3894,2015-06-16,2015-06-16,1,1,52.46251,0.47783,52.46251,52.46251,0.47783,0.47783,3.86,3.86,SNPP,0,0,1
3895,2015-06-17,2015-06-18,2,4,52.37998,-0.16047,52.37914,52.38114,-0.16269,-0.15743,1.69,4.3,SNPP,0,4,2
3896,2015-06-18,2015-06-18,1,1,52.43993,0.00573,52.43993,52.43993,0.00573,0.00573,0.48,0.48,SNPP,0,1,1
3897,2015-06-18,2015-06-18,1,1,54.35085,-6.2522,54.35085,54.35085,-6.2522,-6.2522,2.29,2.29,SNPP,0,0,1
3898,2015-06-19,2015-06-19,1,1,51.41661,0.82653,51.41661,51.41661,0.82653,0.82653,0.83,0.83,SNPP,0,1,1
3899,2015-06-19,2015-06-19,1,1,51.3755,-1.64193,51.3755,51.3755,-1.64193,-1.64193,3.62,3.62,SNPP,0,0,1
3900,2015-06-20,2015-06-20,1,1,51.98913,-4.64908,51.98913,51.98913,-4.64908,-4.64908,2.23,2.23,SNPP,0,0,1
3901,2015-06-21,2015-06-21,1,1,56.1509,-3.18409,56.1509,56.1509,-3.18409,-3.18409,2.18,2.18,SNPP,0,0,1
3902,2015-06-22,2015-06-22,1,1,53.76917,-1.45094,53.76917,53.76917,-1.45094,-1.45094,0.3,0.3,SNPP,0,1,1
3903,2015-06-23,2015-06-23,1,1,56.1617,-4.05144,56.1617,56.1617,-4.05144,-4.05144,0.95,0.95,SNPP,0,1,1
3904,2015-06-23,2015-06-23,1,1,52.56271,-1.42417,52.56271,52.56271,-1.42417,-1.42417,0.17,0.17,SNPP,0,1,1
3905,2015-06-23,2015-06-23,1,1,52.07596,-2.77132,52.07596,52.07596,-2.77132,-2.77132,8.66,8.66,SNPP,0,0,1
3906,2015-06-25,2015-06-25,1,1,52.11537,-0.32215,52.11537,52.11537,-0.32215,-0.32215,0.47,0.47,SNPP,0,1,1
3907,2015-06-25,2015-06-25,1,1,54.59896,-1.24639,54.59896,54.59896,-1.24639,-1.24639,0.68,0.68,SNPP,0,1,1
3908,2015-06-26,2015-06-26,1,1,51.09499,-0.87784,51.09499,51.09499,-0.87784,-0.87784,7.58,7.58,SNPP,0,0,1
3909,2015-06-27,2015-06-27,1,2,51.45476,-1.14443,51.45453,51.455,-1.14461,-1.14425,2.61,4.27,SNPP,0,2,1
3910,2015-06-27,2015-06-27,1,1,51.39921,0.54255,51.39921,51.39921,0.54255,0.54255,0.64,0.64,SNPP,0,1,1
3911,2015-06-30,2015-06-30,1,1,52.45061,-1.44269,52.45061,52.45061,-1.44269,-1.44269,0.49,0.49,SNPP,0,1,1
3912,2015-06-30,2015-06-30,1,1,52.33913,0.93909,52.33913,52.33913,0.93909,0.93909,1.4,1.4,SNPP,0,0,1
3913,2015-06-30,2015-06-30,1,5,52.87049,-0.35613,52.86794,52.87291,-0.35867,-0.35269,5.56,17.29,SNPP,0,0,1
3914,2015-06-30,2015-06-30,1,1,53.59969,-2.50633,53.59969,53.59969,-2.50633,-2.50633,3.4,3.4,SNPP,0,0,1
3915,2015-07-01,2015-07-01,1,1,54.58397,-1.17709,54.58397,54.58397,-1.17709,-1.17709,0.66,0.66,SNPP,0,1,1
3916,2015-07-01,2015-07-01,1,1,51.27393,-1.9442,51.27393,51.27393,-1.9442,-1.9442,0.64,0.64,SNPP,0,1,1
3917,2015-07-01,2015-07-01,1,1,52.56502,-3.29008,52.56502,52.56502,-3.29008,-3.29008,0.69,0.69,SNPP,0,1,1
3918,2015-07-01,2015-07-02,2,5,52.17211,0.30146,52.17101,52.1735,0.2982,0.30444,1.99,7.71,SNPP,0,4,2
3919,2015-07-01,2015-07-01,1,1,53.5544,-1.45772,53.5544,53.5544,-1.45772,-1.45772,11.6,11.6,SNPP,0,0,1
3920,2015-07-02,2015-07-02,1,4,54.42703,-6.43827,54.42577,54.42965,-6.44527,-6.43256,2.19,7.69,SNPP,0,4,1
3921,2015-07-03,2015-07-03,1,1,55.81502,-2.39525,55.81502,55.81502,-2.39525,-2.39525,0.3,0.3,SNPP,0,1,1
3922,2015-07-03,2015-07-03,1,1,55.48827,-2.78651,55.48827,55.48827,-2.78651,-2.78651,12.73,12.73,SNPP,0,0,1
3923,2015-07-05,2015-07-05,1,1,51.23156,-2.17162,51.23156,51.23156,-2.17162,-2.17162,1.28,1.28,SNPP,0,1,1
3924,2015-07-05,2015-07-05,1,1,51.41742,0.87555,51.41742,51.41742,0.87555,0.87555,0.69,0.69,SNPP,0,1,1
3925,2015-07-05,2015-07-05,1,1,51.53498,-0.31309,51.53498,51.53498,-0.31309,-0.31309,0.29,0.29,SNPP,0,1,1
3926,2015-07-05,2015-07-05,1,1,51.67751,-1.43599,51.67751,51.67751,-1.43599,-1.43599,2.86,2.86,SNPP,0,1,1
3927,2015-07-05,2015-07-05,1,2,53.74722,-0.2645,53.74707,53.74736,-0.26572,-0.26328,0.96,1.8,SNPP,0,2,1
3928,2015-07-05,2015-07-05,1,1,55.04684,-6.67545,55.04684,55.04684,-6.67545,-6.67545,1.68,1.68,SNPP,0,0,1
3929,2015-07-06,2015-07-06,1,4,51.1045,-0.0797,51.10289,51.10721,-0.08159,-0.07647,2.04,4.86,SNPP,0,4,1
3930,2015-07-06,2015-07-06,1,1,51.23977,-0.0295,51.23977,51.23977,-0.0295,-0.0295,0.69,0.69,SNPP,0,1,1
3931,2015-07-06,2015-07-06,1,1,52.5605,-1.4271,52.5605,52.5605,-1.4271,-1.4271,0.61,0.61,SNPP,0,1,1
3932,2015-07-07,2015-07-07,1,1,50.89935,0.48939,50.89935,50.89935,0.48939,0.48939,2.34,2.34,SNPP,0,0,1
3933,2015-07-07,2015-07-07,1,1,51.52518,-2.43962,51.52518,51.52518,-2.43962,-2.43962,3.59,3.59,SNPP,0,0,1
3934,2015-07-07,2015-07-07,1,1,52.96299,-0.54733,52.96299,52.96299,-0.54733,-0.54733,13.6,13.6,SNPP,0,0,1
3935,2015-07-09,2015-07-09,1,1,56.27658,-3.11768,56.27658,56.27658,-3.11768,-3.11768,1.02,1.02,SNPP,0,1,1
3936,2015-07-09,2015-07-10,2,2,52.18646,-1.07857,52.18563,52.18728,-1.07862,-1.07853,2.69,4.46,SNPP,0,1,2
3937,2015-07-10,2015-07-10,1,4,52.96368,-0.5464,52.9622,52.96571,-0.54959,-0.54279,1.6,5.82,SNPP,0,4,1
3938,2015-07-10,2015-07-10,1,1,50.60765,-1.28433,50.60765,50.60765,-1.28433,-1.28433,0.33,0.33,SNPP,0,1,1
3939,2015-07-11,2015-07-11,1,1,51.69139,-3.34637,51.69139,51.69139,-3.34637,-3.34637,1.57,1.57,SNPP,0,1,1
3940,2015-07-11,2015-07-12,2,8,54.42181,-6.45432,54.41629,54.42577,-6.46676,-6.44535,6.7,20.75,SNPP,0,8,2
3941,2015-07-11,2015-07-11,1,2,54.42424,-6.41972,54.42352,54.42497,-6.42002,-6.41941,1.03,1.86,SNPP,0,2,1
3942,2015-07-11,2015-07-11,1,1,51.69469,-3.16588,51.69469,51.69469,-3.16588,-3.16588,0.93,0.93,SNPP,0,1,1
3943,2015-07-12,2015-07-12,1,1,54.66438,-5.63403,54.66438,54.66438,-5.63403,-5.63403,2.4,2.4,SNPP,0,1,1
3944,2015-07-12,2015-07-12,1,2,54.25777,-5.84984,54.25733,54.25821,-5.8499,-5.84978,0.81,1.5,SNPP,0,2,1
3945,2015-07-12,2015-07-12,1,1,54.50225,-5.78728,54.50225,54.50225,-5.78728,-5.78728,0.88,0.88,SNPP,0,1,1
3946,2015-07-12,2015-07-12,1,3,54.64047,-5.54108,54.63794,54.64211,-5.54244,-5.54027,0.89,2.05,SNPP,0,3,1
3947,2015-07-12,2015-07-12,1,2,54.652,-5.69521,54.65029,54.65371,-5.69628,-5.69414,4.55,6.03,SNPP,0,2,1
3948,2015-07-12,2015-07-12,1,1,55.13123,-6.55597,55.13123,55.13123,-6.55597,-6.55597,0.6,0.6,SNPP,0,1,1
3949,2015-07-12,2015-07-12,1,1,51.88205,-0.59977,51.88205,51.88205,-0.59977,-0.59977,3.15,3.15,SNPP,0,0,1
3950,2015-07-12,2015-07-12,1,1,54.69105,-5.95518,54.69105,54.69105,-5.95518,-5.95518,2.76,2.76,SNPP,0,0,1
3951,2015-07-15,2015-07-15,1,1,54.40847,-5.95589,54.40847,54.40847,-5.95589,-5.95589,0.76,0.76,SNPP,0,1,1
3952,2015-07-15,2015-07-15,1,1,52.70645,-2.07042,52.70645,52.70645,-2.07042,-2.07042,6.26,6.26,SNPP,0,0,1
3953,2015-07-15,2015-07-15,1,1,52.82438,-1.75226,52.82438,52.82438,-1.75226,-1.75226,1.99,1.99,SNPP,0,0,1
3954,2015-07-17,2015-07-17,1,2,50.65028,-1.17658,50.64786,50.65271,-1.17686,-1.1763,1.05,2.1,SNPP,0,2,1
3955,2015-07-17,2015-07-17,1,1,51.25317,1.04278,51.25317,51.25317,1.04278,1.04278,0.97,0.97,SNPP,0,1,1
3956,2015-07-18,2015-07-18,1,6,52.5101,-0.68973,52.50815,52.51194,-0.6938,-0.68611,5.61,24.09,SNPP,0,6,1
3957,2015-07-18,2015-07-18,1,3,52.05969,1.11323,52.05941,52.0599,1.11048,1.11612,2.52,6.19,SNPP,0,3,1
3958,2015-07-18,2015-07-18,1,1,52.50295,-1.55934,52.50295,52.50295,-1.55934,-1.55934,1.04,1.04,SNPP,0,1,1
3959,2015-07-18,2015-07-18,1,1,50.87125,-3.50872,50.87125,50.87125,-3.50872,-3.50872,1.85,1.85,SNPP,0,1,1
3960,2015-07-18,2015-07-18,1,1,52.19963,1.16385,52.19963,52.19963,1.16385,1.16385,8.11,8.11,SNPP,0,0,1
3961,2015-07-18,2015-07-18,1,1,51.20124,0.79403,51.20124,51.20124,0.79403,0.79403,1.27,1.27,SNPP,0,0,1
3962,2015-07-18,2015-07-18,1,1,52.251,0.35712,52.251,52.251,0.35712,0.35712,4.35,4.35,SNPP,0,0,1
3963,2015-07-18,2015-07-18,1,1,53.64886,-1.17854,53.64886,53.64886,-1.17854,-1.17854,2.21,2.21,SNPP,0,0,1
3964,2015-07-18,2015-07-18,1,1,53.74382,-0.32537,53.74382,53.74382,-0.32537,-0.32537,1.93,1.93,SNPP,0,0,1
3965,2015-07-21,2015-07-21,1,1,51.64421,-0.02791,51.64421,51.64421,-0.02791,-0.02791,2.1,2.1,SNPP,0,0,1
3966,2015-07-21,2015-07-21,1,1,52.1447,1.06143,52.1447,52.1447,1.06143,1.06143,2.96,2.96,SNPP,0,0,1
3967,2015-07-22,2015-07-22,1,1,50.933,0.41078,50.933,50.933,0.41078,0.41078,0.46,0.46,SNPP,0,1,1
3968,2015-07-23,2015-07-23,1,1,52.4874,0.07922,52.4874,52.4874,0.07922,0.07922,0.42,0.42,SNPP,0,1,1
3969,2015-07-23,2015-07-23,1,1,57.3466,-2.89465,57.3466,57.3466,-2.89465,-2.89465,4.06,4.06,SNPP,0,0,1
3970,2015-07-25,2015-07-25,1,1,53.28257,-2.78784,53.28257,53.28257,-2.78784,-2.78784,2.63,2.63,SNPP,0,0,1
3971,2015-07-27,2015-07-27,1,1,50.63131,-3.68479,50.63131,50.63131,-3.68479,-3.68479,3.2,3.2,SNPP,0,0,1
3972,2015-07-28,2015-07-28,1,2,51.33477,-2.85775,51.33432,51.33522,-2.86049,-2.85501,22.77,25.9,SNPP,0,0,1
3973,2015-07-31,2015-07-31,1,1,50.90616,-0.07387,50.90616,50.90616,-0.07387,-0.07387,2.2,2.2,SNPP,0,1,1
3974,2015-07-31,2015-07-31,1,3,52.86258,-0.45587,52.86161,52.86356,-0.45888,-0.45357,5.57,13.23,SNPP,0,0,1
3975,2015-08-01,2015-08-01,1,1,51.13528,-1.30015,51.13528,51.13528,-1.30015,-1.30015,2.08,2.08,SNPP,0,1,1
3976,2015-08-02,2015-08-02,1,1,58.44402,-3.10012,58.44402,58.44402,-3.10012,-3.10012,1.48,1.48,SNPP,0,1,1
3977,2015-08-02,2015-08-02,1,1,50.54782,-4.8327,50.54782,50.54782,-4.8327,-4.8327,4.6,4.6,SNPP,0,0,1
3978,2015-08-02,2015-08-02,1,2,50.8024,-4.37086,50.80076,50.80403,-4.37153,-4.37018,3.51,7.02,SNPP,0,0,1
3979,2015-08-02,2015-08-02,1,4,50.81678,-4.43653,50.81365,50.81874,-4.44096,-4.43005,3.97,12.17,SNPP,0,0,1
3980,2015-08-02,2015-08-02,1,1,51.77002,-4.14308,51.77002,51.77002,-4.14308,-4.14308,1.72,1.72,SNPP,0,0,1
3981,2015-08-04,2015-08-04,1,1,51.94056,-2.10561,51.94056,51.94056,-2.10561,-2.10561,1.67,1.67,SNPP,0,1,1
3982,2015-08-04,2015-08-04,1,1,52.56183,-1.42515,52.56183,52.56183,-1.42515,-1.42515,0.51,0.51,SNPP,0,1,1
3983,2015-08-04,2015-08-04,1,1,53.51854,-1.38149,53.51854,53.51854,-1.38149,-1.38149,0.45,0.45,SNPP,0,1,1
3984,2015-08-04,2015-08-04,1,1,53.58454,-2.313,53.58454,53.58454,-2.313,-2.313,0.76,0.76,SNPP,0,1,1
3985,2015-08-05,2015-08-05,1,1,51.94473,0.59651,51.94473,51.94473,0.59651,0.59651,0.89,0.89,SNPP,0,1,1
3986,2015-08-06,2015-08-06,1,1,52.18914,-1.3552,52.18914,52.18914,-1.3552,-1.3552,3.58,3.58,SNPP,0,0,1
3987,2015-08-06,2015-08-06,1,1,52.35875,0.15294,52.35875,52.35875,0.15294,0.15294,3.55,3.55,SNPP,0,0,1
3988,2015-08-07,2015-08-07,1,3,55.98647,-3.61959,55.98574,55.98724,-3.62334,-3.61739,2.91,6.26,SNPP,0,3,1
3989,2015-08-07,2015-08-07,1,2,54.53573,-1.63204,54.53558,54.53588,-1.63214,-1.63194,9.6,16.97,SNPP,0,2,1
3990,2015-08-07,2015-08-07,1,1,51.04731,0.56593,51.04731,51.04731,0.56593,0.56593,0.57,0.57,SNPP,0,1,1
3991,2015-08-07,2015-08-07,1,1,54.61182,-1.20576,54.61182,54.61182,-1.20576,-1.20576,2.4,2.4,SNPP,0,0,1
3992,2015-08-08,2015-08-08,1,2,50.83086,-1.19336,50.82877,50.83295,-1.1954,-1.19132,3.57,6.67,SNPP,0,0,1
3993,2015-08-08,2015-08-08,1,4,50.88582,-1.07808,50.87987,50.88968,-1.08112,-1.07435,5.14,13.89,SNPP,0,0,1
3994,2015-08-08,2015-08-08,1,1,51.6435,-2.4039,51.6435,51.6435,-2.4039,-2.4039,3.95,3.95,SNPP,0,0,1
3995,2015-08-08,2015-08-08,1,1,51.64538,-1.78882,51.64538,51.64538,-1.78882,-1.78882,5.34,5.34,SNPP,0,0,1
3996,2015-08-08,2015-08-08,1,3,51.7259,-1.91763,51.72403,51.72731,-1.92181,-1.91482,5.5,12.39,SNPP,0,0,1
3997,2015-08-08,2015-08-08,1,1,51.77201,0.65114,51.77201,51.77201,0.65114,0.65114,3.74,3.74,SNPP,0,0,1
3998,2015-08-08,2015-08-08,1,1,52.13858,-2.05251,52.13858,52.13858,-2.05251,-2.05251,3.34,3.34,SNPP,0,0,1
3999,2015-08-08,2015-08-08,1,1,53.68008,-2.75537,53.68008,53.68008,-2.75537,-2.75537,3.25,3.25,SNPP,0,0,1
4000,2015-08-08,2015-08-08,1,1,53.77174,-2.57616,53.77174,53.77174,-2.57616,-2.57616,2.21,2.21,SNPP,0,0,1
4001,2015-08-09,2015-08-10,2,7,52.65964,1.35261,52.65714,52.66355,1.34737,1.35862,2.23,8.99,SNPP,0,7,2
4002,2015-08-09,2015-08-09,1,1,50.71571,-3.4205,50.71571,50.71571,-3.4205,-3.4205,1.5,1.5,SNPP,0,1,1
4003,2015-08-09,2015-08-09,1,1,51.64095,-2.10755,51.64095,51.64095,-2.10755,-2.10755,0.84,0.84,SNPP,0,1,1
4004,2015-08-11,2015-08-11,1,1,53.58318,-2.3131,53.58318,53.58318,-2.3131,-2.3131,0.46,0.46,SNPP,0,1,1
4005,2015-08-11,2015-08-12,2,4,54.10133,-3.18274,54.10015,54.10217,-3.18428,-3.18168,1.11,2.8,SNPP,0,4,2
4006,2015-08-11,2015-08-11,1,1,53.53446,-3.01965,53.53446,53.53446,-3.01965,-3.01965,6.02,6.02,SNPP,0,0,1
4007,2015-08-12,2015-08-12,1,1,55.51041,-2.59707,55.51041,55.51041,-2.59707,-2.59707,1.91,1.91,SNPP,0,1,1
4008,2015-08-12,2015-08-12,1,1,51.46975,-3.15953,51.46975,51.46975,-3.15953,-3.15953,0.43,0.43,SNPP,0,1,1
4009,2015-08-12,2015-08-13,2,3,54.61085,-1.41578,54.60964,54.61216,-1.41743,-1.41485,11.54,17.87,SNPP,0,1,2
4010,2015-08-12,2015-08-12,1,1,52.63562,0.1867,52.63562,52.63562,0.1867,0.1867,4.03,4.03,SNPP,0,0,1
4011,2015-08-13,2015-08-13,1,1,55.8972,-2.75586,55.8972,55.8972,-2.75586,-2.75586,6.4,6.4,SNPP,0,0,1
4012,2015-08-13,2015-08-13,1,1,56.44534,-3.75268,56.44534,56.44534,-3.75268,-3.75268,3.85,3.85,SNPP,0,0,1
4013,2015-08-16,2015-08-16,1,1,53.67275,0.0892,53.67275,53.67275,0.0892,0.0892,0.37,0.37,SNPP,0,1,1
4014,2015-08-17,2015-08-17,1,2,53.96384,-0.30002,53.96298,53.96471,-0.30136,-0.29869,1.78,3.28,SNPP,0,2,1
4015,2015-08-17,2015-08-17,1,1,52.3761,0.37927,52.3761,52.3761,0.37927,0.37927,2.78,2.78,SNPP,0,0,1
4016,2015-08-18,2015-08-18,1,1,54.85367,-6.67208,54.85367,54.85367,-6.67208,-6.67208,1.87,1.87,SNPP,0,0,1
4017,2015-08-19,2015-08-19,1,1,55.2621,-4.8236,55.2621,55.2621,-4.8236,-4.8236,0.67,0.67,SNPP,0,1,1
4018,2015-08-21,2015-08-22,2,3,53.65617,-1.40018,53.65334,53.65848,-1.40095,-1.39915,0.83,1.99,SNPP,0,3,2
4019,2015-08-22,2015-08-22,1,1,51.07338,0.75553,51.07338,51.07338,0.75553,0.75553,6.41,6.41,SNPP,0,0,1
4020,2015-08-22,2015-08-22,1,1,51.95748,-2.09722,51.95748,51.95748,-2.09722,-2.09722,1.97,1.97,SNPP,0,0,1
4021,2015-08-23,2015-08-23,1,1,51.82542,0.54186,51.82542,51.82542,0.54186,0.54186,0.42,0.42,SNPP,0,1,1
4022,2015-08-23,2015-08-23,1,5,52.72566,0.77654,52.72163,52.72819,0.77445,0.78063,3.7,11.94,SNPP,0,5,1
4023,2015-08-23,2015-08-23,1,1,51.61194,-1.3497,51.61194,51.61194,-1.3497,-1.3497,0.59,0.59,SNPP,0,1,1
4024,2015-08-23,2015-08-23,1,2,52.91632,-0.59133,52.91581,52.91682,-0.59146,-0.5912,5.29,9.39,SNPP,0,0,1
4025,2015-08-27,2015-08-27,1,1,52.92226,-0.0977,52.92226,52.92226,-0.0977,-0.0977,0.85,0.85,SNPP,0,1,1
4026,2015-08-27,2015-08-27,1,1,52.1183,-0.92901,52.1183,52.1183,-0.92901,-0.92901,2.62,2.62,SNPP,0,0,1
4027,2015-08-28,2015-08-28,1,2,51.38576,-0.30736,51.38476,51.38676,-0.30784,-0.30688,1.47,2.73,SNPP,0,2,1
4028,2015-08-28,2015-08-28,1,1,54.94737,-1.58064,54.94737,54.94737,-1.58064,-1.58064,0.58,0.58,SNPP,0,1,1
4029,2015-08-28,2015-08-28,1,1,50.66091,-3.51816,50.66091,50.66091,-3.51816,-3.51816,2.03,2.03,SNPP,0,0,1
4030,2015-09-02,2015-09-02,1,3,52.47166,-1.45244,52.47129,52.47191,-1.45571,-1.44987,1.01,2.57,SNPP,0,3,1
4031,2015-09-04,2015-09-04,1,1,52.03602,-1.93852,52.03602,52.03602,-1.93852,-1.93852,2.79,2.79,SNPP,0,0,1
4032,2015-09-05,2015-09-05,1,1,54.50136,-6.19178,54.50136,54.50136,-6.19178,-6.19178,0.52,0.52,SNPP,0,1,1
4033,2015-09-05,2015-09-05,1,1,56.34629,-3.42118,56.34629,56.34629,-3.42118,-3.42118,1.61,1.61,SNPP,0,1,1
4034,2015-09-05,2015-09-05,1,1,51.33279,-0.23811,51.33279,51.33279,-0.23811,-0.23811,0.72,0.72,SNPP,0,1,1
4035,2015-09-05,2015-09-05,1,2,55.86161,-2.15184,55.86065,55.86257,-2.15466,-2.14902,4.58,7.08,SNPP,0,0,1
4036,2015-09-06,2015-09-06,1,1,51.20937,-2.19963,51.20937,51.20937,-2.19963,-2.19963,0.65,0.65,SNPP,0,1,1
4037,2015-09-06,2015-09-06,1,3,56.49532,-2.87238,56.49279,56.49775,-2.87593,-2.87056,2.49,5.16,SNPP,0,3,1
4038,2015-09-06,2015-09-06,1,1,54.20906,-0.74641,54.20906,54.20906,-0.74641,-0.74641,4.1,4.1,SNPP,0,0,1
4039,2015-09-07,2015-09-07,1,7,57.40505,-2.42126,57.40311,57.40827,-2.4301,-2.4152,7.33,20.94,SNPP,0,7,1
4040,2015-09-08,2015-09-08,1,1,53.09113,-0.96748,53.09113,53.09113,-0.96748,-0.96748,2.23,2.23,SNPP,0,1,1
4041,2015-09-09,2015-09-09,1,1,57.44299,-3.23712,57.44299,57.44299,-3.23712,-3.23712,4.8,4.8,SNPP,0,0,1
4042,2015-09-09,2015-09-09,1,1,50.92279,-0.49555,50.92279,50.92279,-0.49555,-0.49555,2.22,2.22,SNPP,0,0,1
4043,2015-09-09,2015-09-10,2,4,57.34964,-2.89206,57.34763,57.35147,-2.89381,-2.88927,9.25,24.56,SNPP,0,0,2
4044,2015-09-10,2015-09-10,1,4,55.38992,-2.46972,55.38823,55.39162,-2.47195,-2.46728,11.3,20.57,SNPP,0,2,1
4045,2015-09-10,2015-09-10,1,1,51.19026,0.45619,51.19026,51.19026,0.45619,0.45619,1.64,1.64,SNPP,0,0,1
4046,2015-09-10,2015-09-10,1,1,51.26512,-1.27415,51.26512,51.26512,-1.27415,-1.27415,1.5,1.5,SNPP,0,0,1
4047,2015-09-10,2015-09-10,1,1,51.5822,-1.21904,51.5822,51.5822,-1.21904,-1.21904,16.37,16.37,SNPP,0,0,1
4048,2015-09-10,2015-09-10,1,1,51.91344,0.4107,51.91344,51.91344,0.4107,0.4107,1.29,1.29,SNPP,0,0,1
4049,2015-09-10,2015-09-10,1,1,51.98749,0.37188,51.98749,51.98749,0.37188,0.37188,1.2,1.2,SNPP,0,0,1
4050,2015-09-10,2015-09-10,1,1,52.13732,-2.05141,52.13732,52.13732,-2.05141,-2.05141,2.56,2.56,SNPP,0,0,1
4051,2015-09-10,2015-09-10,1,1,52.2382,0.03147,52.2382,52.2382,0.03147,0.03147,3.91,3.91,SNPP,0,0,1
4052,2015-09-10,2015-09-10,1,1,52.5658,1.01749,52.5658,52.5658,1.01749,1.01749,3.13,3.13,SNPP,0,0,1
4053,2015-09-10,2015-09-10,1,2,52.56632,-0.08088,52.5659,52.56675,-0.08148,-0.08028,2.33,4.25,SNPP,0,0,1
4054,2015-09-10,2015-09-10,1,1,52.70476,-2.06842,52.70476,52.70476,-2.06842,-2.06842,3.78,3.78,SNPP,0,0,1
4055,2015-09-10,2015-09-10,1,1,52.95306,-0.33616,52.95306,52.95306,-0.33616,-0.33616,14.15,14.15,SNPP,0,0,1
4056,2015-09-10,2015-09-10,1,3,53.66722,-0.65806,53.66569,53.66907,-0.66139,-0.65325,28.67,84.0,SNPP,0,0,1
4057,2015-09-10,2015-09-10,1,3,53.80719,-0.34379,53.80535,53.8087,-0.34856,-0.34049,2.94,7.62,SNPP,0,0,1
4058,2015-09-10,2015-09-10,1,1,56.02185,-4.35855,56.02185,56.02185,-4.35855,-4.35855,21.62,21.62,SNPP,0,0,1
4059,2015-09-10,2015-09-10,1,1,57.1158,-3.96181,57.1158,57.1158,-3.96181,-3.96181,7.12,7.12,SNPP,0,0,1
4060,2015-09-10,2015-09-10,1,1,51.24184,-1.30237,51.24184,51.24184,-1.30237,-1.30237,3.74,3.74,SNPP,0,0,1
4061,2015-09-11,2015-09-11,1,2,51.3165,1.24872,51.31628,51.31671,1.24846,1.24898,0.71,1.02,SNPP,0,2,1
4062,2015-09-11,2015-09-11,1,1,52.50351,-1.53479,52.50351,52.50351,-1.53479,-1.53479,1.45,1.45,SNPP,0,1,1
4063,2015-09-11,2015-09-11,1,1,52.58601,0.1381,52.58601,52.58601,0.1381,0.1381,3.19,3.19,SNPP,0,0,1
4064,2015-09-11,2015-09-11,1,1,53.2229,-0.32486,53.2229,53.2229,-0.32486,-0.32486,5.04,5.04,SNPP,0,0,1
4065,2015-09-11,2015-09-11,1,1,57.3584,-2.56826,57.3584,57.3584,-2.56826,-2.56826,4.73,4.73,SNPP,0,0,1
4066,2015-09-11,2015-09-11,1,1,51.25556,-1.23095,51.25556,51.25556,-1.23095,-1.23095,4.73,4.73,SNPP,0,0,1
4067,2015-09-11,2015-09-11,1,1,51.67708,0.78448,51.67708,51.67708,0.78448,0.78448,2.21,2.21,SNPP,0,0,1
4068,2015-09-12,2015-09-12,1,1,51.60368,0.87599,51.60368,51.60368,0.87599,0.87599,2.29,2.29,SNPP,0,0,1
4069,2015-09-15,2015-09-15,1,1,51.26698,-0.944,51.26698,51.26698,-0.944,-0.944,2.7,2.7,SNPP,0,0,1
4070,2015-09-15,2015-09-15,1,1,52.5957,-1.04625,52.5957,52.5957,-1.04625,-1.04625,2.36,2.36,SNPP,0,0,1
4071,2015-09-16,2015-09-16,1,1,52.02092,-2.01095,52.02092,52.02092,-2.01095,-2.01095,2.08,2.08,SNPP,0,0,1
4072,2015-09-16,2015-09-16,1,1,55.82722,-3.81611,55.82722,55.82722,-3.81611,-3.81611,4.49,4.49,SNPP,0,0,1
4073,2015-09-18,2015-09-18,1,2,51.07094,-1.36646,51.07018,51.07169,-1.36654,-1.36637,3.64,6.15,SNPP,0,0,1
4074,2015-09-18,2015-09-18,1,1,52.13831,-2.05379,52.13831,52.13831,-2.05379,-2.05379,3.41,3.41,SNPP,0,0,1
4075,2015-09-18,2015-09-18,1,1,54.65307,-6.64174,54.65307,54.65307,-6.64174,-6.64174,1.49,1.49,SNPP,0,0,1
4076,2015-09-19,2015-09-20,2,7,52.27402,-0.1768,52.27283,52.27645,-0.1827,-0.17442,8.04,27.06,SNPP,0,5,2
4077,2015-09-19,2015-09-19,1,1,50.92408,-0.49726,50.92408,50.92408,-0.49726,-0.49726,1.97,1.97,SNPP,0,0,1
4078,2015-09-19,2015-09-19,1,1,51.91889,-2.52749,51.91889,51.91889,-2.52749,-2.52749,2.77,2.77,SNPP,0,0,1
4079,2015-09-19,2015-09-19,1,1,52.18963,-2.52427,52.18963,52.18963,-2.52427,-2.52427,2.61,2.61,SNPP,0,0,1
4080,2015-09-19,2015-09-19,1,1,52.58044,-2.10663,52.58044,52.58044,-2.10663,-2.10663,1.8,1.8,SNPP,0,0,1
4081,2015-09-19,2015-09-19,1,1,52.66042,-1.81227,52.66042,52.66042,-1.81227,-1.81227,1.71,1.71,SNPP,0,0,1
4082,2015-09-19,2015-09-19,1,1,53.38556,-2.51,53.38556,53.38556,-2.51,-2.51,1.89,1.89,SNPP,0,0,1
4083,2015-09-19,2015-09-19,1,1,54.21777,-2.7511,54.21777,54.21777,-2.7511,-2.7511,1.78,1.78,SNPP,0,0,1
4084,2015-09-20,2015-09-20,1,1,57.90557,-4.01291,57.90557,57.90557,-4.01291,-4.01291,8.05,8.05,SNPP,0,0,1
4085,2015-09-21,2015-09-21,1,1,50.76678,-2.17781,50.76678,50.76678,-2.17781,-2.17781,1.33,1.33,SNPP,0,1,1
4086,2015-09-23,2015-09-23,1,2,52.47335,-1.4504,52.47254,52.47416,-1.45062,-1.45019,1.06,1.39,SNPP,0,2,1
4087,2015-09-23,2015-09-23,1,1,51.08142,-0.07016,51.08142,51.08142,-0.07016,-0.07016,0.64,0.64,SNPP,0,1,1
4088,2015-09-23,2015-09-25,2,2,51.09302,-0.87548,51.09199,51.09406,-0.87643,-0.87454,2.28,2.99,SNPP,0,1,3
4089,2015-09-23,2015-09-23,1,2,52.18496,-1.66598,52.18266,52.18726,-1.66704,-1.66491,1.35,2.45,SNPP,0,2,1
4090,2015-09-23,2015-09-23,1,1,52.85698,-1.37776,52.85698,52.85698,-1.37776,-1.37776,18.24,18.24,SNPP,1,0,1
4091,2015-09-24,2015-09-24,1,1,52.74897,-1.85311,52.74897,52.74897,-1.85311,-1.85311,2.68,2.68,SNPP,0,1,1
4092,2015-09-24,2015-09-24,1,1,52.23704,0.02941,52.23704,52.23704,0.02941,0.02941,2.79,2.79,SNPP,0,0,1
4093,2015-09-24,2015-09-25,2,3,52.63319,0.08838,52.63221,52.6344,0.08798,0.0889,3.73,10.12,SNPP,0,0,2
4094,2015-09-24,2015-09-24,1,1,56.54836,-3.12945,56.54836,56.54836,-3.12945,-3.12945,6.63,6.63,SNPP,0,0,1
4095,2015-09-25,2015-09-25,1,1,52.68627,-2.94888,52.68627,52.68627,-2.94888,-2.94888,4.94,4.94,SNPP,0,0,1
4096,2015-09-25,2015-09-25,1,1,52.93475,-0.29858,52.93475,52.93475,-0.29858,-0.29858,4.13,4.13,SNPP,0,0,1
4097,2015-09-25,2015-09-25,1,1,53.08313,-2.36603,53.08313,53.08313,-2.36603,-2.36603,1.73,1.73,SNPP,0,0,1
4098,2015-09-26,2015-09-26,1,1,52.47963,-0.56115,52.47963,52.47963,-0.56115,-0.56115,0.72,0.72,SNPP,0,1,1
4099,2015-09-26,2015-09-26,1,1,54.12258,-0.14249,54.12258,54.12258,-0.14249,-0.14249,6.31,6.31,SNPP,0,1,1
4100,2015-09-26,2015-09-26,1,1,50.18964,-5.08086,50.18964,50.18964,-5.08086,-5.08086,2.65,2.65,SNPP,0,0,1
4101,2015-09-26,2015-09-26,1,1,51.142,-2.26429,51.142,51.142,-2.26429,-2.26429,9.12,9.12,SNPP,0,0,1
4102,2015-09-27,2015-09-27,1,2,53.48008,-2.85579,53.47841,53.48174,-2.85643,-2.85515,2.15,4.2,SNPP,0,2,1
4103,2015-09-27,2015-09-27,1,1,50.71371,-2.50596,50.71371,50.71371,-2.50596,-2.50596,0.49,0.49,SNPP,0,1,1
4104,2015-09-27,2015-09-27,1,1,51.9693,-0.46908,51.9693,51.9693,-0.46908,-0.46908,0.36,0.36,SNPP,0,1,1
4105,2015-09-27,2015-09-27,1,1,54.16665,-1.49736,54.16665,54.16665,-1.49736,-1.49736,5.32,5.32,SNPP,0,0,1
4106,2015-09-27,2015-09-27,1,1,55.58691,-2.31455,55.58691,55.58691,-2.31455,-2.31455,2.3,2.3,SNPP,0,0,1
4107,2015-09-28,2015-09-28,1,4,54.12652,-0.42994,54.11902,54.13403,-0.4323,-0.42759,2.55,4.73,SNPP,0,4,1
4108,2015-09-28,2015-09-28,1,1,52.23858,-0.32108,52.23858,52.23858,-0.32108,-0.32108,2.76,2.76,SNPP,0,1,1
4109,2015-09-28,2015-09-28,1,1,52.42679,-1.14086,52.42679,52.42679,-1.14086,-1.14086,1.64,1.64,SNPP,0,1,1
4110,2015-09-28,2015-09-28,1,1,50.88059,-3.34791,50.88059,50.88059,-3.34791,-3.34791,2.02,2.02,SNPP,0,0,1
4111,2015-09-28,2015-09-28,1,1,51.25637,1.15247,51.25637,51.25637,1.15247,1.15247,9.24,9.24,SNPP,0,0,1
4112,2015-09-28,2015-09-28,1,1,51.55727,-3.06821,51.55727,51.55727,-3.06821,-3.06821,4.45,4.45,SNPP,0,0,1
4113,2015-09-28,2015-09-28,1,1,53.22116,0.0491,53.22116,53.22116,0.0491,0.0491,6.67,6.67,SNPP,0,0,1
4114,2015-09-28,2015-09-28,1,1,53.23477,-0.90869,53.23477,53.23477,-0.90869,-0.90869,8.27,8.27,SNPP,0,0,1
4115,2015-09-29,2015-09-29,1,2,50.97058,0.70322,50.97017,50.97099,0.70284,0.70359,0.79,1.22,SNPP,0,2,1
4116,2015-09-29,2015-09-30,2,8,51.30344,0.698,51.30108,51.30642,0.6937,0.69999,8.3,28.06,SNPP,0,5,2
4117,2015-09-29,2015-09-29,1,1,51.86984,0.14756,51.86984,51.86984,0.14756,0.14756,1.1,1.1,SNPP,0,1,1
4118,2015-09-29,2015-09-30,2,4,52.93063,-0.00936,52.92904,52.93179,-0.01291,-0.0077,1.5,4.46,SNPP,0,4,2
4119,2015-09-29,2015-09-29,1,1,56.68406,-3.45478,56.68406,56.68406,-3.45478,-3.45478,2.22,2.22,SNPP,0,0,1
4120,2015-09-30,2015-09-30,1,1,53.84613,-1.3196,53.84613,53.84613,-1.3196,-1.3196,0.72,0.72,SNPP,0,1,1
4121,2015-09-30,2015-09-30,1,1,51.42363,0.30403,51.42363,51.42363,0.30403,0.30403,0.71,0.71,SNPP,0,1,1
4122,2015-09-30,2015-09-30,1,1,50.69923,-1.43985,50.69923,50.69923,-1.43985,-1.43985,2.51,2.51,SNPP,0,0,1
4123,2015-09-30,2015-10-01,2,2,51.18448,-0.48259,51.18364,51.18533,-0.48345,-0.48173,2.87,4.82,SNPP,0,0,2
4124,2015-09-30,2015-09-30,1,1,51.29966,-0.29945,51.29966,51.29966,-0.29945,-0.29945,1.35,1.35,SNPP,0,0,1
4125,2015-09-30,2015-09-30,1,1,52.20685,-2.75207,52.20685,52.20685,-2.75207,-2.75207,7.03,7.03,SNPP,0,0,1
4126,2015-09-30,2015-09-30,1,1,52.23137,1.07235,52.23137,52.23137,1.07235,1.07235,2.9,2.9,SNPP,0,0,1
4127,2015-09-30,2015-09-30,1,1,53.65023,-1.17971,53.65023,53.65023,-1.17971,-1.17971,2.72,2.72,SNPP,0,0,1
4128,2015-09-30,2015-09-30,1,1,55.10126,-2.16377,55.10126,55.10126,-2.16377,-2.16377,65.32,65.32,SNPP,0,0,1
4129,2015-09-30,2015-09-30,1,1,55.16156,-1.83826,55.16156,55.16156,-1.83826,-1.83826,3.81,3.81,SNPP,0,0,1
4130,2015-09-30,2015-09-30,1,1,56.10351,-3.84788,56.10351,56.10351,-3.84788,-3.84788,1.38,1.38,SNPP,0,0,1
4131,2015-09-30,2015-09-30,1,1,56.29099,-2.81543,56.29099,56.29099,-2.81543,-2.81543,5.64,5.64,SNPP,0,0,1
4132,2015-10-01,2015-10-01,1,4,53.52551,-0.87721,53.52346,53.52681,-0.88242,-0.87538,1.96,6.56,SNPP,0,4,1
4133,2015-10-01,2015-10-01,1,1,50.22453,-5.30739,50.22453,50.22453,-5.30739,-5.30739,1.81,1.81,SNPP,0,0,1
4134,2015-10-01,2015-10-01,1,1,52.07352,-1.76355,52.07352,52.07352,-1.76355,-1.76355,4.24,4.24,SNPP,0,0,1
4135,2015-10-01,2015-10-01,1,1,52.23705,0.03209,52.23705,52.23705,0.03209,0.03209,3.33,3.33,SNPP,0,0,1
4136,2015-10-01,2015-10-01,1,1,52.85912,-0.54812,52.85912,52.85912,-0.54812,-0.54812,1.93,1.93,SNPP,0,0,1
4137,2015-10-01,2015-10-01,1,1,53.39097,-1.67643,53.39097,53.39097,-1.67643,-1.67643,3.02,3.02,SNPP,0,0,1
4138,2015-10-01,2015-10-01,1,1,53.48112,-1.8472,53.48112,53.48112,-1.8472,-1.8472,2.24,2.24,SNPP,0,0,1
4139,2015-10-01,2015-10-02,2,4,53.99821,-1.8431,53.99475,54.00203,-1.85044,-1.83777,6.44,20.91,SNPP,1,0,2
4140,2015-10-01,2015-10-02,2,2,54.03163,-2.65726,54.03136,54.0319,-2.66549,-2.64902,3.73,6.33,SNPP,0,0,2
4141,2015-10-01,2015-10-02,2,3,54.05878,-2.45735,54.05812,54.06006,-2.45793,-2.45651,3.22,8.81,SNPP,0,0,2
4142,2015-10-01,2015-10-01,1,1,54.22708,-1.7472,54.22708,54.22708,-1.7472,-1.7472,9.47,9.47,SNPP,0,0,1
4143,2015-10-01,2015-10-01,1,6,54.33526,-1.05924,54.32801,54.34262,-1.07239,-1.04598,10.92,37.72,SNPP,0,0,1
4144,2015-10-01,2015-10-01,1,1,54.33375,-0.98749,54.33375,54.33375,-0.98749,-0.98749,2.72,2.72,SNPP,0,0,1
4145,2015-10-01,2015-10-01,1,1,54.36249,-1.16756,54.36249,54.36249,-1.16756,-1.16756,1.31,1.31,SNPP,0,0,1
4146,2015-10-01,2015-10-02,2,3,54.36233,-1.22833,54.35659,54.36575,-1.23544,-1.22015,5.95,13.34,SNPP,0,0,2
4147,2015-10-01,2015-10-01,1,1,54.37551,-1.09513,54.37551,54.37551,-1.09513,-1.09513,2.43,2.43,SNPP,0,0,1
4148,2015-10-01,2015-10-01,1,1,54.38088,-1.02509,54.38088,54.38088,-1.02509,-1.02509,4.59,4.59,SNPP,0,0,1
4149,2015-10-01,2015-10-01,1,1,54.48256,-0.87668,54.48256,54.48256,-0.87668,-0.87668,10.76,10.76,SNPP,0,0,1
4150,2015-10-01,2015-10-01,1,1,54.48513,-1.00305,54.48513,54.48513,-1.00305,-1.00305,4.36,4.36,SNPP,0,0,1
4151,2015-10-01,2015-10-01,1,2,55.22102,-2.85517,55.21935,55.2227,-2.8561,-2.85424,6.67,13.34,SNPP,0,0,1
4152,2015-10-01,2015-10-01,1,1,55.54256,-2.12177,55.54256,55.54256,-2.12177,-2.12177,5.77,5.77,SNPP,0,0,1
4153,2015-10-01,2015-10-01,1,2,55.68936,-2.94929,55.68769,55.69102,-2.95027,-2.94831,4.73,9.46,SNPP,0,0,1
4154,2015-10-01,2015-10-01,1,3,55.70166,-2.92878,55.69986,55.70269,-2.92913,-2.92816,6.51,12.17,SNPP,0,0,1
4155,2015-10-01,2015-10-01,1,1,55.83259,-3.51957,55.83259,55.83259,-3.51957,-3.51957,1.38,1.38,SNPP,0,0,1
4156,2015-10-01,2015-10-01,1,2,55.85147,-2.54899,55.84983,55.85312,-2.54997,-2.54801,5.87,8.31,SNPP,0,0,1
4157,2015-10-01,2015-10-01,1,1,56.09618,-4.08969,56.09618,56.09618,-4.08969,-4.08969,2.11,2.11,SNPP,0,0,1
4158,2015-10-01,2015-10-01,1,1,56.41753,-3.87277,56.41753,56.41753,-3.87277,-3.87277,2.23,2.23,SNPP,0,0,1
4159,2015-10-01,2015-10-01,1,1,56.45624,-3.55688,56.45624,56.45624,-3.55688,-3.55688,2.76,2.76,SNPP,0,0,1
4160,2015-10-01,2015-10-02,2,3,56.45904,-3.7573,56.45741,56.46226,-3.76443,-3.74396,3.57,7.92,SNPP,0,0,2
4161,2015-10-01,2015-10-02,2,6,56.69129,-3.63794,56.68957,56.69267,-3.64459,-3.63122,10.23,29.75,SNPP,0,0,2
4162,2015-10-01,2015-10-01,1,2,56.77344,-2.87688,56.77287,56.77402,-2.88001,-2.87375,7.32,11.26,SNPP,0,0,1
4163,2015-10-01,2015-10-02,2,4,56.79281,-2.93577,56.79158,56.7938,-2.94327,-2.9313,10.48,23.64,SNPP,0,0,2
4164,2015-10-01,2015-10-01,1,1,56.88334,-4.26345,56.88334,56.88334,-4.26345,-4.26345,2.59,2.59,SNPP,0,0,1
4165,2015-10-01,2015-10-01,1,1,57.11392,-2.97127,57.11392,57.11392,-2.97127,-2.97127,1.42,1.42,SNPP,0,0,1
4166,2015-10-01,2015-10-01,1,3,57.42683,-3.5841,57.42453,57.43079,-3.58867,-3.57886,5.09,13.12,SNPP,0,0,1
4167,2015-10-01,2015-10-01,1,1,57.8998,-4.10022,57.8998,57.8998,-4.10022,-4.10022,1.93,1.93,SNPP,0,0,1
4168,2015-10-01,2015-10-01,1,1,53.22189,0.05311,53.22189,53.22189,0.05311,0.05311,5.45,5.45,SNPP,0,0,1
4169,2015-10-01,2015-10-01,1,1,54.09837,-1.90343,54.09837,54.09837,-1.90343,-1.90343,4.93,4.93,SNPP,0,0,1
4170,2015-10-01,2015-10-02,2,3,54.89702,-2.47253,54.89345,54.89947,-2.47409,-2.46953,6.15,14.2,SNPP,0,0,2
4171,2015-10-01,2015-10-01,1,2,55.53084,-3.86458,55.53041,55.53126,-3.86494,-3.86421,3.62,6.34,SNPP,0,0,1
4172,2015-10-01,2015-10-01,1,1,55.89816,-2.75698,55.89816,55.89816,-2.75698,-2.75698,3.73,3.73,SNPP,0,0,1
4173,2015-10-01,2015-10-02,2,4,56.47017,-3.83248,56.46938,56.47115,-3.84933,-3.82065,11.6,31.84,SNPP,0,0,2
4174,2015-10-01,2015-10-01,1,2,56.54705,-3.79832,56.54679,56.54731,-3.7991,-3.79755,4.07,6.84,SNPP,0,0,1
4175,2015-10-01,2015-10-01,1,4,57.18516,-3.17558,57.18404,57.18625,-3.18214,-3.16926,21.81,53.47,SNPP,2,0,1
4176,2015-10-01,2015-10-01,1,2,57.37529,-3.69975,57.37529,57.37529,-3.70002,-3.69949,2.55,4.83,SNPP,0,0,1
4177,2015-10-02,2015-10-02,1,1,55.73473,-3.00325,55.73473,55.73473,-3.00325,-3.00325,1.46,1.46,SNPP,0,1,1
4178,2015-10-02,2015-10-02,1,1,51.89869,-2.54325,51.89869,51.89869,-2.54325,-2.54325,0.42,0.42,SNPP,0,1,1
4179,2015-10-02,2015-10-02,1,1,52.90375,-0.10743,52.90375,52.90375,-0.10743,-0.10743,1.48,1.48,SNPP,0,1,1
4180,2015-10-02,2015-10-02,1,2,51.4696,-1.78412,51.46758,51.47162,-1.78534,-1.78291,4.58,7.18,SNPP,0,0,1
4181,2015-10-02,2015-10-02,1,1,51.96371,-1.47627,51.96371,51.96371,-1.47627,-1.47627,3.12,3.12,SNPP,0,0,1
4182,2015-10-02,2015-10-02,1,1,52.13895,-2.05273,52.13895,52.13895,-2.05273,-2.05273,2.73,2.73,SNPP,0,0,1
4183,2015-10-02,2015-10-02,1,1,53.21939,-0.12402,53.21939,53.21939,-0.12402,-0.12402,2.86,2.86,SNPP,0,0,1
4184,2015-10-02,2015-10-02,1,1,53.80165,-1.85292,53.80165,53.80165,-1.85292,-1.85292,3.06,3.06,SNPP,0,0,1
4185,2015-10-02,2015-10-02,1,1,54.02001,-2.47638,54.02001,54.02001,-2.47638,-2.47638,4.91,4.91,SNPP,0,0,1
4186,2015-10-02,2015-10-02,1,9,54.16161,-1.82146,54.15779,54.16762,-1.8269,-1.81584,15.89,101.53,SNPP,5,0,1
4187,2015-10-02,2015-10-02,1,1,54.79074,-2.22756,54.79074,54.79074,-2.22756,-2.22756,1.67,1.67,SNPP,0,0,1
4188,2015-10-02,2015-10-02,1,1,55.51352,-2.09839,55.51352,55.51352,-2.09839,-2.09839,3.7,3.7,SNPP,0,0,1
4189,2015-10-02,2015-10-02,1,5,55.58762,-3.18454,55.58713,55.58898,-3.18955,-3.17882,16.93,56.98,SNPP,2,0,1
4190,2015-10-02,2015-10-02,1,1,55.65464,-2.92069,55.65464,55.65464,-2.92069,-2.92069,5.37,5.37,SNPP,0,0,1
4191,2015-10-02,2015-10-02,1,1,56.87799,-3.41445,56.87799,56.87799,-3.41445,-3.41445,7.3,7.3,SNPP,0,0,1
4192,2015-10-02,2015-10-02,1,1,53.94397,-2.6537,53.94397,53.94397,-2.6537,-2.6537,2.46,2.46,SNPP,0,0,1
4193,2015-10-02,2015-10-02,1,2,54.36126,-1.92846,54.35876,54.36375,-1.92872,-1.9282,2.24,4.32,SNPP,0,0,1
4194,2015-10-02,2015-10-02,1,2,55.81952,-2.76883,55.81853,55.82052,-2.77061,-2.76705,3.83,6.82,SNPP,0,0,1
4195,2015-10-02,2015-10-02,1,1,55.85263,-2.72238,55.85263,55.85263,-2.72238,-2.72238,10.55,10.55,SNPP,1,0,1
4196,2015-10-02,2015-10-02,1,1,56.84549,-4.28506,56.84549,56.84549,-4.28506,-4.28506,4.18,4.18,SNPP,0,0,1
4197,2015-10-02,2015-10-02,1,3,57.3112,-3.86494,57.30932,57.31482,-3.86883,-3.86214,5.33,15.99,SNPP,1,0,1
4198,2015-10-02,2015-10-02,1,2,57.41954,-3.72052,57.41684,57.42223,-3.721,-3.72003,5.93,11.86,SNPP,0,0,1
4199,2015-10-03,2015-10-03,1,1,51.06381,0.73461,51.06381,51.06381,0.73461,0.73461,0.33,0.33,SNPP,0,1,1
4200,2015-10-03,2015-10-03,1,1,54.38667,-2.05383,54.38667,54.38667,-2.05383,-2.05383,5.59,5.59,SNPP,0,0,1
4201,2015-10-04,2015-10-04,1,1,51.50233,-0.49157,51.50233,51.50233,-0.49157,-0.49157,2.02,2.02,SNPP,0,0,1
4202,2015-10-04,2015-10-04,1,2,53.47864,-1.6466,53.47658,53.48071,-1.64726,-1.64594,3.1,5.65,SNPP,0,0,1
4203,2015-10-04,2015-10-04,1,1,56.86389,-3.44881,56.86389,56.86389,-3.44881,-3.44881,2.79,2.79,SNPP,0,0,1
4204,2015-10-04,2015-10-04,1,1,52.69921,-2.84201,52.69921,52.69921,-2.84201,-2.84201,2.79,2.79,SNPP,0,0,1
4205,2015-10-04,2015-10-04,1,1,57.27019,-3.92077,57.27019,57.27019,-3.92077,-3.92077,3.82,3.82,SNPP,0,0,1
4206,2015-10-04,2015-10-04,1,1,57.28142,-3.49332,57.28142,57.28142,-3.49332,-3.49332,19.88,19.88,SNPP,0,0,1
4207,2015-10-04,2015-10-04,1,1,57.43096,-3.64318,57.43096,57.43096,-3.64318,-3.64318,2.97,2.97,SNPP,0,0,1
4208,2015-10-04,2015-10-04,1,1,57.66085,-2.08532,57.66085,57.66085,-2.08532,-2.08532,6.07,6.07,SNPP,0,0,1
4209,2015-10-05,2015-10-05,1,2,53.77898,-2.83886,53.7782,53.77977,-2.84198,-2.83575,1.29,2.27,SNPP,0,2,1
4210,2015-10-08,2015-10-08,1,2,51.71836,-0.3132,51.71651,51.7202,-0.3141,-0.31231,2.2,4.09,SNPP,0,0,1
4211,2015-10-08,2015-10-08,1,1,54.19632,-7.59052,54.19632,54.19632,-7.59052,-7.59052,7.3,7.3,SNPP,0,0,1
4212,2015-10-09,2015-10-09,1,2,52.52426,-1.14048,52.52371,52.52482,-1.14139,-1.13958,1.54,2.88,SNPP,0,2,1
4213,2015-10-11,2015-10-11,1,1,52.66096,0.11658,52.66096,52.66096,0.11658,0.11658,1.28,1.28,SNPP,0,0,1
4214,2015-10-11,2015-10-11,1,1,53.67163,-0.42614,53.67163,53.67163,-0.42614,-0.42614,3.02,3.02,SNPP,0,0,1
4215,2015-10-11,2015-10-11,1,1,54.48386,-0.90701,54.48386,54.48386,-0.90701,-0.90701,2.44,2.44,SNPP,0,0,1
4216,2015-10-11,2015-10-11,1,1,54.50214,-1.03967,54.50214,54.50214,-1.03967,-1.03967,2.98,2.98,SNPP,0,0,1
4217,2015-10-12,2015-10-12,1,1,52.65168,-1.20608,52.65168,52.65168,-1.20608,-1.20608,3.53,3.53,SNPP,0,1,1
4218,2015-10-13,2015-10-13,1,3,51.13145,-2.33803,51.12934,51.13366,-2.33957,-2.33645,8.11,14.91,SNPP,0,0,1
4219,2015-10-14,2015-10-14,1,1,53.12901,-1.02246,53.12901,53.12901,-1.02246,-1.02246,3.99,3.99,SNPP,0,1,1
4220,2015-10-14,2015-10-14,1,1,55.13609,-6.91675,55.13609,55.13609,-6.91675,-6.91675,2.32,2.32,SNPP,0,0,1
4221,2015-10-15,2015-10-15,1,1,54.50337,-6.80784,54.50337,54.50337,-6.80784,-6.80784,0.66,0.66,SNPP,0,1,1
4222,2015-10-15,2015-10-15,1,1,52.80849,-4.63235,52.80849,52.80849,-4.63235,-4.63235,3.07,3.07,SNPP,0,0,1
4223,2015-10-15,2015-10-15,1,1,53.38009,-1.61657,53.38009,53.38009,-1.61657,-1.61657,3.95,3.95,SNPP,0,0,1
4224,2015-10-15,2015-10-15,1,1,57.39977,-3.62825,57.39977,57.39977,-3.62825,-3.62825,3.65,3.65,SNPP,0,0,1
4225,2015-10-16,2015-10-16,1,1,55.97119,-5.68593,55.97119,55.97119,-5.68593,-5.68593,5.35,5.35,SNPP,0,0,1
4226,2015-10-17,2015-10-17,1,1,54.00707,-1.86282,54.00707,54.00707,-1.86282,-1.86282,5.4,5.4,SNPP,0,0,1
4227,2015-10-18,2015-10-18,1,1,56.82861,-4.46992,56.82861,56.82861,-4.46992,-4.46992,0.05,0.05,SNPP,0,1,1
4228,2015-10-19,2015-10-19,1,1,53.96254,-2.59702,53.96254,53.96254,-2.59702,-2.59702,3.91,3.91,SNPP,0,0,1
4229,2015-10-20,2015-10-20,1,1,50.84406,-3.03549,50.84406,50.84406,-3.03549,-3.03549,4.67,4.67,SNPP,0,0,1
4230,2015-10-20,2015-10-20,1,1,50.96345,-4.17498,50.96345,50.96345,-4.17498,-4.17498,4.86,4.86,SNPP,0,0,1
4231,2015-10-20,2015-10-20,1,1,52.94608,-3.16309,52.94608,52.94608,-3.16309,-3.16309,4.48,4.48,SNPP,0,0,1
4232,2015-10-20,2015-10-20,1,1,54.38824,-0.68093,54.38824,54.38824,-0.68093,-0.68093,3.85,3.85,SNPP,0,0,1
4233,2015-10-20,2015-10-20,1,1,54.42211,-1.98147,54.42211,54.42211,-1.98147,-1.98147,2.75,2.75,SNPP,0,0,1
4234,2015-10-20,2015-10-20,1,1,54.46893,-0.99235,54.46893,54.46893,-0.99235,-0.99235,1.19,1.19,SNPP,0,0,1
4235,2015-10-22,2015-10-22,1,1,57.86494,-3.7799,57.86494,57.86494,-3.7799,-3.7799,1.92,1.92,SNPP,0,1,1
4236,2015-10-22,2015-10-22,1,1,54.41011,-0.68011,54.41011,54.41011,-0.68011,-0.68011,1.94,1.94,SNPP,0,0,1
4237,2015-10-22,2015-10-22,1,1,54.4927,-0.89598,54.4927,54.4927,-0.89598,-0.89598,1.63,1.63,SNPP,0,0,1
4238,2015-10-22,2015-10-22,1,1,54.49805,-0.94887,54.49805,54.49805,-0.94887,-0.94887,2.75,2.75,SNPP,0,0,1
4239,2015-10-22,2015-10-22,1,1,55.72923,-2.09812,55.72923,55.72923,-2.09812,-2.09812,2.32,2.32,SNPP,0,0,1
4240,2015-10-22,2015-10-22,1,1,54.30065,-6.49887,54.30065,54.30065,-6.49887,-6.49887,3.23,3.23,SNPP,0,0,1
4241,2015-10-23,2015-10-23,1,1,53.75064,-1.28992,53.75064,53.75064,-1.28992,-1.28992,2.55,2.55,SNPP,0,1,1
4242,2015-10-23,2015-10-23,1,2,57.40353,-3.61448,57.40342,57.40364,-3.61503,-3.61393,2.73,4.95,SNPP,0,0,1
4243,2015-10-25,2015-10-25,1,1,52.82775,-1.82877,52.82775,52.82775,-1.82877,-1.82877,1.75,1.75,SNPP,0,1,1
4244,2015-10-25,2015-10-25,1,2,54.87022,-3.36513,54.8698,54.87064,-3.36663,-3.36363,1.93,2.6,SNPP,0,2,1
4245,2015-10-26,2015-10-26,1,2,55.82765,-2.91572,55.82639,55.82891,-2.91652,-2.91492,4.24,8.13,SNPP,0,0,1
4246,2015-10-26,2015-10-26,1,1,51.7687,-0.07744,51.7687,51.7687,-0.07744,-0.07744,3.57,3.57,SNPP,0,0,1
4247,2015-10-26,2015-10-26,1,1,52.43183,-0.68741,52.43183,52.43183,-0.68741,-0.68741,5.01,5.01,SNPP,0,0,1
4248,2015-10-26,2015-10-26,1,1,54.25558,-1.80741,54.25558,54.25558,-1.80741,-1.80741,3.09,3.09,SNPP,0,0,1
4249,2015-10-26,2015-10-26,1,1,54.35518,-1.87756,54.35518,54.35518,-1.87756,-1.87756,2.75,2.75,SNPP,0,0,1
4250,2015-10-29,2015-10-29,1,1,52.54729,1.13181,52.54729,52.54729,1.13181,1.13181,1.95,1.95,SNPP,0,1,1
4251,2015-10-29,2015-10-29,1,2,54.44734,-1.13408,54.4457,54.44897,-1.13479,-1.13337,4.35,6.54,SNPP,0,2,1
4252,2015-10-31,2015-10-31,1,1,54.09056,-6.56807,54.09056,54.09056,-6.56807,-6.56807,2.74,2.74,SNPP,0,0,1
4253,2015-11-01,2015-11-01,1,1,57.11948,-2.27837,57.11948,57.11948,-2.27837,-2.27837,0.6,0.6,SNPP,0,1,1
4254,2015-11-01,2015-11-01,1,4,52.23713,-0.59861,52.23505,52.2393,-0.6,-0.59699,4.2,10.41,SNPP,0,3,1
4255,2015-11-01,2015-11-01,1,2,52.32294,-1.82528,52.32237,52.32351,-1.82561,-1.82495,0.82,1.25,SNPP,0,2,1
4256,2015-11-01,2015-11-01,1,3,52.3431,-2.09689,52.34142,52.34509,-2.09814,-2.09605,0.76,1.7,SNPP,0,3,1
4257,2015-11-01,2015-11-01,1,2,53.09124,-2.32466,53.0911,53.09138,-2.32542,-2.32389,0.72,1.43,SNPP,0,2,1
4258,2015-11-01,2015-11-01,1,1,54.35832,-7.63501,54.35832,54.35832,-7.63501,-7.63501,0.65,0.65,SNPP,0,1,1
4259,2015-11-01,2015-11-01,1,1,53.45462,-1.68188,53.45462,53.45462,-1.68188,-1.68188,3.57,3.57,SNPP,0,0,1
4260,2015-11-02,2015-11-02,1,1,53.51908,-2.62579,53.51908,53.51908,-2.62579,-2.62579,0.76,0.76,SNPP,0,1,1
4261,2015-11-02,2015-11-02,1,1,53.78233,-1.72856,53.78233,53.78233,-1.72856,-1.72856,0.83,0.83,SNPP,0,1,1
4262,2015-11-02,2015-11-02,1,1,51.12384,-1.22931,51.12384,51.12384,-1.22931,-1.22931,2.66,2.66,SNPP,0,0,1
4263,2015-11-02,2015-11-02,1,1,54.6146,-1.1943,54.6146,54.6146,-1.1943,-1.1943,9.22,9.22,SNPP,0,0,1
4264,2015-11-02,2015-11-02,1,1,57.23272,-3.18868,57.23272,57.23272,-3.18868,-3.18868,2.68,2.68,SNPP,0,0,1
4265,2015-11-02,2015-11-02,1,3,57.25862,-3.13836,57.25768,57.26021,-3.14182,-3.13194,13.66,20.68,SNPP,0,0,1
4266,2015-11-02,2015-11-02,1,1,57.2863,-3.48527,57.2863,57.2863,-3.48527,-3.48527,3.58,3.58,SNPP,0,0,1
4267,2015-11-02,2015-11-02,1,1,57.33598,-3.03857,57.33598,57.33598,-3.03857,-3.03857,6.53,6.53,SNPP,0,0,1
4268,2015-11-02,2015-11-03,2,3,57.37814,-3.844,57.37554,57.38008,-3.8463,-3.84098,2.84,6.97,SNPP,0,0,2
4269,2015-11-02,2015-11-02,1,3,57.40346,-3.6394,57.40076,57.40493,-3.64299,-3.63332,8.8,18.38,SNPP,0,0,1
4270,2015-11-02,2015-11-02,1,1,54.47263,-0.85923,54.47263,54.47263,-0.85923,-0.85923,4.86,4.86,SNPP,0,0,1
4271,2015-11-03,2015-11-03,1,1,53.8093,-2.82874,53.8093,53.8093,-2.82874,-2.82874,0.73,0.73,SNPP,0,1,1
4272,2015-11-03,2015-11-03,1,2,55.17969,-1.61743,55.17923,55.18015,-1.62039,-1.61447,4.77,8.27,SNPP,0,2,1
4273,2015-11-03,2015-11-03,1,1,54.49772,-0.87715,54.49772,54.49772,-0.87715,-0.87715,3.52,3.52,SNPP,0,0,1
4274,2015-11-03,2015-11-03,1,1,55.86217,-3.26725,55.86217,55.86217,-3.26725,-3.26725,13.07,13.07,SNPP,0,0,1
4275,2015-11-03,2015-11-03,1,1,57.17156,-2.92049,57.17156,57.17156,-2.92049,-2.92049,2.82,2.82,SNPP,0,0,1
4276,2015-11-03,2015-11-03,1,1,57.30488,-3.45137,57.30488,57.30488,-3.45137,-3.45137,6.25,6.25,SNPP,0,0,1
4277,2015-11-04,2015-11-04,1,1,52.41977,0.08618,52.41977,52.41977,0.08618,0.08618,0.41,0.41,SNPP,0,1,1
4278,2015-11-06,2015-11-06,1,1,57.38545,-2.06917,57.38545,57.38545,-2.06917,-2.06917,0.77,0.77,SNPP,0,1,1
4279,2015-11-06,2015-11-06,1,6,50.88016,0.00037,50.87897,50.88155,-0.01203,0.01058,1.61,6.29,SNPP,0,6,1
4280,2015-11-07,2015-11-07,1,2,53.59167,-2.0955,53.59106,53.59229,-2.09649,-2.09451,1.14,1.88,SNPP,0,2,1
4281,2015-11-07,2015-11-07,1,2,53.71936,-2.31674,53.7182,53.72051,-2.32027,-2.3132,1.7,3.21,SNPP,0,2,1
4282,2015-11-07,2015-11-07,1,3,53.7354,-1.54211,53.73156,53.7377,-1.54329,-1.54148,1.49,3.05,SNPP,0,3,1
4283,2015-11-07,2015-11-07,1,2,53.76087,-1.68068,53.76041,53.76133,-1.68217,-1.67918,1.85,2.93,SNPP,0,2,1
4284,2015-11-07,2015-11-07,1,1,53.79836,-1.68259,53.79836,53.79836,-1.68259,-1.68259,0.85,0.85,SNPP,0,1,1
4285,2015-11-07,2015-11-07,1,1,51.3693,-1.97366,51.3693,51.3693,-1.97366,-1.97366,0.4,0.4,SNPP,0,1,1
4286,2015-11-07,2015-11-07,1,2,51.42109,0.22653,51.41934,51.42284,0.22644,0.22662,0.84,1.56,SNPP,0,2,1
4287,2015-11-07,2015-11-07,1,1,52.77924,-2.37678,52.77924,52.77924,-2.37678,-2.37678,1.22,1.22,SNPP,0,1,1
4288,2015-11-07,2015-11-07,1,2,52.91172,-0.02527,52.91159,52.91185,-0.02533,-0.02521,0.72,1.26,SNPP,0,2,1
4289,2015-11-07,2015-11-07,1,3,53.07333,-1.35087,53.07232,53.07417,-1.35258,-1.34858,2.25,5.32,SNPP,0,3,1
4290,2015-11-07,2015-11-08,2,3,53.08277,-1.67815,53.08126,53.08422,-1.67921,-1.67697,1.33,3.21,SNPP,0,3,2
4291,2015-11-07,2015-11-07,1,4,53.12154,-1.1163,53.12012,53.12243,-1.11961,-1.1122,2.75,8.8,SNPP,0,4,1
4292,2015-11-07,2015-11-07,1,3,53.06114,-0.80086,53.06038,53.06241,-0.80532,-0.79747,3.48,6.34,SNPP,0,3,1
4293,2015-11-07,2015-11-07,1,1,53.64904,-1.17717,53.64904,53.64904,-1.17717,-1.17717,0.8,0.8,SNPP,0,1,1
4294,2015-11-07,2015-11-07,1,1,53.7883,-2.90804,53.7883,53.7883,-2.90804,-2.90804,1.53,1.53,SNPP,0,1,1
4295,2015-11-08,2015-11-08,1,1,57.25533,-2.37361,57.25533,57.25533,-2.37361,-2.37361,0.39,0.39,SNPP,0,1,1
4296,2015-11-08,2015-11-08,1,1,57.60635,-1.89649,57.60635,57.60635,-1.89649,-1.89649,1.06,1.06,SNPP,0,1,1
4297,2015-11-08,2015-11-08,1,1,53.43481,-0.766,53.43481,53.43481,-0.766,-0.766,0.79,0.79,SNPP,0,1,1
4298,2015-11-08,2015-11-08,1,1,53.49271,-1.04145,53.49271,53.49271,-1.04145,-1.04145,0.71,0.71,SNPP,0,1,1
4299,2015-11-08,2015-11-08,1,1,53.67802,-1.35147,53.67802,53.67802,-1.35147,-1.35147,1.75,1.75,SNPP,0,1,1
4300,2015-11-08,2015-11-08,1,1,55.86282,-3.15307,55.86282,55.86282,-3.15307,-3.15307,0.19,0.19,SNPP,0,1,1
4301,2015-11-08,2015-11-08,1,1,50.28649,-4.94707,50.28649,50.28649,-4.94707,-4.94707,1.09,1.09,SNPP,0,1,1
4302,2015-11-08,2015-11-08,1,1,50.74862,-2.2178,50.74862,50.74862,-2.2178,-2.2178,1.05,1.05,SNPP,0,1,1
4303,2015-11-08,2015-11-08,1,1,51.26593,-0.5681,51.26593,51.26593,-0.5681,-0.5681,3.09,3.09,SNPP,0,1,1
4304,2015-11-08,2015-11-08,1,2,51.99344,-1.49222,51.99293,51.99396,-1.49228,-1.49216,2.15,3.67,SNPP,0,2,1
4305,2015-11-08,2015-11-08,1,1,52.23817,-2.01037,52.23817,52.23817,-2.01037,-2.01037,0.34,0.34,SNPP,0,1,1
4306,2015-11-08,2015-11-08,1,1,52.23898,-0.59864,52.23898,52.23898,-0.59864,-0.59864,2.01,2.01,SNPP,0,1,1
4307,2015-11-08,2015-11-08,1,1,52.30649,0.72192,52.30649,52.30649,0.72192,0.72192,0.71,0.71,SNPP,0,1,1
4308,2015-11-08,2015-11-08,1,1,52.31872,-2.24384,52.31872,52.31872,-2.24384,-2.24384,0.67,0.67,SNPP,0,1,1
4309,2015-11-08,2015-11-08,1,2,52.34182,-0.99796,52.34015,52.34348,-0.9988,-0.99712,0.71,1.21,SNPP,0,2,1
4310,2015-11-08,2015-11-08,1,1,52.34254,-1.83613,52.34254,52.34254,-1.83613,-1.83613,0.56,0.56,SNPP,0,1,1
4311,2015-11-08,2015-11-08,1,1,52.35982,-1.8528,52.35982,52.35982,-1.8528,-1.8528,0.43,0.43,SNPP,0,1,1
4312,2015-11-08,2015-11-08,1,2,52.47474,1.72402,52.47369,52.47578,1.72357,1.72446,0.98,1.84,SNPP,0,2,1
4313,2015-11-08,2015-11-08,1,1,52.4768,-0.92814,52.4768,52.4768,-0.92814,-0.92814,1.74,1.74,SNPP,0,1,1
4314,2015-11-08,2015-11-08,1,1,52.59251,-1.59295,52.59251,52.59251,-1.59295,-1.59295,0.76,0.76,SNPP,0,1,1
4315,2015-11-08,2015-11-08,1,1,52.6054,-1.4666,52.6054,52.6054,-1.4666,-1.4666,0.38,0.38,SNPP,0,1,1
4316,2015-11-08,2015-11-08,1,1,52.62188,-1.85462,52.62188,52.62188,-1.85462,-1.85462,0.45,0.45,SNPP,0,1,1
4317,2015-11-08,2015-11-08,1,2,52.65548,-1.57475,52.65383,52.65712,-1.57555,-1.57395,0.86,1.63,SNPP,0,2,1
4318,2015-11-08,2015-11-08,1,1,52.6601,-1.72966,52.6601,52.6601,-1.72966,-1.72966,0.94,0.94,SNPP,0,1,1
4319,2015-11-08,2015-11-08,1,1,52.75019,-1.87332,52.75019,52.75019,-1.87332,-1.87332,0.5,0.5,SNPP,0,1,1
4320,2015-11-08,2015-11-08,1,1,52.79705,-2.59196,52.79705,52.79705,-2.59196,-2.59196,2.49,2.49,SNPP,0,1,1
4321,2015-11-08,2015-11-08,1,2,52.88816,-0.90714,52.88689,52.88942,-0.90801,-0.90627,1.93,3.17,SNPP,0,2,1
4322,2015-11-08,2015-11-08,1,1,52.89843,-2.14339,52.89843,52.89843,-2.14339,-2.14339,0.91,0.91,SNPP,0,1,1
4323,2015-11-08,2015-11-08,1,1,52.95324,-2.0118,52.95324,52.95324,-2.0118,-2.0118,0.91,0.91,SNPP,0,1,1
4324,2015-11-08,2015-11-08,1,1,53.00285,-1.70604,53.00285,53.00285,-1.70604,-1.70604,0.75,0.75,SNPP,0,1,1
4325,2015-11-08,2015-11-08,1,2,53.01345,-0.38741,53.01263,53.01427,-0.38795,-0.38687,0.77,1.35,SNPP,0,2,1
4326,2015-11-08,2015-11-08,1,1,53.02967,-2.37113,53.02967,53.02967,-2.37113,-2.37113,5.03,5.03,SNPP,0,1,1
4327,2015-11-08,2015-11-08,1,1,53.08639,-1.41107,53.08639,53.08639,-1.41107,-1.41107,0.49,0.49,SNPP,0,1,1
4328,2015-11-08,2015-11-08,1,1,53.15693,-0.18485,53.15693,53.15693,-0.18485,-0.18485,0.9,0.9,SNPP,0,1,1
4329,2015-11-08,2015-11-08,1,1,53.30832,-2.06217,53.30832,53.30832,-2.06217,-2.06217,1.18,1.18,SNPP,0,1,1
4330,2015-11-08,2015-11-08,1,1,53.47767,-2.44497,53.47767,53.47767,-2.44497,-2.44497,0.43,0.43,SNPP,0,1,1
4331,2015-11-08,2015-11-08,1,1,53.64487,-3.01873,53.64487,53.64487,-3.01873,-3.01873,0.54,0.54,SNPP,0,1,1
4332,2015-11-09,2015-11-09,1,1,50.74939,-1.94884,50.74939,50.74939,-1.94884,-1.94884,0.72,0.72,SNPP,0,1,1
4333,2015-11-09,2015-11-09,1,1,51.37103,-0.90738,51.37103,51.37103,-0.90738,-0.90738,0.37,0.37,SNPP,0,1,1
4334,2015-11-09,2015-11-09,1,2,52.69882,0.40419,52.69719,52.70044,0.4035,0.40488,0.43,0.86,SNPP,0,2,1
4335,2015-11-09,2015-11-09,1,1,53.54518,-2.56898,53.54518,53.54518,-2.56898,-2.56898,0.87,0.87,SNPP,0,1,1
4336,2015-11-12,2015-11-12,1,1,51.49886,-0.48378,51.49886,51.49886,-0.48378,-0.48378,0.51,0.51,SNPP,0,1,1
4337,2015-11-13,2015-11-13,1,1,52.23529,0.03365,52.23529,52.23529,0.03365,0.03365,4.51,4.51,SNPP,0,0,1
4338,2015-11-14,2015-11-14,1,1,53.15236,-1.78759,53.15236,53.15236,-1.78759,-1.78759,1.1,1.1,SNPP,0,1,1
4339,2015-11-16,2015-11-16,1,1,55.43761,-2.65016,55.43761,55.43761,-2.65016,-2.65016,5.45,5.45,SNPP,0,0,1
4340,2015-11-18,2015-11-18,1,1,52.29417,0.62924,52.29417,52.29417,0.62924,0.62924,0.47,0.47,SNPP,0,1,1
4341,2015-11-20,2015-11-20,1,1,52.13865,-2.04641,52.13865,52.13865,-2.04641,-2.04641,1.65,1.65,SNPP,0,0,1
4342,2015-11-21,2015-11-21,1,1,52.22417,-1.41011,52.22417,52.22417,-1.41011,-1.41011,0.88,0.88,SNPP,0,1,1
4343,2015-11-22,2015-11-22,1,1,53.98146,-2.37959,53.98146,53.98146,-2.37959,-2.37959,1.69,1.69,SNPP,0,1,1
4344,2015-11-22,2015-11-23,2,12,51.67559,0.88036,51.67285,51.67912,0.87605,0.88522,13.59,57.74,SNPP,0,11,2
4345,2015-11-23,2015-11-23,1,5,52.57226,-0.60334,52.57118,52.57325,-0.60646,-0.60064,9.77,34.94,SNPP,1,3,1
4346,2015-11-23,2015-11-23,1,1,54.16246,-6.24647,54.16246,54.16246,-6.24647,-6.24647,2.87,2.87,SNPP,0,1,1
4347,2015-11-25,2015-11-26,2,2,54.81978,-1.61632,54.81949,54.82008,-1.61714,-1.61549,9.57,10.36,SNPP,0,2,2
4348,2015-11-25,2015-11-25,1,1,51.91726,0.39623,51.91726,51.91726,0.39623,0.39623,0.51,0.51,SNPP,0,1,1
4349,2015-11-30,2015-11-30,1,1,56.53471,-2.8521,56.53471,56.53471,-2.8521,-2.8521,3.15,3.15,SNPP,0,0,1
4350,2015-12-02,2015-12-02,1,4,52.23688,0.03177,52.2341,52.23857,0.03078,0.03237,6.45,17.29,SNPP,0,0,1
4351,2015-12-04,2015-12-04,1,1,52.30637,0.56828,52.30637,52.30637,0.56828,0.56828,0.93,0.93,SNPP,0,1,1
4352,2015-12-07,2015-12-07,1,1,50.69985,-2.04111,50.69985,50.69985,-2.04111,-2.04111,5.26,5.26,SNPP,0,0,1
4353,2015-12-10,2015-12-10,1,1,53.15656,-0.10982,53.15656,53.15656,-0.10982,-0.10982,4.55,4.55,SNPP,0,1,1
4354,2015-12-10,2015-12-10,1,1,54.81137,-1.65502,54.81137,54.81137,-1.65502,-1.65502,2.6,2.6,SNPP,0,0,1
4355,2015-12-17,2015-12-17,1,1,51.56268,-2.97884,51.56268,51.56268,-2.97884,-2.97884,1.54,1.54,SNPP,0,1,1
4356,2015-12-21,2015-12-21,1,1,53.58208,-2.60072,53.58208,53.58208,-2.60072,-2.60072,0.54,0.54,SNPP,0,1,1
4357,2015-12-23,2015-12-23,1,1,52.13814,-2.05269,52.13814,52.13814,-2.05269,-2.05269,3.61,3.61,SNPP,0,0,1
4358,2015-12-24,2015-12-24,1,1,53.37368,-0.18543,53.37368,53.37368,-0.18543,-0.18543,4.04,4.04,SNPP,0,1,1
4359,2015-12-28,2015-12-28,1,1,51.30153,-0.6133,51.30153,51.30153,-0.6133,-0.6133,0.44,0.44,SNPP,0,1,1
4360,2015-12-29,2015-12-29,1,1,52.1385,-2.05308,52.1385,52.1385,-2.05308,-2.05308,2.91,2.91,SNPP,0,0,1
4361,2015-12-31,2015-12-31,1,1,51.14843,-1.59485,51.14843,51.14843,-1.59485,-1.59485,2.12,2.12,SNPP,0,1,1
4362,2015-12-31,2015-12-31,1,1,55.68449,-2.77283,55.68449,55.68449,-2.77283,-2.77283,2.15,2.15,SNPP,0,0,1
4363,2016-01-01,2016-01-01,1,1,53.54514,-0.98641,53.54514,53.54514,-0.98641,-0.98641,0.61,0.61,SNPP,0,1,1
4364,2016-01-01,2016-01-01,1,1,55.62443,-3.51955,55.62443,55.62443,-3.51955,-3.51955,1.32,1.32,SNPP,0,1,1
4365,2016-01-01,2016-01-01,1,1,50.94592,-3.40702,50.94592,50.94592,-3.40702,-3.40702,0.86,0.86,SNPP,0,1,1
4366,2016-01-12,2016-01-12,1,1,53.38219,-0.66848,53.38219,53.38219,-0.66848,-0.66848,1.6,1.6,SNPP,0,1,1
4367,2016-01-13,2016-01-13,1,1,52.23872,0.03276,52.23872,52.23872,0.03276,0.03276,3.14,3.14,SNPP,0,0,1
4368,2016-01-15,2016-01-15,1,1,53.71632,-1.77716,53.71632,53.71632,-1.77716,-1.77716,2.08,2.08,SNPP,0,0,1
4369,2016-01-16,2016-01-16,1,2,50.90398,-2.70617,50.90372,50.90423,-2.70656,-2.70578,2.61,4.22,SNPP,0,2,1
4370,2016-01-20,2016-01-20,1,1,51.33126,-2.95273,51.33126,51.33126,-2.95273,-2.95273,2.01,2.01,SNPP,0,0,1
4371,2016-01-20,2016-01-20,1,1,52.88561,-1.71026,52.88561,52.88561,-1.71026,-1.71026,2.04,2.04,SNPP,0,0,1
4372,2016-01-21,2016-01-21,1,3,57.26249,-5.01303,57.26182,57.26316,-5.01837,-5.00422,8.99,19.07,SNPP,0,3,1
4373,2016-01-23,2016-01-23,1,1,54.10082,-3.18336,54.10082,54.10082,-3.18336,-3.18336,2.37,2.37,SNPP,0,1,1
4374,2016-01-26,2016-01-26,1,1,53.12957,-0.76623,53.12957,53.12957,-0.76623,-0.76623,1.57,1.57,SNPP,0,1,1
4375,2016-01-28,2016-01-28,1,1,52.65479,-1.12946,52.65479,52.65479,-1.12946,-1.12946,2.93,2.93,SNPP,0,1,1
4376,2016-01-30,2016-01-30,1,1,50.99654,-0.21422,50.99654,50.99654,-0.21422,-0.21422,2.12,2.12,SNPP,0,0,1
4377,2016-02-01,2016-02-01,1,1,52.97105,-0.58675,52.97105,52.97105,-0.58675,-0.58675,2.41,2.41,SNPP,0,0,1
4378,2016-02-03,2016-02-03,1,2,54.29761,-1.2236,54.29595,54.29927,-1.2272,-1.22,4.58,7.38,SNPP,0,0,1
4379,2016-02-03,2016-02-03,1,1,54.37631,-0.88209,54.37631,54.37631,-0.88209,-0.88209,3.08,3.08,SNPP,0,0,1
4380,2016-02-03,2016-02-03,1,1,54.39642,-1.05627,54.39642,54.39642,-1.05627,-1.05627,3.22,3.22,SNPP,0,0,1
4381,2016-02-03,2016-02-03,1,1,54.15718,-0.22914,54.15718,54.15718,-0.22914,-0.22914,4.36,4.36,SNPP,0,0,1
4382,2016-02-03,2016-02-03,1,1,54.18436,-1.74739,54.18436,54.18436,-1.74739,-1.74739,5.65,5.65,SNPP,0,0,1
4383,2016-02-03,2016-02-03,1,1,54.51973,-0.97472,54.51973,54.51973,-0.97472,-0.97472,7.33,7.33,SNPP,0,0,1
4384,2016-02-04,2016-02-04,1,1,52.09732,-2.30712,52.09732,52.09732,-2.30712,-2.30712,4.15,4.15,SNPP,0,0,1
4385,2016-02-07,2016-02-07,1,1,52.5009,-1.86164,52.5009,52.5009,-1.86164,-1.86164,1.92,1.92,SNPP,0,1,1
4386,2016-02-10,2016-02-10,1,2,54.36853,-1.2396,54.36699,54.37007,-1.241,-1.23821,3.47,6.1,SNPP,0,0,1
4387,2016-02-10,2016-02-10,1,2,55.54517,-2.3337,55.54349,55.54685,-2.33438,-2.33303,2.57,5.14,SNPP,0,0,1
4388,2016-02-10,2016-02-10,1,2,55.80482,-3.04094,55.80439,55.80524,-3.04408,-3.03781,3.52,6.44,SNPP,0,0,1
4389,2016-02-10,2016-02-10,1,2,55.83051,-2.91549,55.82884,55.83218,-2.91616,-2.91482,3.33,6.66,SNPP,0,0,1
4390,2016-02-11,2016-02-11,1,1,60.46972,-1.25906,60.46972,60.46972,-1.25906,-1.25906,0.97,0.97,SNPP,0,1,1
4391,2016-02-11,2016-02-11,1,1,54.32409,-1.11239,54.32409,54.32409,-1.11239,-1.11239,1.87,1.87,SNPP,0,0,1
4392,2016-02-11,2016-02-11,1,1,54.51366,-1.03522,54.51366,54.51366,-1.03522,-1.03522,1.92,1.92,SNPP,0,0,1
4393,2016-02-12,2016-02-12,1,1,55.07334,-1.73227,55.07334,55.07334,-1.73227,-1.73227,3.62,3.62,SNPP,0,0,1
4394,2016-02-12,2016-02-12,1,3,55.52245,-2.32806,55.52028,55.5247,-2.32914,-2.32746,3.65,9.98,SNPP,0,0,1
4395,2016-02-13,2016-02-13,1,1,52.32656,-0.82537,52.32656,52.32656,-0.82537,-0.82537,2.23,2.23,SNPP,0,1,1
4396,2016-02-14,2016-02-14,1,2,53.35616,-1.66132,53.35535,53.35697,-1.66193,-1.66072,4.32,8.49,SNPP,0,0,1
4397,2016-02-15,2016-02-15,1,1,53.37482,-1.65038,53.37482,53.37482,-1.65038,-1.65038,7.33,7.33,SNPP,0,0,1
4398,2016-02-16,2016-02-16,1,2,52.2571,0.14361,52.25629,52.2579,0.14209,0.14513,8.6,14.64,SNPP,0,0,1
4399,2016-02-16,2016-02-16,1,1,53.08921,-2.67741,53.08921,53.08921,-2.67741,-2.67741,1.97,1.97,SNPP,0,0,1
4400,2016-02-19,2016-02-19,1,6,51.76502,0.53078,51.76297,51.76635,0.52798,0.53443,6.99,28.06,SNPP,0,4,1
4401,2016-02-19,2016-02-19,1,1,52.44522,-1.0898,52.44522,52.44522,-1.0898,-1.0898,1.2,1.2,SNPP,0,1,1
4402,2016-02-19,2016-02-19,1,2,52.22725,0.86382,52.22611,52.22839,0.86356,0.86408,4.71,9.03,SNPP,0,0,1
4403,2016-02-22,2016-02-22,1,1,54.37257,-0.73369,54.37257,54.37257,-0.73369,-0.73369,3.35,3.35,SNPP,0,0,1
4404,2016-02-22,2016-02-22,1,1,56.94049,-2.62605,56.94049,56.94049,-2.62605,-2.62605,3.39,3.39,SNPP,0,0,1
4405,2016-02-22,2016-02-22,1,2,57.01255,-2.78629,57.01072,57.01438,-2.78695,-2.78563,7.4,12.62,SNPP,0,0,1
4406,2016-02-23,2016-02-23,1,1,53.62754,-2.1305,53.62754,53.62754,-2.1305,-2.1305,0.66,0.66,SNPP,0,1,1
4407,2016-02-23,2016-02-23,1,1,52.52649,0.4976,52.52649,52.52649,0.4976,0.4976,3.42,3.42,SNPP,0,0,1
4408,2016-02-23,2016-02-23,1,2,53.53168,-3.0663,53.53091,53.53244,-3.06935,-3.06324,4.56,7.7,SNPP,0,0,1
4409,2016-02-23,2016-02-24,2,3,54.35541,-1.17048,54.34952,54.35952,-1.17419,-1.16319,4.45,11.13,SNPP,0,0,2
4410,2016-02-23,2016-02-23,1,2,54.50758,-1.02,54.5075,54.50765,-1.02049,-1.01951,2.8,4.84,SNPP,0,0,1
4411,2016-02-23,2016-02-25,2,3,54.37323,-1.21331,54.3697,54.37687,-1.21823,-1.20634,4.49,11.69,SNPP,0,0,3
4412,2016-02-23,2016-02-23,1,1,54.38724,-0.61112,54.38724,54.38724,-0.61112,-0.61112,8.24,8.24,SNPP,0,0,1
4413,2016-02-23,2016-02-23,1,1,54.44036,-0.83344,54.44036,54.44036,-0.83344,-0.83344,1.62,1.62,SNPP,0,0,1
4414,2016-02-24,2016-02-24,1,1,51.94879,-2.16781,51.94879,51.94879,-2.16781,-2.16781,4.31,4.31,SNPP,0,1,1
4415,2016-02-24,2016-02-24,1,1,54.3712,-0.61887,54.3712,54.3712,-0.61887,-0.61887,3.91,3.91,SNPP,0,0,1
4416,2016-02-24,2016-02-24,1,2,54.47003,-0.98842,54.46923,54.47082,-0.98889,-0.98796,13.31,24.26,SNPP,0,0,1
4417,2016-02-24,2016-02-24,1,1,54.50136,-0.96851,54.50136,54.50136,-0.96851,-0.96851,3.24,3.24,SNPP,0,0,1
4418,2016-02-24,2016-02-24,1,1,51.67133,0.50692,51.67133,51.67133,0.50692,0.50692,2.32,2.32,SNPP,0,0,1
4419,2016-02-24,2016-02-24,1,1,54.32779,-1.17749,54.32779,54.32779,-1.17749,-1.17749,3.99,3.99,SNPP,0,0,1
4420,2016-02-24,2016-02-24,1,1,54.35318,-1.911,54.35318,54.35318,-1.911,-1.911,2.45,2.45,SNPP,0,0,1
4421,2016-02-24,2016-02-24,1,2,54.36249,-1.08403,54.36152,54.36346,-1.08408,-1.08398,6.13,10.5,SNPP,0,0,1
4422,2016-02-24,2016-02-24,1,1,54.39668,-1.10672,54.39668,54.39668,-1.10672,-1.10672,2.96,2.96,SNPP,0,0,1
4423,2016-02-24,2016-02-24,1,4,55.87278,-2.54214,55.87099,55.87561,-2.54492,-2.53531,7.32,23.97,SNPP,0,0,1
4424,2016-02-25,2016-02-25,1,1,51.95043,-0.82598,51.95043,51.95043,-0.82598,-0.82598,0.91,0.91,SNPP,0,1,1
4425,2016-02-25,2016-02-25,1,2,54.21816,-1.78844,54.21721,54.21912,-1.78864,-1.78824,6.29,12.13,SNPP,0,0,1
4426,2016-02-25,2016-02-25,1,3,54.35,-1.01901,54.34757,54.35242,-1.02141,-1.01709,4.57,9.74,SNPP,0,0,1
4427,2016-02-25,2016-02-25,1,1,54.39657,-1.90893,54.39657,54.39657,-1.90893,-1.90893,4.26,4.26,SNPP,0,0,1
4428,2016-02-25,2016-02-25,1,2,54.41453,-0.92686,54.41159,54.41747,-0.92828,-0.92543,4.0,7.37,SNPP,0,0,1
4429,2016-02-25,2016-02-25,1,1,51.16922,-3.23942,51.16922,51.16922,-3.23942,-3.23942,3.0,3.0,SNPP,0,0,1
4430,2016-02-25,2016-02-25,1,1,52.00478,-1.54728,52.00478,52.00478,-1.54728,-1.54728,3.67,3.67,SNPP,0,0,1
4431,2016-02-25,2016-02-25,1,1,53.42809,-1.6897,53.42809,53.42809,-1.6897,-1.6897,3.34,3.34,SNPP,0,0,1
4432,2016-02-25,2016-02-25,1,1,54.32264,-1.05737,54.32264,54.32264,-1.05737,-1.05737,7.37,7.37,SNPP,0,0,1
4433,2016-02-25,2016-02-25,1,1,54.37889,-0.87657,54.37889,54.37889,-0.87657,-0.87657,3.6,3.6,SNPP,0,0,1
4434,2016-02-25,2016-02-25,1,1,54.40257,-1.08576,54.40257,54.40257,-1.08576,-1.08576,11.1,11.1,SNPP,0,0,1
4435,2016-02-26,2016-02-26,1,1,57.44954,-6.03262,57.44954,57.44954,-6.03262,-6.03262,3.11,3.11,SNPP,0,0,1
4436,2016-02-27,2016-02-27,1,1,56.72047,-3.13176,56.72047,56.72047,-3.13176,-3.13176,6.37,6.37,SNPP,0,0,1
4437,2016-02-27,2016-02-27,1,2,56.31249,-3.53083,56.3124,56.31258,-3.53304,-3.52862,4.52,9.0,SNPP,0,0,1
4438,2016-02-28,2016-02-28,1,1,54.02441,-2.47798,54.02441,54.02441,-2.47798,-2.47798,1.92,1.92,SNPP,0,0,1
4439,2016-02-28,2016-02-28,1,2,54.19068,-1.83022,54.19052,54.19083,-1.8303,-1.83015,3.39,6.0,SNPP,0,0,1
4440,2016-02-28,2016-02-28,1,1,54.41359,-0.69076,54.41359,54.41359,-0.69076,-0.69076,2.73,2.73,SNPP,0,0,1
4441,2016-02-28,2016-02-28,1,2,54.47676,-1.90335,54.47501,54.47851,-1.90461,-1.90209,11.93,13.77,SNPP,0,0,1
4442,2016-02-28,2016-02-28,1,1,56.46351,-3.74644,56.46351,56.46351,-3.74644,-3.74644,9.2,9.2,SNPP,0,0,1
4443,2016-02-28,2016-02-28,1,1,55.75909,-2.70048,55.75909,55.75909,-2.70048,-2.70048,3.45,3.45,SNPP,0,0,1
4444,2016-02-29,2016-02-29,1,1,52.14703,0.8178,52.14703,52.14703,0.8178,0.8178,4.12,4.12,SNPP,0,1,1
4445,2016-03-02,2016-03-02,1,2,52.82114,-2.11454,52.81944,52.82284,-2.11512,-2.11395,5.59,8.13,SNPP,0,0,1
4446,2016-03-03,2016-03-03,1,1,50.68014,-2.22293,50.68014,50.68014,-2.22293,-2.22293,0.45,0.45,SNPP,0,1,1
4447,2016-03-03,2016-03-06,3,3,51.57087,-3.61016,51.57007,51.57244,-3.61223,-3.60871,1.66,3.56,SNPP,0,3,4
4448,2016-03-04,2016-03-04,1,1,51.40803,-0.54745,51.40803,51.40803,-0.54745,-0.54745,1.5,1.5,SNPP,0,0,1
4449,2016-03-06,2016-03-06,1,1,53.03868,-2.21192,53.03868,53.03868,-2.21192,-2.21192,3.39,3.39,SNPP,0,1,1
4450,2016-03-06,2016-03-06,1,1,57.66177,-2.96371,57.66177,57.66177,-2.96371,-2.96371,2.39,2.39,SNPP,0,0,1
4451,2016-03-07,2016-03-07,1,1,56.71705,-3.187,56.71705,56.71705,-3.187,-3.187,5.28,5.28,SNPP,0,0,1
4452,2016-03-07,2016-03-07,1,1,53.00802,-2.05863,53.00802,53.00802,-2.05863,-2.05863,1.65,1.65,SNPP,0,0,1
4453,2016-03-07,2016-03-07,1,1,54.06218,-2.43691,54.06218,54.06218,-2.43691,-2.43691,2.86,2.86,SNPP,0,0,1
4454,2016-03-07,2016-03-07,1,1,56.41838,-4.13852,56.41838,56.41838,-4.13852,-4.13852,1.46,1.46,SNPP,0,0,1
4455,2016-03-07,2016-03-07,1,1,56.77208,-3.41213,56.77208,56.77208,-3.41213,-3.41213,4.29,4.29,SNPP,0,0,1
4456,2016-03-07,2016-03-07,1,2,56.7941,-2.99449,56.79356,56.79464,-2.99478,-2.9942,6.66,10.66,SNPP,0,0,1
4457,2016-03-07,2016-03-07,1,1,56.79794,-2.96367,56.79794,56.79794,-2.96367,-2.96367,4.33,4.33,SNPP,0,0,1
4458,2016-03-07,2016-03-07,1,1,56.94116,-2.58809,56.94116,56.94116,-2.58809,-2.58809,4.22,4.22,SNPP,0,0,1
4459,2016-03-08,2016-03-08,1,1,53.26492,-0.82308,53.26492,53.26492,-0.82308,-0.82308,0.6,0.6,SNPP,0,1,1
4460,2016-03-09,2016-03-09,1,1,60.47005,-1.2561,60.47005,60.47005,-1.2561,-1.2561,0.38,0.38,SNPP,0,1,1
4461,2016-03-11,2016-03-11,1,1,51.85376,1.26332,51.85376,51.85376,1.26332,1.26332,3.2,3.2,SNPP,0,0,1
4462,2016-03-13,2016-03-13,1,1,50.35891,-4.89928,50.35891,50.35891,-4.89928,-4.89928,3.02,3.02,SNPP,0,0,1
4463,2016-03-14,2016-03-14,1,1,51.63298,-4.01816,51.63298,51.63298,-4.01816,-4.01816,0.6,0.6,SNPP,0,1,1
4464,2016-03-14,2016-03-14,1,1,51.47449,-0.73914,51.47449,51.47449,-0.73914,-0.73914,1.97,1.97,SNPP,0,0,1
4465,2016-03-14,2016-03-14,1,1,51.60478,-1.15198,51.60478,51.60478,-1.15198,-1.15198,1.88,1.88,SNPP,0,0,1
4466,2016-03-14,2016-03-14,1,2,51.93366,-4.87515,51.93132,51.936,-4.87587,-4.87443,14.51,17.07,SNPP,0,0,1
4467,2016-03-14,2016-03-14,1,1,52.14754,-3.90309,52.14754,52.14754,-3.90309,-3.90309,13.28,13.28,SNPP,0,0,1
4468,2016-03-14,2016-03-14,1,1,52.18798,-0.08464,52.18798,52.18798,-0.08464,-0.08464,7.68,7.68,SNPP,0,0,1
4469,2016-03-14,2016-03-14,1,1,53.36776,-1.63495,53.36776,53.36776,-1.63495,-1.63495,2.74,2.74,SNPP,0,0,1
4470,2016-03-14,2016-03-14,1,1,53.39371,-1.93633,53.39371,53.39371,-1.93633,-1.93633,3.4,3.4,SNPP,0,0,1
4471,2016-03-14,2016-03-14,1,1,53.80898,-2.0994,53.80898,53.80898,-2.0994,-2.0994,3.72,3.72,SNPP,0,0,1
4472,2016-03-14,2016-03-14,1,1,54.14271,-1.7908,54.14271,54.14271,-1.7908,-1.7908,2.41,2.41,SNPP,0,0,1
4473,2016-03-14,2016-03-14,1,2,54.14897,-1.76502,54.14785,54.15009,-1.76876,-1.76127,3.61,6.69,SNPP,0,0,1
4474,2016-03-14,2016-03-14,1,1,54.24128,-1.82284,54.24128,54.24128,-1.82284,-1.82284,2.61,2.61,SNPP,0,0,1
4475,2016-03-14,2016-03-14,1,2,54.33132,-0.96826,54.33084,54.33179,-0.97113,-0.96538,4.05,6.46,SNPP,0,0,1
4476,2016-03-14,2016-03-14,1,2,54.33382,-1.2129,54.33299,54.33464,-1.21419,-1.21161,3.41,5.47,SNPP,0,0,1
4477,2016-03-14,2016-03-14,1,1,54.35344,-1.24861,54.35344,54.35344,-1.24861,-1.24861,2.66,2.66,SNPP,0,0,1
4478,2016-03-14,2016-03-14,1,1,54.35448,-1.17956,54.35448,54.35448,-1.17956,-1.17956,2.19,2.19,SNPP,0,0,1
4479,2016-03-14,2016-03-14,1,1,54.4289,-0.85682,54.4289,54.4289,-0.85682,-0.85682,3.04,3.04,SNPP,0,0,1
4480,2016-03-14,2016-03-14,1,1,54.44383,-1.02124,54.44383,54.44383,-1.02124,-1.02124,4.28,4.28,SNPP,0,0,1
4481,2016-03-14,2016-03-14,1,1,54.49966,-1.0759,54.49966,54.49966,-1.0759,-1.0759,1.83,1.83,SNPP,0,0,1
4482,2016-03-14,2016-03-14,1,1,54.6155,-1.97261,54.6155,54.6155,-1.97261,-1.97261,3.26,3.26,SNPP,0,0,1
4483,2016-03-14,2016-03-14,1,1,55.76465,-3.44144,55.76465,55.76465,-3.44144,-3.44144,2.39,2.39,SNPP,0,0,1
4484,2016-03-14,2016-03-14,1,1,56.4116,-3.93361,56.4116,56.4116,-3.93361,-3.93361,2.72,2.72,SNPP,0,0,1
4485,2016-03-14,2016-03-14,1,1,56.72244,-3.11465,56.72244,56.72244,-3.11465,-3.11465,3.42,3.42,SNPP,0,0,1
4486,2016-03-14,2016-03-14,1,1,56.77062,-2.95811,56.77062,56.77062,-2.95811,-2.95811,3.35,3.35,SNPP,0,0,1
4487,2016-03-14,2016-03-14,1,1,56.80466,-2.84135,56.80466,56.80466,-2.84135,-2.84135,0.99,0.99,SNPP,0,0,1
4488,2016-03-14,2016-03-14,1,2,57.00068,-3.16861,56.99593,57.00544,-3.17191,-3.16531,3.92,7.76,SNPP,0,0,1
4489,2016-03-14,2016-03-14,1,2,57.1071,-3.16192,57.10547,57.10872,-3.16279,-3.16105,6.34,10.62,SNPP,0,0,1
4490,2016-03-14,2016-03-15,2,2,57.1469,-3.40376,57.14558,57.14821,-3.41523,-3.3923,8.4,12.71,SNPP,0,0,2
4491,2016-03-14,2016-03-14,1,1,57.24475,-2.89318,57.24475,57.24475,-2.89318,-2.89318,3.64,3.64,SNPP,0,0,1
4492,2016-03-14,2016-03-14,1,1,57.2671,-3.97533,57.2671,57.2671,-3.97533,-3.97533,2.55,2.55,SNPP,0,0,1
4493,2016-03-14,2016-03-14,1,1,57.3175,-3.87229,57.3175,57.3175,-3.87229,-3.87229,2.24,2.24,SNPP,0,0,1
4494,2016-03-14,2016-03-14,1,2,51.7995,-4.19148,51.79771,51.8013,-4.19247,-4.1905,11.05,17.5,SNPP,0,0,1
4495,2016-03-14,2016-03-14,1,1,55.85902,-2.64131,55.85902,55.85902,-2.64131,-2.64131,3.66,3.66,SNPP,0,0,1
4496,2016-03-15,2016-03-15,1,1,51.43288,-0.64774,51.43288,51.43288,-0.64774,-0.64774,0.74,0.74,SNPP,0,1,1
4497,2016-03-15,2016-03-15,1,3,55.08692,-6.72346,55.08566,55.08762,-6.72591,-6.72194,3.32,5.96,SNPP,0,3,1
4498,2016-03-15,2016-03-15,1,1,52.55679,-2.83185,52.55679,52.55679,-2.83185,-2.83185,2.08,2.08,SNPP,0,0,1
4499,2016-03-15,2016-03-15,1,3,55.21019,-4.29699,55.20831,55.21204,-4.30147,-4.2907,7.89,23.67,SNPP,0,0,1
4500,2016-03-15,2016-03-15,1,2,56.60693,-4.31576,56.60622,56.60764,-4.3159,-4.31563,6.55,13.07,SNPP,0,0,1
4501,2016-03-15,2016-03-15,1,1,56.97743,-4.12295,56.97743,56.97743,-4.12295,-4.12295,2.96,2.96,SNPP,0,0,1
4502,2016-03-15,2016-03-15,1,1,50.70696,-3.34121,50.70696,50.70696,-3.34121,-3.34121,2.13,2.13,SNPP,0,0,1
4503,2016-03-15,2016-03-15,1,1,56.40746,-5.16808,56.40746,56.40746,-5.16808,-5.16808,6.82,6.82,SNPP,0,0,1
4504,2016-03-15,2016-03-15,1,1,56.95605,-4.17809,56.95605,56.95605,-4.17809,-4.17809,3.6,3.6,SNPP,0,0,1
4505,2016-03-15,2016-03-15,1,1,56.98363,-4.21382,56.98363,56.98363,-4.21382,-4.21382,2.87,2.87,SNPP,0,0,1
4506,2016-03-15,2016-03-15,1,3,57.4165,-3.5075,57.41263,57.41846,-3.50988,-3.50283,10.01,20.89,SNPP,0,0,1
4507,2016-03-15,2016-03-15,1,1,57.51805,-4.57201,57.51805,57.51805,-4.57201,-4.57201,4.85,4.85,SNPP,0,0,1
4508,2016-03-16,2016-03-16,1,1,50.88123,-1.68932,50.88123,50.88123,-1.68932,-1.68932,20.67,20.67,SNPP,0,0,1
4509,2016-03-16,2016-03-16,1,1,53.88164,-1.83654,53.88164,53.88164,-1.83654,-1.83654,9.84,9.84,SNPP,0,0,1
4510,2016-03-16,2016-03-17,2,3,54.32372,-0.91291,54.31886,54.32693,-0.9146,-0.91199,2.82,7.51,SNPP,0,0,2
4511,2016-03-16,2016-03-16,1,1,56.97351,-3.40176,56.97351,56.97351,-3.40176,-3.40176,3.2,3.2,SNPP,0,0,1
4512,2016-03-16,2016-03-16,1,1,57.06907,-3.12885,57.06907,57.06907,-3.12885,-3.12885,3.4,3.4,SNPP,0,0,1
4513,2016-03-16,2016-03-16,1,2,57.92466,-6.58374,57.92249,57.92682,-6.58549,-6.58199,7.48,13.58,SNPP,0,0,1
4514,2016-03-16,2016-03-16,1,1,52.91207,-3.28304,52.91207,52.91207,-3.28304,-3.28304,3.09,3.09,SNPP,0,0,1
4515,2016-03-16,2016-03-16,1,2,54.92778,-4.34742,54.92751,54.92804,-4.3477,-4.34714,6.58,9.24,SNPP,0,0,1
4516,2016-03-16,2016-03-16,1,4,56.96234,-5.51256,56.95907,56.96556,-5.51374,-5.51121,8.74,27.39,SNPP,0,0,1
4517,2016-03-16,2016-03-16,1,1,58.04824,-6.3925,58.04824,58.04824,-6.3925,-6.3925,6.01,6.01,SNPP,0,0,1
4518,2016-03-17,2016-03-17,1,3,53.02667,-4.0716,53.02533,53.02859,-4.07367,-4.0701,4.38,11.23,SNPP,0,1,1
4519,2016-03-17,2016-03-17,1,3,50.84265,-1.43515,50.8375,50.84773,-1.44049,-1.4303,3.53,8.85,SNPP,0,0,1
4520,2016-03-17,2016-03-17,1,1,53.9897,-1.78106,53.9897,53.9897,-1.78106,-1.78106,2.66,2.66,SNPP,0,0,1
4521,2016-03-17,2016-03-17,1,4,54.02094,-1.87191,54.01812,54.02374,-1.87695,-1.86798,7.42,21.61,SNPP,1,0,1
4522,2016-03-17,2016-03-17,1,1,54.07333,-2.45721,54.07333,54.07333,-2.45721,-2.45721,3.16,3.16,SNPP,0,0,1
4523,2016-03-17,2016-03-17,1,1,54.09159,-2.49773,54.09159,54.09159,-2.49773,-2.49773,1.94,1.94,SNPP,0,0,1
4524,2016-03-17,2016-03-17,1,1,54.29572,-1.12153,54.29572,54.29572,-1.12153,-1.12153,3.49,3.49,SNPP,0,0,1
4525,2016-03-17,2016-03-17,1,1,56.89942,-3.46025,56.89942,56.89942,-3.46025,-3.46025,4.84,4.84,SNPP,0,0,1
4526,2016-03-17,2016-03-17,1,1,57.01414,-4.13617,57.01414,57.01414,-4.13617,-4.13617,2.68,2.68,SNPP,0,0,1
4527,2016-03-17,2016-03-17,1,1,50.586,-3.75614,50.586,50.586,-3.75614,-3.75614,5.27,5.27,SNPP,0,0,1
4528,2016-03-17,2016-03-17,1,1,51.59292,-3.31429,51.59292,51.59292,-3.31429,-3.31429,7.35,7.35,SNPP,0,0,1
4529,2016-03-17,2016-03-17,1,1,53.00245,-4.25105,53.00245,53.00245,-4.25105,-4.25105,3.96,3.96,SNPP,0,0,1
4530,2016-03-17,2016-03-17,1,1,53.0183,-3.12268,53.0183,53.0183,-3.12268,-3.12268,2.52,2.52,SNPP,0,0,1
4531,2016-03-17,2016-03-17,1,3,53.17348,-3.2728,53.17068,53.17525,-3.27587,-3.26777,5.65,16.95,SNPP,0,0,1
4532,2016-03-17,2016-03-17,1,1,54.11412,-1.73187,54.11412,54.11412,-1.73187,-1.73187,1.95,1.95,SNPP,0,0,1
4533,2016-03-17,2016-03-17,1,2,54.23883,-1.80086,54.23732,54.24035,-1.80152,-1.80019,5.71,10.9,SNPP,0,0,1
4534,2016-03-17,2016-03-17,1,3,54.63537,-2.16794,54.63419,54.63623,-2.17159,-2.16509,5.74,13.2,SNPP,0,0,1
4535,2016-03-17,2016-03-18,2,3,55.46501,-3.71031,55.46311,55.46609,-3.71736,-3.70631,5.71,11.76,SNPP,0,0,2
4536,2016-03-17,2016-03-17,1,1,55.53421,-3.69794,55.53421,55.53421,-3.69794,-3.69794,5.64,5.64,SNPP,0,0,1
4537,2016-03-17,2016-03-18,2,2,55.54104,-3.60999,55.5402,55.54189,-3.61218,-3.6078,5.12,7.45,SNPP,0,0,2
4538,2016-03-17,2016-03-17,1,1,56.50974,-3.71494,56.50974,56.50974,-3.71494,-3.71494,2.46,2.46,SNPP,0,0,1
4539,2016-03-17,2016-03-17,1,1,56.87033,-4.06357,56.87033,56.87033,-4.06357,-4.06357,4.93,4.93,SNPP,0,0,1
4540,2016-03-17,2016-03-17,1,1,57.11196,-3.33408,57.11196,57.11196,-3.33408,-3.33408,15.29,15.29,SNPP,0,0,1
4541,2016-03-17,2016-03-17,1,1,57.22955,-4.65423,57.22955,57.22955,-4.65423,-4.65423,2.75,2.75,SNPP,0,0,1
4542,2016-03-17,2016-03-17,1,1,57.41535,-3.58872,57.41535,57.41535,-3.58872,-3.58872,5.19,5.19,SNPP,0,0,1
4543,2016-03-17,2016-03-17,1,2,57.4248,-4.03656,57.42282,57.42678,-4.03702,-4.03611,4.56,9.12,SNPP,0,0,1
4544,2016-03-17,2016-03-17,1,2,58.28382,-4.48582,58.28272,58.28491,-4.48604,-4.48561,8.14,15.16,SNPP,0,0,1
4545,2016-03-17,2016-03-17,1,4,58.53474,-3.96172,58.53271,58.53677,-3.96303,-3.96041,11.36,40.2,SNPP,0,0,1
4546,2016-03-18,2016-03-18,1,7,51.82201,-3.90375,51.81547,51.82675,-3.90924,-3.89983,44.07,117.55,SNPP,0,0,1
4547,2016-03-18,2016-03-18,1,2,58.26384,-5.06822,58.26343,58.26425,-5.07116,-5.06527,7.1,11.23,SNPP,0,0,1
4548,2016-03-18,2016-03-18,1,4,50.54885,-4.0659,50.54579,50.55231,-4.06991,-4.06334,6.85,19.63,SNPP,0,0,1
4549,2016-03-18,2016-03-18,1,2,50.5996,-4.12876,50.59798,50.60123,-4.12938,-4.12815,7.37,13.98,SNPP,0,0,1
4550,2016-03-18,2016-03-18,1,1,52.11457,-3.88969,52.11457,52.11457,-3.88969,-3.88969,4.02,4.02,SNPP,0,0,1
4551,2016-03-18,2016-03-18,1,1,53.93427,-2.68606,53.93427,53.93427,-2.68606,-2.68606,4.41,4.41,SNPP,0,0,1
4552,2016-03-18,2016-03-18,1,1,54.86341,-4.26211,54.86341,54.86341,-4.26211,-4.26211,2.88,2.88,SNPP,0,0,1
4553,2016-03-18,2016-03-18,1,1,56.95902,-5.60587,56.95902,56.95902,-5.60587,-5.60587,17.07,17.07,SNPP,0,0,1
4554,2016-03-19,2016-03-19,1,7,55.03031,-4.58532,55.02045,55.03679,-4.59226,-4.57947,11.08,50.95,SNPP,0,0,1
4555,2016-03-19,2016-03-20,2,3,55.57751,-3.51139,55.57608,55.58014,-3.51831,-3.49758,6.2,11.2,SNPP,0,0,2
4556,2016-03-19,2016-03-19,1,1,56.46368,-3.80925,56.46368,56.46368,-3.80925,-3.80925,1.4,1.4,SNPP,0,0,1
4557,2016-03-19,2016-03-19,1,1,56.7678,-3.13007,56.7678,56.7678,-3.13007,-3.13007,2.52,2.52,SNPP,0,0,1
4558,2016-03-19,2016-03-19,1,1,56.92611,-3.43745,56.92611,56.92611,-3.43745,-3.43745,2.91,2.91,SNPP,0,0,1
4559,2016-03-19,2016-03-19,1,1,60.3148,-1.1008,60.3148,60.3148,-1.1008,-1.1008,2.23,2.23,SNPP,0,0,1
4560,2016-03-19,2016-03-19,1,1,54.95159,-4.60027,54.95159,54.95159,-4.60027,-4.60027,5.74,5.74,SNPP,0,0,1
4561,2016-03-19,2016-03-20,2,4,56.57998,-3.88524,56.57222,56.58533,-3.89104,-3.87883,10.26,32.21,SNPP,0,0,2
4562,2016-03-19,2016-03-19,1,2,56.76716,-3.30035,56.76661,56.76772,-3.30253,-3.29818,9.99,19.86,SNPP,0,0,1
4563,2016-03-19,2016-03-19,1,1,56.9411,-2.81334,56.9411,56.9411,-2.81334,-2.81334,6.61,6.61,SNPP,0,0,1
4564,2016-03-20,2016-03-20,1,3,52.73233,-4.04418,52.73034,52.73441,-4.04867,-4.04054,22.29,40.25,SNPP,0,0,1
4565,2016-03-20,2016-03-20,1,1,54.1731,-1.81301,54.1731,54.1731,-1.81301,-1.81301,3.29,3.29,SNPP,0,0,1
4566,2016-03-20,2016-03-20,1,1,54.85051,-2.669,54.85051,54.85051,-2.669,-2.669,2.59,2.59,SNPP,0,0,1
4567,2016-03-20,2016-03-20,1,1,55.6058,-3.18876,55.6058,55.6058,-3.18876,-3.18876,2.65,2.65,SNPP,0,0,1
4568,2016-03-20,2016-03-20,1,1,55.61475,-3.66763,55.61475,55.61475,-3.66763,-3.66763,2.99,2.99,SNPP,0,0,1
4569,2016-03-20,2016-03-20,1,1,55.74259,-3.48931,55.74259,55.74259,-3.48931,-3.48931,2.02,2.02,SNPP,0,0,1
4570,2016-03-20,2016-03-20,1,1,55.8413,-2.72124,55.8413,55.8413,-2.72124,-2.72124,2.03,2.03,SNPP,0,0,1
4571,2016-03-20,2016-03-20,1,1,56.48624,-3.77458,56.48624,56.48624,-3.77458,-3.77458,5.69,5.69,SNPP,0,0,1
4572,2016-03-20,2016-03-20,1,1,56.55869,-3.95491,56.55869,56.55869,-3.95491,-3.95491,4.71,4.71,SNPP,0,0,1
4573,2016-03-20,2016-03-20,1,1,56.56641,-5.29926,56.56641,56.56641,-5.29926,-5.29926,3.37,3.37,SNPP,0,0,1
4574,2016-03-20,2016-03-20,1,1,56.82553,-3.13333,56.82553,56.82553,-3.13333,-3.13333,3.66,3.66,SNPP,0,0,1
4575,2016-03-20,2016-03-20,1,1,52.94024,-4.49314,52.94024,52.94024,-4.49314,-4.49314,3.33,3.33,SNPP,0,0,1
4576,2016-03-20,2016-03-20,1,2,54.87781,-2.69094,54.87642,54.8792,-2.69145,-2.69044,5.92,8.83,SNPP,0,0,1
4577,2016-03-20,2016-03-20,1,1,54.87838,-6.23732,54.87838,54.87838,-6.23732,-6.23732,3.02,3.02,SNPP,0,0,1
4578,2016-03-20,2016-03-20,1,1,56.89581,-2.57607,56.89581,56.89581,-2.57607,-2.57607,7.15,7.15,SNPP,0,0,1
4579,2016-03-20,2016-03-20,1,1,57.16503,-3.13207,57.16503,57.16503,-3.13207,-3.13207,5.47,5.47,SNPP,0,0,1
4580,2016-03-21,2016-03-21,1,1,50.46952,-4.87813,50.46952,50.46952,-4.87813,-4.87813,0.32,0.32,SNPP,0,1,1
4581,2016-03-21,2016-03-21,1,5,50.65966,-3.88903,50.65569,50.66375,-3.89257,-3.88266,21.0,56.61,SNPP,0,0,1
4582,2016-03-21,2016-03-21,1,1,50.67364,-3.74688,50.67364,50.67364,-3.74688,-3.74688,4.37,4.37,SNPP,0,0,1
4583,2016-03-21,2016-03-21,1,2,50.84233,-1.42316,50.84142,50.84324,-1.42658,-1.41973,8.89,17.78,SNPP,0,0,1
4584,2016-03-21,2016-03-21,1,3,54.03102,-2.00187,54.02924,54.03306,-2.00422,-2.00053,10.98,24.52,SNPP,0,0,1
4585,2016-03-21,2016-03-21,1,1,54.10584,-1.84454,54.10584,54.10584,-1.84454,-1.84454,3.53,3.53,SNPP,0,0,1
4586,2016-03-21,2016-03-21,1,1,54.36093,-0.70665,54.36093,54.36093,-0.70665,-0.70665,3.78,3.78,SNPP,0,0,1
4587,2016-03-21,2016-03-21,1,1,55.84195,-2.75412,55.84195,55.84195,-2.75412,-2.75412,6.58,6.58,SNPP,0,0,1
4588,2016-03-21,2016-03-21,1,3,50.538,-3.93904,50.53634,50.54111,-3.93931,-3.93886,13.66,28.34,SNPP,0,0,1
4589,2016-03-21,2016-03-21,1,1,51.07174,-3.59502,51.07174,51.07174,-3.59502,-3.59502,9.43,9.43,SNPP,0,0,1
4590,2016-03-21,2016-03-21,1,1,54.87561,-2.0469,54.87561,54.87561,-2.0469,-2.0469,2.55,2.55,SNPP,0,0,1
4591,2016-03-21,2016-03-21,1,1,55.82085,-2.73215,55.82085,55.82085,-2.73215,-2.73215,1.99,1.99,SNPP,0,0,1
4592,2016-03-22,2016-03-22,1,1,52.4725,1.71883,52.4725,52.4725,1.71883,1.71883,0.81,0.81,SNPP,0,1,1
4593,2016-03-22,2016-03-22,1,1,52.32616,0.0219,52.32616,52.32616,0.0219,0.0219,0.94,0.94,SNPP,0,1,1
4594,2016-03-22,2016-03-22,1,1,51.01472,0.59698,51.01472,51.01472,0.59698,0.59698,2.44,2.44,SNPP,0,0,1
4595,2016-03-22,2016-03-22,1,1,56.79145,-3.43219,56.79145,56.79145,-3.43219,-3.43219,11.22,11.22,SNPP,0,0,1
4596,2016-03-22,2016-03-22,1,1,56.83463,-3.22951,56.83463,56.83463,-3.22951,-3.22951,6.04,6.04,SNPP,0,0,1
4597,2016-03-22,2016-03-22,1,2,56.94382,-3.34096,56.94268,56.94495,-3.34171,-3.34022,14.97,27.28,SNPP,0,0,1
4598,2016-03-22,2016-03-22,1,2,56.98602,-2.70552,56.98587,56.98618,-2.70561,-2.70543,3.06,4.86,SNPP,0,0,1
4599,2016-03-23,2016-03-23,1,1,50.8756,-1.68503,50.8756,50.8756,-1.68503,-1.68503,3.09,3.09,SNPP,0,0,1
4600,2016-03-23,2016-03-23,1,1,50.44283,-3.97604,50.44283,50.44283,-3.97604,-3.97604,3.3,3.3,SNPP,0,0,1
4601,2016-03-23,2016-03-23,1,2,50.55856,-3.7855,50.5569,50.56023,-3.78607,-3.78493,5.07,10.14,SNPP,0,0,1
4602,2016-03-25,2016-03-25,1,1,60.46974,-1.25432,60.46974,60.46974,-1.25432,-1.25432,0.5,0.5,SNPP,0,1,1
4603,2016-03-25,2016-03-25,1,1,52.34208,1.65195,52.34208,52.34208,1.65195,1.65195,3.32,3.32,SNPP,0,0,1
4604,2016-03-25,2016-03-25,1,2,54.32891,-1.89313,54.32725,54.33058,-1.89401,-1.89225,1.62,3.24,SNPP,0,0,1
4605,2016-03-25,2016-03-25,1,1,54.37086,-0.86815,54.37086,54.37086,-0.86815,-0.86815,4.77,4.77,SNPP,0,0,1
4606,2016-03-25,2016-03-25,1,1,54.42374,-1.05381,54.42374,54.42374,-1.05381,-1.05381,6.89,6.89,SNPP,0,0,1
4607,2016-03-25,2016-03-25,1,1,55.7047,-2.80626,55.7047,55.7047,-2.80626,-2.80626,3.53,3.53,SNPP,0,0,1
4608,2016-03-26,2016-03-26,1,1,50.758,-2.15282,50.758,50.758,-2.15282,-2.15282,0.35,0.35,SNPP,0,1,1
4609,2016-03-30,2016-03-30,1,1,55.52673,-2.1302,55.52673,55.52673,-2.1302,-2.1302,11.4,11.4,SNPP,0,0,1
4610,2016-03-30,2016-03-30,1,1,55.85286,-2.63527,55.85286,55.85286,-2.63527,-2.63527,3.51,3.51,SNPP,0,0,1
4611,2016-04-01,2016-04-01,1,1,51.17155,-0.14039,51.17155,51.17155,-0.14039,-0.14039,0.54,0.54,SNPP,0,1,1
4612,2016-04-02,2016-04-02,1,1,58.11715,-3.70235,58.11715,58.11715,-3.70235,-3.70235,4.06,4.06,SNPP,0,0,1
4613,2016-04-02,2016-04-02,1,1,57.31557,-3.88583,57.31557,57.31557,-3.88583,-3.88583,3.58,3.58,SNPP,0,0,1
4614,2016-04-03,2016-04-03,1,1,60.46998,-1.25582,60.46998,60.46998,-1.25582,-1.25582,0.94,0.94,SNPP,0,1,1
4615,2016-04-06,2016-04-06,1,1,51.05311,-0.40553,51.05311,51.05311,-0.40553,-0.40553,0.59,0.59,SNPP,0,1,1
4616,2016-04-07,2016-04-07,1,1,60.28099,-1.53215,60.28099,60.28099,-1.53215,-1.53215,1.52,1.52,SNPP,0,0,1
4617,2016-04-08,2016-04-08,1,2,51.25372,1.07858,51.25344,51.25399,1.07804,1.07911,0.98,1.85,SNPP,0,2,1
4618,2016-04-08,2016-04-08,1,1,54.9248,-2.12647,54.9248,54.9248,-2.12647,-2.12647,3.93,3.93,SNPP,0,0,1
4619,2016-04-10,2016-04-10,1,1,51.90109,-0.99038,51.90109,51.90109,-0.99038,-0.99038,1.28,1.28,SNPP,0,1,1
4620,2016-04-10,2016-04-10,1,1,52.5616,-1.41878,52.5616,52.5616,-1.41878,-1.41878,1.2,1.2,SNPP,0,1,1
4621,2016-04-10,2016-04-11,2,2,53.57378,-0.33574,53.57323,53.57433,-0.33846,-0.33302,2.63,3.14,SNPP,0,1,2
4622,2016-04-13,2016-04-13,1,1,50.84303,-1.38484,50.84303,50.84303,-1.38484,-1.38484,2.2,2.2,SNPP,0,1,1
4623,2016-04-14,2016-04-14,1,6,57.42907,-6.60291,57.4246,57.43375,-6.61095,-6.59796,19.12,70.86,SNPP,0,0,1
4624,2016-04-14,2016-04-14,1,2,57.46489,-7.2344,57.46307,57.46671,-7.2386,-7.2302,4.84,9.68,SNPP,0,0,1
4625,2016-04-14,2016-04-14,1,1,56.76182,-5.38371,56.76182,56.76182,-5.38371,-5.38371,4.63,4.63,SNPP,0,0,1
4626,2016-04-14,2016-04-14,1,1,56.82677,-5.35817,56.82677,56.82677,-5.35817,-5.35817,11.83,11.83,SNPP,0,0,1
4627,2016-04-14,2016-04-14,1,1,57.06846,-5.92997,57.06846,57.06846,-5.92997,-5.92997,1.95,1.95,SNPP,0,0,1
4628,2016-04-14,2016-04-14,1,4,57.28054,-6.42414,57.27416,57.28579,-6.42751,-6.41851,8.53,20.76,SNPP,0,0,1
4629,2016-04-14,2016-04-14,1,2,57.47667,-6.73345,57.47506,57.47828,-6.73433,-6.73258,7.29,13.33,SNPP,0,0,1
4630,2016-04-14,2016-04-14,1,3,57.19131,-5.98487,57.19084,57.19168,-5.9907,-5.9796,12.85,28.51,SNPP,0,0,1
4631,2016-04-17,2016-04-17,1,3,53.90958,-3.01843,53.90931,53.90998,-3.02032,-3.01507,4.02,8.53,SNPP,0,3,1
4632,2016-04-18,2016-04-18,1,2,54.01367,-0.42868,54.01331,54.01403,-0.42968,-0.42768,1.69,2.92,SNPP,0,2,1
4633,2016-04-19,2016-04-20,2,4,58.52293,-4.13619,58.51775,58.52891,-4.14739,-4.12919,4.54,8.08,SNPP,0,3,2
4634,2016-04-19,2016-04-19,1,1,53.52594,-2.11122,53.52594,53.52594,-2.11122,-2.11122,1.61,1.61,SNPP,0,1,1
4635,2016-04-19,2016-04-20,2,5,52.15401,0.02564,52.15307,52.15522,0.02282,0.0287,6.9,16.71,SNPP,0,3,2
4636,2016-04-19,2016-04-19,1,1,53.44162,-2.68124,53.44162,53.44162,-2.68124,-2.68124,3.31,3.31,SNPP,0,0,1
4637,2016-04-19,2016-04-20,2,2,56.89567,-3.71082,56.89081,56.90053,-3.71204,-3.70961,2.93,4.68,SNPP,0,0,2
4638,2016-04-20,2016-04-20,1,1,51.59923,0.19137,51.59923,51.59923,0.19137,0.19137,0.57,0.57,SNPP,0,1,1
4639,2016-04-20,2016-04-20,1,1,51.7159,-3.34549,51.7159,51.7159,-3.34549,-3.34549,0.9,0.9,SNPP,0,1,1
4640,2016-04-20,2016-04-20,1,1,51.78596,-3.15065,51.78596,51.78596,-3.15065,-3.15065,4.06,4.06,SNPP,0,0,1
4641,2016-04-20,2016-04-20,1,1,52.15805,-2.04642,52.15805,52.15805,-2.04642,-2.04642,5.2,5.2,SNPP,0,0,1
4642,2016-04-20,2016-04-20,1,1,52.18695,-1.77025,52.18695,52.18695,-1.77025,-1.77025,1.11,1.11,SNPP,0,0,1
4643,2016-04-20,2016-04-20,1,1,52.23468,-1.54572,52.23468,52.23468,-1.54572,-1.54572,2.15,2.15,SNPP,0,0,1
4644,2016-04-20,2016-04-20,1,1,52.45091,-1.94122,52.45091,52.45091,-1.94122,-1.94122,2.21,2.21,SNPP,0,0,1
4645,2016-04-20,2016-04-20,1,1,52.63473,0.08386,52.63473,52.63473,0.08386,0.08386,1.18,1.18,SNPP,0,0,1
4646,2016-04-20,2016-04-20,1,1,52.91612,-1.04643,52.91612,52.91612,-1.04643,-1.04643,1.82,1.82,SNPP,0,0,1
4647,2016-04-20,2016-04-20,1,2,53.17292,-2.87214,53.17242,53.17342,-2.87502,-2.86925,2.23,4.03,SNPP,0,0,1
4648,2016-04-20,2016-04-20,1,3,53.23434,-3.01549,53.22763,53.23819,-3.02691,-3.00688,7.17,16.79,SNPP,0,0,1
4649,2016-04-20,2016-04-20,1,1,53.24726,-1.34679,53.24726,53.24726,-1.34679,-1.34679,2.01,2.01,SNPP,0,0,1
4650,2016-04-20,2016-04-20,1,1,53.59666,-2.78943,53.59666,53.59666,-2.78943,-2.78943,2.74,2.74,SNPP,0,0,1
4651,2016-04-20,2016-04-20,1,1,53.92904,-2.26026,53.92904,53.92904,-2.26026,-2.26026,1.91,1.91,SNPP,0,0,1
4652,2016-04-20,2016-04-20,1,3,54.53769,-3.13509,54.53725,54.53841,-3.13839,-3.13249,6.74,14.22,SNPP,0,0,1
4653,2016-04-20,2016-04-20,1,1,55.36609,-3.61432,55.36609,55.36609,-3.61432,-3.61432,1.07,1.07,SNPP,0,0,1
4654,2016-04-20,2016-04-21,2,5,55.63535,-3.34995,55.63211,55.63809,-3.35231,-3.34568,23.0,32.73,SNPP,1,2,2
4655,2016-04-20,2016-04-21,2,11,56.04068,-6.21129,56.03349,56.04477,-6.21877,-6.20472,24.43,86.27,SNPP,1,3,2
4656,2016-04-20,2016-04-20,1,1,56.30121,-3.95307,56.30121,56.30121,-3.95307,-3.95307,3.16,3.16,SNPP,0,0,1
4657,2016-04-20,2016-04-20,1,1,56.43751,-4.09567,56.43751,56.43751,-4.09567,-4.09567,6.23,6.23,SNPP,0,0,1
4658,2016-04-20,2016-04-20,1,1,56.44105,-4.13751,56.44105,56.44105,-4.13751,-4.13751,3.91,3.91,SNPP,0,0,1
4659,2016-04-20,2016-04-20,1,1,56.55296,-3.8176,56.55296,56.55296,-3.8176,-3.8176,3.88,3.88,SNPP,0,0,1
4660,2016-04-20,2016-04-20,1,1,56.61208,-3.45672,56.61208,56.61208,-3.45672,-3.45672,1.87,1.87,SNPP,0,0,1
4661,2016-04-20,2016-04-20,1,4,56.6788,-3.84236,56.67648,56.68456,-3.84696,-3.83144,25.21,64.36,SNPP,0,0,1
4662,2016-04-20,2016-04-20,1,2,55.52323,-3.87062,55.5219,55.52456,-3.87243,-3.86882,8.37,13.37,SNPP,0,0,1
4663,2016-04-20,2016-04-20,1,1,55.94271,-3.91383,55.94271,55.94271,-3.91383,-3.91383,4.54,4.54,SNPP,0,0,1
4664,2016-04-21,2016-04-21,1,2,53.39631,-1.29257,53.39613,53.39649,-1.2926,-1.29254,2.04,3.34,SNPP,0,2,1
4665,2016-04-21,2016-04-21,1,2,55.52236,-4.07019,55.52075,55.52398,-4.07099,-4.06939,1.97,2.7,SNPP,0,2,1
4666,2016-04-21,2016-04-21,1,1,53.81365,-0.08904,53.81365,53.81365,-0.08904,-0.08904,2.29,2.29,SNPP,0,0,1
4667,2016-04-21,2016-04-21,1,1,55.62522,-3.16024,55.62522,55.62522,-3.16024,-3.16024,4.06,4.06,SNPP,0,0,1
4668,2016-04-21,2016-04-21,1,1,55.89272,-4.23285,55.89272,55.89272,-4.23285,-4.23285,1.63,1.63,SNPP,0,0,1
4669,2016-04-21,2016-04-21,1,1,55.96463,-4.53879,55.96463,55.96463,-4.53879,-4.53879,4.24,4.24,SNPP,0,0,1
4670,2016-04-21,2016-04-21,1,5,56.45773,-4.12166,56.45485,56.46183,-4.12764,-4.11873,6.98,29.06,SNPP,0,0,1
4671,2016-04-21,2016-04-21,1,1,56.62219,-3.73349,56.62219,56.62219,-3.73349,-3.73349,10.78,10.78,SNPP,0,0,1
4672,2016-04-21,2016-04-21,1,1,55.93771,-3.44474,55.93771,55.93771,-3.44474,-3.44474,3.34,3.34,SNPP,0,0,1
4673,2016-04-21,2016-04-21,1,2,56.4619,-3.96464,56.46117,56.46262,-3.96467,-3.96462,5.49,8.7,SNPP,0,0,1
4674,2016-04-21,2016-04-21,1,1,57.25116,-4.64871,57.25116,57.25116,-4.64871,-4.64871,4.15,4.15,SNPP,0,0,1
4675,2016-04-22,2016-04-22,1,1,56.98668,-7.39228,56.98668,56.98668,-7.39228,-7.39228,5.54,5.54,SNPP,0,0,1
4676,2016-04-22,2016-04-22,1,1,54.64777,-7.66928,54.64777,54.64777,-7.66928,-7.66928,5.34,5.34,SNPP,0,0,1
4677,2016-04-23,2016-04-23,1,3,53.65703,-2.48621,53.65513,53.65891,-2.48768,-2.48454,2.04,5.1,SNPP,0,3,1
4678,2016-04-23,2016-04-23,1,1,54.25571,-7.15349,54.25571,54.25571,-7.15349,-7.15349,2.11,2.11,SNPP,0,0,1
4679,2016-04-24,2016-04-24,1,1,55.77959,-2.97216,55.77959,55.77959,-2.97216,-2.97216,2.89,2.89,SNPP,0,0,1
4680,2016-04-24,2016-04-24,1,1,51.65236,-3.98825,51.65236,51.65236,-3.98825,-3.98825,4.15,4.15,SNPP,0,0,1
4681,2016-04-24,2016-04-24,1,1,51.68056,-3.51033,51.68056,51.68056,-3.51033,-3.51033,1.33,1.33,SNPP,0,0,1
4682,2016-04-25,2016-04-25,1,1,55.93316,-4.70996,55.93316,55.93316,-4.70996,-4.70996,6.61,6.61,SNPP,0,0,1
4683,2016-04-27,2016-04-27,1,1,50.96286,-2.5463,50.96286,50.96286,-2.5463,-2.5463,0.93,0.93,SNPP,0,1,1
4684,2016-04-27,2016-04-27,1,1,52.03498,-1.10582,52.03498,52.03498,-1.10582,-1.10582,0.91,0.91,SNPP,0,1,1
4685,2016-04-30,2016-04-30,1,1,53.43605,-2.09308,53.43605,53.43605,-2.09308,-2.09308,0.7,0.7,SNPP,0,1,1
4686,2016-04-30,2016-04-30,1,1,50.88701,-0.99406,50.88701,50.88701,-0.99406,-0.99406,3.33,3.33,SNPP,0,0,1
4687,2016-04-30,2016-04-30,1,1,57.57861,-4.46313,57.57861,57.57861,-4.46313,-4.46313,1.99,1.99,SNPP,0,0,1
4688,2016-05-01,2016-05-01,1,3,52.04855,0.552,52.04571,52.05132,0.55141,0.55291,2.72,5.25,SNPP,0,3,1
4689,2016-05-04,2016-05-04,1,1,52.02778,0.34376,52.02778,52.02778,0.34376,0.34376,1.08,1.08,SNPP,0,0,1
4690,2016-05-05,2016-05-05,1,1,51.59423,-0.12899,51.59423,51.59423,-0.12899,-0.12899,1.14,1.14,SNPP,0,0,1
4691,2016-05-05,2016-05-05,1,1,52.17617,-0.16713,52.17617,52.17617,-0.16713,-0.16713,2.41,2.41,SNPP,0,0,1
4692,2016-05-06,2016-05-06,1,1,51.377,0.03977,51.377,51.377,0.03977,0.03977,2.35,2.35,SNPP,0,1,1
4693,2016-05-06,2016-05-06,1,1,54.5248,-6.59603,54.5248,54.5248,-6.59603,-6.59603,3.51,3.51,SNPP,0,0,1
4694,2016-05-07,2016-05-09,2,2,54.10156,-3.1857,54.10119,54.10192,-3.18691,-3.1845,0.55,1.04,SNPP,0,2,3
4695,2016-05-07,2016-05-07,1,1,52.45768,0.53251,52.45768,52.45768,0.53251,0.53251,2.91,2.91,SNPP,0,0,1
4696,2016-05-07,2016-05-07,1,1,52.45803,-1.83118,52.45803,52.45803,-1.83118,-1.83118,3.53,3.53,SNPP,0,0,1
4697,2016-05-07,2016-05-07,1,1,50.71959,-2.24738,50.71959,50.71959,-2.24738,-2.24738,3.3,3.3,SNPP,0,0,1
4698,2016-05-08,2016-05-08,1,1,52.56516,1.01576,52.56516,52.56516,1.01576,1.01576,2.84,2.84,SNPP,0,0,1
4699,2016-05-09,2016-05-09,1,9,53.46668,-1.75218,53.46432,53.46991,-1.75891,-1.74502,26.21,85.14,SNPP,1,5,1
4700,2016-05-09,2016-05-09,1,1,51.5988,0.1909,51.5988,51.5988,0.1909,0.1909,0.26,0.26,SNPP,0,1,1
4701,2016-05-09,2016-05-09,1,1,53.51735,-1.96233,53.51735,53.51735,-1.96233,-1.96233,1.16,1.16,SNPP,0,1,1
4702,2016-05-09,2016-05-10,2,6,56.94923,-5.35762,56.94085,56.95625,-5.36791,-5.34666,6.38,29.61,SNPP,1,0,2
4703,2016-05-09,2016-05-09,1,1,57.31652,-2.67233,57.31652,57.31652,-2.67233,-2.67233,3.53,3.53,SNPP,0,0,1
4704,2016-05-09,2016-05-09,1,1,57.50139,-1.82493,57.50139,57.50139,-1.82493,-1.82493,2.62,2.62,SNPP,0,0,1
4705,2016-05-09,2016-05-09,1,1,54.34805,-0.70403,54.34805,54.34805,-0.70403,-0.70403,10.01,10.01,SNPP,0,0,1
4706,2016-05-09,2016-05-09,1,5,58.45746,-4.87598,58.45477,58.45889,-4.88139,-4.87216,8.85,36.0,SNPP,0,0,1
4707,2016-05-10,2016-05-10,1,1,55.61005,-2.86607,55.61005,55.61005,-2.86607,-2.86607,10.08,10.08,SNPP,0,0,1
4708,2016-05-10,2016-05-10,1,1,55.99662,-4.35605,55.99662,55.99662,-4.35605,-4.35605,1.84,1.84,SNPP,0,0,1
4709,2016-05-10,2016-05-10,1,1,56.95837,-5.68795,56.95837,56.95837,-5.68795,-5.68795,5.29,5.29,SNPP,0,0,1
4710,2016-05-11,2016-05-11,1,26,58.51459,-4.36269,58.49889,58.52922,-4.37327,-4.34772,14.7,119.82,SNPP,0,23,1
4711,2016-05-11,2016-05-11,1,1,55.54742,-1.95592,55.54742,55.54742,-1.95592,-1.95592,1.58,1.58,SNPP,0,0,1
4712,2016-05-12,2016-05-12,1,2,54.6454,-5.9532,54.64494,54.64587,-5.95612,-5.95027,0.95,1.74,SNPP,0,2,1
4713,2016-05-12,2016-05-12,1,1,51.8147,0.93734,51.8147,51.8147,0.93734,0.93734,6.34,6.34,SNPP,0,0,1
4714,2016-05-12,2016-05-12,1,2,51.85995,1.00882,51.85715,51.86275,1.00456,1.01309,4.26,8.07,SNPP,0,0,1
4715,2016-05-12,2016-05-12,1,3,51.9087,0.9981,51.90729,51.91056,0.99525,1.00233,4.13,10.54,SNPP,0,0,1
4716,2016-05-12,2016-05-12,1,1,51.91526,1.12591,51.91526,51.91526,1.12591,1.12591,25.48,25.48,SNPP,0,0,1
4717,2016-05-12,2016-05-12,1,1,51.93236,0.93706,51.93236,51.93236,0.93706,0.93706,1.83,1.83,SNPP,0,0,1
4718,2016-05-12,2016-05-12,1,1,52.06601,-0.63809,52.06601,52.06601,-0.63809,-0.63809,2.92,2.92,SNPP,0,0,1
4719,2016-05-12,2016-05-12,1,1,52.3248,-0.94079,52.3248,52.3248,-0.94079,-0.94079,4.0,4.0,SNPP,0,0,1
4720,2016-05-12,2016-05-12,1,1,52.606,1.31828,52.606,52.606,1.31828,1.31828,2.42,2.42,SNPP,0,0,1
4721,2016-05-12,2016-05-12,1,1,53.5205,-1.40365,53.5205,53.5205,-1.40365,-1.40365,2.06,2.06,SNPP,0,0,1
4722,2016-05-12,2016-05-12,1,1,53.61288,-1.35851,53.61288,53.61288,-1.35851,-1.35851,3.34,3.34,SNPP,0,0,1
4723,2016-05-12,2016-05-12,1,2,54.29612,-7.327,54.29572,54.29653,-7.32781,-7.3262,3.48,6.86,SNPP,0,0,1
4724,2016-05-12,2016-05-12,1,1,55.11418,-6.31848,55.11418,55.11418,-6.31848,-6.31848,2.37,2.37,SNPP,0,0,1
4725,2016-05-12,2016-05-12,1,1,57.57663,-2.342,57.57663,57.57663,-2.342,-2.342,1.56,1.56,SNPP,0,0,1
4726,2016-05-13,2016-05-13,1,1,50.77323,-0.83239,50.77323,50.77323,-0.83239,-0.83239,18.31,18.31,SNPP,0,0,1
4727,2016-05-13,2016-05-13,1,3,54.35007,-7.13133,54.34819,54.35315,-7.13734,-7.12643,16.97,33.3,SNPP,0,0,1
4728,2016-05-13,2016-05-14,2,2,54.91811,-5.15456,54.918,54.91822,-5.15645,-5.15266,47.04,51.29,SNPP,0,0,2
4729,2016-05-14,2016-05-14,1,2,54.50712,-7.0207,54.5052,54.50903,-7.02119,-7.0202,9.07,13.47,SNPP,0,0,1
4730,2016-05-14,2016-05-14,1,1,55.21508,-4.3944,55.21508,55.21508,-4.3944,-4.3944,6.14,6.14,SNPP,0,0,1
4731,2016-05-15,2016-05-15,1,1,55.52301,-3.8708,55.52301,55.52301,-3.8708,-3.8708,0.8,0.8,SNPP,0,1,1
4732,2016-05-15,2016-05-15,1,1,51.46195,0.31563,51.46195,51.46195,0.31563,0.31563,1.25,1.25,SNPP,0,1,1
4733,2016-05-15,2016-05-15,1,1,52.35189,-1.74772,52.35189,52.35189,-1.74772,-1.74772,0.65,0.65,SNPP,0,1,1
4734,2016-05-15,2016-05-15,1,1,53.20396,-3.66206,53.20396,53.20396,-3.66206,-3.66206,3.38,3.38,SNPP,0,0,1
4735,2016-05-16,2016-05-16,1,1,54.10101,-3.18384,54.10101,54.10101,-3.18384,-3.18384,0.58,0.58,SNPP,0,1,1
4736,2016-05-16,2016-05-17,2,4,50.42017,-3.77064,50.41973,50.4206,-3.77142,-3.76988,2.63,7.77,SNPP,0,4,2
4737,2016-05-16,2016-05-16,1,1,51.74494,-4.79269,51.74494,51.74494,-4.79269,-4.79269,0.88,0.88,SNPP,0,0,1
4738,2016-05-16,2016-05-16,1,1,51.81919,-4.91436,51.81919,51.81919,-4.91436,-4.91436,5.83,5.83,SNPP,0,0,1
4739,2016-05-16,2016-05-16,1,1,52.66165,-2.00275,52.66165,52.66165,-2.00275,-2.00275,2.09,2.09,SNPP,0,0,1
4740,2016-05-16,2016-05-16,1,1,53.10242,-2.47196,53.10242,53.10242,-2.47196,-2.47196,2.63,2.63,SNPP,0,0,1
4741,2016-05-16,2016-05-16,1,1,54.22458,-5.97494,54.22458,54.22458,-5.97494,-5.97494,1.98,1.98,SNPP,0,0,1
4742,2016-05-16,2016-05-16,1,2,54.46392,-7.23692,54.46265,54.46518,-7.23764,-7.23621,5.16,8.86,SNPP,0,0,1
4743,2016-05-16,2016-05-16,1,3,54.81585,-7.1552,54.81202,54.81912,-7.16005,-7.15253,11.5,31.01,SNPP,0,0,1
4744,2016-05-17,2016-05-17,1,1,54.14701,-6.45072,54.14701,54.14701,-6.45072,-6.45072,1.09,1.09,SNPP,0,1,1
4745,2016-05-17,2016-05-17,1,1,50.93097,0.22663,50.93097,50.93097,0.22663,0.22663,2.51,2.51,SNPP,0,0,1
4746,2016-05-17,2016-05-17,1,1,52.48187,1.18497,52.48187,52.48187,1.18497,1.18497,1.73,1.73,SNPP,0,0,1
4747,2016-05-17,2016-05-17,1,1,52.61104,-1.56151,52.61104,52.61104,-1.56151,-1.56151,3.27,3.27,SNPP,0,0,1
4748,2016-05-17,2016-05-17,1,1,52.92128,1.19254,52.92128,52.92128,1.19254,1.19254,3.09,3.09,SNPP,0,0,1
4749,2016-05-19,2016-05-19,1,1,53.15752,-0.66295,53.15752,53.15752,-0.66295,-0.66295,0.4,0.4,SNPP,0,1,1
4750,2016-05-23,2016-05-23,1,1,53.31994,-1.27505,53.31994,53.31994,-1.27505,-1.27505,1.0,1.0,SNPP,0,1,1
4751,2016-05-23,2016-05-23,1,2,51.25754,-1.6047,51.25582,51.25927,-1.60558,-1.60382,5.58,11.16,SNPP,0,2,1
4752,2016-05-24,2016-05-24,1,1,52.11642,-0.32225,52.11642,52.11642,-0.32225,-0.32225,0.64,0.64,SNPP,0,1,1
4753,2016-05-24,2016-05-24,1,1,50.38223,-4.18215,50.38223,50.38223,-4.18215,-4.18215,1.11,1.11,SNPP,0,0,1
4754,2016-05-27,2016-05-27,1,3,52.04545,-0.43898,52.04526,52.04564,-0.44071,-0.43592,8.46,19.76,SNPP,1,3,1
4755,2016-05-27,2016-05-27,1,1,51.85107,-0.8765,51.85107,51.85107,-0.8765,-0.8765,2.83,2.83,SNPP,0,0,1
4756,2016-05-30,2016-05-30,1,1,55.26369,-4.82602,55.26369,55.26369,-4.82602,-4.82602,0.6,0.6,SNPP,0,1,1
4757,2016-05-30,2016-05-30,1,1,54.10128,-3.18577,54.10128,54.10128,-3.18577,-3.18577,0.55,0.55,SNPP,0,1,1
4758,2016-05-31,2016-05-31,1,2,52.58288,-2.51837,52.58212,52.58363,-2.5189,-2.51785,2.01,3.95,SNPP,0,2,1
4759,2016-05-31,2016-05-31,1,1,54.98883,-6.85755,54.98883,54.98883,-6.85755,-6.85755,0.59,0.59,SNPP,0,1,1
4760,2016-05-31,2016-05-31,1,9,54.68291,-3.05412,54.68013,54.6874,-3.0604,-3.04841,27.32,120.63,SNPP,2,0,1
4761,2016-05-31,2016-05-31,1,1,51.7187,-3.12272,51.7187,51.7187,-3.12272,-3.12272,2.27,2.27,SNPP,0,0,1
4762,2016-05-31,2016-05-31,1,1,57.3556,-6.19275,57.3556,57.3556,-6.19275,-6.19275,3.69,3.69,SNPP,0,0,1
4763,2016-06-01,2016-06-01,1,1,55.79357,-6.17134,55.79357,55.79357,-6.17134,-6.17134,0.29,0.29,SNPP,0,1,1
4764,2016-06-01,2016-06-03,3,15,54.79808,-7.21824,54.79155,54.80621,-7.22685,-7.21058,26.05,172.77,SNPP,3,1,3
4765,2016-06-02,2016-06-02,1,1,52.38234,-1.48733,52.38234,52.38234,-1.48733,-1.48733,1.72,1.72,SNPP,0,0,1
4766,2016-06-02,2016-06-02,1,1,52.99934,-2.06088,52.99934,52.99934,-2.06088,-2.06088,2.63,2.63,SNPP,0,0,1
4767,2016-06-02,2016-06-02,1,1,54.29143,-6.51854,54.29143,54.29143,-6.51854,-6.51854,1.87,1.87,SNPP,0,0,1
4768,2016-06-02,2016-06-02,1,1,54.98071,-6.42388,54.98071,54.98071,-6.42388,-6.42388,3.02,3.02,SNPP,0,0,1
4769,2016-06-02,2016-06-02,1,1,55.81424,-4.35566,55.81424,55.81424,-4.35566,-4.35566,1.87,1.87,SNPP,0,0,1
4770,2016-06-02,2016-06-02,1,2,55.03751,-6.592,55.03695,55.03807,-6.59287,-6.59114,4.33,7.17,SNPP,0,0,1
4771,2016-06-03,2016-06-03,1,1,54.86377,-3.38209,54.86377,54.86377,-3.38209,-3.38209,0.5,0.5,SNPP,0,1,1
4772,2016-06-03,2016-06-03,1,1,52.70367,-3.29149,52.70367,52.70367,-3.29149,-3.29149,2.6,2.6,SNPP,0,0,1
4773,2016-06-03,2016-06-03,1,1,55.04189,-6.77799,55.04189,55.04189,-6.77799,-6.77799,3.02,3.02,SNPP,0,0,1
4774,2016-06-05,2016-06-05,1,1,53.03922,-2.18003,53.03922,53.03922,-2.18003,-2.18003,0.98,0.98,SNPP,0,1,1
4775,2016-06-05,2016-06-06,2,7,53.27852,-3.8841,53.27613,53.2808,-3.88875,-3.87994,90.84,152.21,SNPP,1,2,2
4776,2016-06-05,2016-06-05,1,1,51.4779,0.38057,51.4779,51.4779,0.38057,0.38057,0.52,0.52,SNPP,0,1,1
4777,2016-06-05,2016-06-05,1,2,54.2362,-5.86577,54.23538,54.23703,-5.86658,-5.86496,2.24,4.34,SNPP,0,2,1
4778,2016-06-06,2016-06-06,1,3,52.72012,-1.19719,52.71748,52.7221,-1.19804,-1.19618,3.79,7.89,SNPP,0,3,1
4779,2016-06-06,2016-06-06,1,1,54.61296,-1.19754,54.61296,54.61296,-1.19754,-1.19754,1.22,1.22,SNPP,0,1,1
4780,2016-06-06,2016-06-06,1,5,54.86743,-4.69973,54.86518,54.87062,-4.70528,-4.68364,1.13,3.98,SNPP,0,5,1
4781,2016-06-06,2016-06-06,1,2,51.43905,0.44934,51.43881,51.43929,0.44622,0.45247,1.25,2.5,SNPP,0,2,1
4782,2016-06-06,2016-06-06,1,1,52.58369,-3.6714,52.58369,52.58369,-3.6714,-3.6714,0.26,0.26,SNPP,0,1,1
4783,2016-06-06,2016-06-06,1,2,51.07327,0.44006,51.07149,51.07505,0.43853,0.4416,4.2,7.01,SNPP,0,0,1
4784,2016-06-06,2016-06-06,1,1,50.8337,-1.16316,50.8337,50.8337,-1.16316,-1.16316,1.93,1.93,SNPP,0,0,1
4785,2016-06-06,2016-06-06,1,1,51.54492,-0.57683,51.54492,51.54492,-0.57683,-0.57683,2.18,2.18,SNPP,0,0,1
4786,2016-06-06,2016-06-06,1,1,52.0384,-2.10342,52.0384,52.0384,-2.10342,-2.10342,2.11,2.11,SNPP,0,0,1
4787,2016-06-06,2016-06-06,1,1,52.11377,-0.28252,52.11377,52.11377,-0.28252,-0.28252,2.22,2.22,SNPP,0,0,1
4788,2016-06-06,2016-06-06,1,1,52.22213,-1.94385,52.22213,52.22213,-1.94385,-1.94385,4.95,4.95,SNPP,0,0,1
4789,2016-06-06,2016-06-06,1,1,52.52785,-2.40322,52.52785,52.52785,-2.40322,-2.40322,11.32,11.32,SNPP,0,0,1
4790,2016-06-06,2016-06-06,1,1,54.43205,-8.09759,54.43205,54.43205,-8.09759,-8.09759,2.25,2.25,SNPP,0,0,1
4791,2016-06-07,2016-06-07,1,2,53.74918,-0.26815,53.74915,53.7492,-0.26818,-0.26812,0.73,1.25,SNPP,0,2,1
4792,2016-06-07,2016-06-07,1,4,51.4984,-2.46724,51.49709,51.50055,-2.4697,-2.46425,2.59,8.1,SNPP,0,4,1
4793,2016-06-07,2016-06-07,1,2,56.4839,-3.43335,56.48372,56.48409,-3.43375,-3.43295,7.28,12.54,SNPP,0,0,1
4794,2016-06-07,2016-06-07,1,1,50.89811,-4.08279,50.89811,50.89811,-4.08279,-4.08279,3.05,3.05,SNPP,0,0,1
4795,2016-06-08,2016-06-08,1,1,50.85009,-3.20882,50.85009,50.85009,-3.20882,-3.20882,0.73,0.73,SNPP,0,1,1
4796,2016-06-08,2016-06-08,1,1,54.98498,-3.04847,54.98498,54.98498,-3.04847,-3.04847,2.19,2.19,SNPP,0,0,1
4797,2016-06-08,2016-06-08,1,1,56.12714,-3.85726,56.12714,56.12714,-3.85726,-3.85726,4.42,4.42,SNPP,0,0,1
4798,2016-06-09,2016-06-09,1,1,50.74484,-1.74564,50.74484,50.74484,-1.74564,-1.74564,0.24,0.24,SNPP,0,1,1
4799,2016-06-09,2016-06-09,1,1,52.70716,-1.50352,52.70716,52.70716,-1.50352,-1.50352,2.69,2.69,SNPP,0,0,1
4800,2016-06-09,2016-06-09,1,1,51.96819,-0.06587,51.96819,51.96819,-0.06587,-0.06587,1.85,1.85,SNPP,0,0,1
4801,2016-06-12,2016-06-12,1,1,51.84153,-0.33181,51.84153,51.84153,-0.33181,-0.33181,0.79,0.79,SNPP,0,1,1
4802,2016-06-15,2016-06-15,1,1,55.26329,-4.82665,55.26329,55.26329,-4.82665,-4.82665,0.47,0.47,SNPP,0,1,1
4803,2016-06-15,2016-06-15,1,1,51.28522,1.0017,51.28522,51.28522,1.0017,1.0017,0.6,0.6,SNPP,0,1,1
4804,2016-06-18,2016-06-18,1,1,55.94083,-3.4425,55.94083,55.94083,-3.4425,-3.4425,4.25,4.25,SNPP,0,0,1
4805,2016-06-19,2016-06-19,1,1,50.70704,-1.92938,50.70704,50.70704,-1.92938,-1.92938,0.55,0.55,SNPP,0,1,1
4806,2016-06-22,2016-06-22,1,1,54.83772,-1.62634,54.83772,54.83772,-1.62634,-1.62634,3.05,3.05,SNPP,0,0,1
4807,2016-06-23,2016-06-23,1,1,53.53291,-2.37779,53.53291,53.53291,-2.37779,-2.37779,1.43,1.43,SNPP,0,0,1
4808,2016-06-23,2016-06-23,1,1,53.77248,-2.81176,53.77248,53.77248,-2.81176,-2.81176,6.45,6.45,SNPP,0,0,1
4809,2016-06-24,2016-06-24,1,1,51.93936,0.44519,51.93936,51.93936,0.44519,0.44519,1.22,1.22,SNPP,0,1,1
4810,2016-06-25,2016-06-25,1,1,52.95789,-1.02092,52.95789,52.95789,-1.02092,-1.02092,0.37,0.37,SNPP,0,1,1
4811,2016-06-26,2016-06-26,1,1,58.43691,-3.1834,58.43691,58.43691,-3.1834,-3.1834,6.02,6.02,SNPP,0,0,1
4812,2016-06-27,2016-06-27,1,1,50.67243,-2.17819,50.67243,50.67243,-2.17819,-2.17819,5.85,5.85,SNPP,0,0,1
4813,2016-06-27,2016-06-27,1,1,52.67212,-1.57368,52.67212,52.67212,-1.57368,-1.57368,3.44,3.44,SNPP,0,0,1
4814,2016-06-28,2016-06-28,1,1,53.07484,-2.97354,53.07484,53.07484,-2.97354,-2.97354,0.71,0.71,SNPP,0,1,1
4815,2016-06-30,2016-06-30,1,1,52.37725,-1.28626,52.37725,52.37725,-1.28626,-1.28626,0.53,0.53,SNPP,0,1,1
4816,2016-07-01,2016-07-01,1,1,54.96696,-1.73685,54.96696,54.96696,-1.73685,-1.73685,0.27,0.27,SNPP,0,1,1
4817,2016-07-02,2016-07-02,1,2,51.14416,-0.04628,51.14379,51.14454,-0.04995,-0.0426,7.95,12.13,SNPP,0,2,1
4818,2016-07-02,2016-07-02,1,1,51.2045,0.29609,51.2045,51.2045,0.29609,0.29609,0.58,0.58,SNPP,0,1,1
4819,2016-07-02,2016-07-02,1,1,50.42183,-4.91977,50.42183,50.42183,-4.91977,-4.91977,1.01,1.01,SNPP,0,1,1
4820,2016-07-03,2016-07-03,1,1,54.37976,-6.76982,54.37976,54.37976,-6.76982,-6.76982,0.99,0.99,SNPP,0,1,1
4821,2016-07-04,2016-07-04,1,1,53.21239,-0.88115,53.21239,53.21239,-0.88115,-0.88115,3.46,3.46,SNPP,0,0,1
4822,2016-07-06,2016-07-06,1,1,53.62698,-2.13249,53.62698,53.62698,-2.13249,-2.13249,0.47,0.47,SNPP,0,1,1
4823,2016-07-06,2016-07-06,1,1,54.96675,-1.73693,54.96675,54.96675,-1.73693,-1.73693,0.33,0.33,SNPP,0,1,1
4824,2016-07-10,2016-07-10,1,1,54.10063,-3.18332,54.10063,54.10063,-3.18332,-3.18332,0.4,0.4,SNPP,0,1,1
4825,2016-07-10,2016-07-10,1,1,54.47802,-6.87263,54.47802,54.47802,-6.87263,-6.87263,0.68,0.68,SNPP,0,1,1
4826,2016-07-10,2016-07-10,1,1,54.50089,-6.75444,54.50089,54.50089,-6.75444,-6.75444,0.96,0.96,SNPP,0,1,1
4827,2016-07-10,2016-07-14,3,3,54.96588,-1.73629,54.96535,54.96621,-1.73755,-1.73566,0.68,1.21,SNPP,0,3,5
4828,2016-07-11,2016-07-11,1,1,52.69288,-0.43523,52.69288,52.69288,-0.43523,-0.43523,1.92,1.92,SNPP,0,0,1
4829,2016-07-12,2016-07-12,1,2,56.53658,-3.36402,56.53625,56.53691,-3.36668,-3.36135,1.53,2.52,SNPP,0,2,1
4830,2016-07-12,2016-07-12,1,1,54.25993,-5.84742,54.25993,54.25993,-5.84742,-5.84742,0.66,0.66,SNPP,0,1,1
4831,2016-07-12,2016-07-12,1,1,54.43953,-5.51673,54.43953,54.43953,-5.51673,-5.51673,1.57,1.57,SNPP,0,1,1
4832,2016-07-12,2016-07-12,1,1,54.4613,-5.44285,54.4613,54.4613,-5.44285,-5.44285,1.82,1.82,SNPP,0,1,1
4833,2016-07-13,2016-07-13,1,1,54.1761,-6.4511,54.1761,54.1761,-6.4511,-6.4511,0.66,0.66,SNPP,0,1,1
4834,2016-07-13,2016-07-13,1,1,54.59112,-5.95371,54.59112,54.59112,-5.95371,-5.95371,0.48,0.48,SNPP,0,1,1
4835,2016-07-13,2016-07-13,1,1,54.70409,-6.18231,54.70409,54.70409,-6.18231,-6.18231,0.4,0.4,SNPP,0,1,1
4836,2016-07-13,2016-07-13,1,1,53.20824,-2.73321,53.20824,53.20824,-2.73321,-2.73321,1.44,1.44,SNPP,0,0,1
4837,2016-07-14,2016-07-14,1,1,54.21157,-1.68141,54.21157,54.21157,-1.68141,-1.68141,1.05,1.05,SNPP,0,1,1
4838,2016-07-14,2016-07-14,1,1,52.16187,1.06416,52.16187,52.16187,1.06416,1.06416,1.08,1.08,SNPP,0,1,1
4839,2016-07-14,2016-07-14,1,1,54.88342,-1.4692,54.88342,54.88342,-1.4692,-1.4692,0.66,0.66,SNPP,0,1,1
4840,2016-07-14,2016-07-14,1,1,51.54477,-2.53274,51.54477,51.54477,-2.53274,-2.53274,2.19,2.19,SNPP,0,0,1
4841,2016-07-14,2016-07-14,1,1,51.73602,-2.36475,51.73602,51.73602,-2.36475,-2.36475,4.04,4.04,SNPP,0,0,1
4842,2016-07-14,2016-07-14,1,1,52.01994,-2.82006,52.01994,52.01994,-2.82006,-2.82006,2.04,2.04,SNPP,0,0,1
4843,2016-07-15,2016-07-15,1,1,52.36012,1.52489,52.36012,52.36012,1.52489,1.52489,20.46,20.46,SNPP,0,0,1
4844,2016-07-16,2016-07-16,1,2,52.86986,-0.28777,52.86951,52.87022,-0.29015,-0.28539,1.38,2.42,SNPP,0,2,1
4845,2016-07-17,2016-07-17,1,1,52.82235,-0.14913,52.82235,52.82235,-0.14913,-0.14913,9.02,9.02,SNPP,0,0,1
4846,2016-07-17,2016-07-17,1,1,51.72878,-1.54422,51.72878,51.72878,-1.54422,-1.54422,4.93,4.93,SNPP,0,0,1
4847,2016-07-18,2016-07-18,1,1,51.86385,0.83022,51.86385,51.86385,0.83022,0.83022,0.86,0.86,SNPP,0,1,1
4848,2016-07-18,2016-07-18,1,1,53.60167,-1.33044,53.60167,53.60167,-1.33044,-1.33044,0.33,0.33,SNPP,0,1,1
4849,2016-07-18,2016-07-18,1,1,52.30999,0.17521,52.30999,52.30999,0.17521,0.17521,4.69,4.69,SNPP,0,0,1
4850,2016-07-18,2016-07-18,1,1,50.77041,-3.56574,50.77041,50.77041,-3.56574,-3.56574,3.21,3.21,SNPP,0,0,1
4851,2016-07-18,2016-07-18,1,1,52.06353,-2.79912,52.06353,52.06353,-2.79912,-2.79912,3.15,3.15,SNPP,0,0,1
4852,2016-07-18,2016-07-18,1,1,52.34016,-0.04158,52.34016,52.34016,-0.04158,-0.04158,2.63,2.63,SNPP,0,0,1
4853,2016-07-19,2016-07-19,1,4,50.70443,-2.1517,50.70148,50.70656,-2.1522,-2.15119,1.89,5.98,SNPP,0,4,1
4854,2016-07-19,2016-07-19,1,2,51.01108,0.67967,51.00985,51.01231,0.67855,0.68079,2.69,3.19,SNPP,0,2,1
4855,2016-07-19,2016-07-19,1,3,52.35813,1.38231,52.35724,52.35921,1.38051,1.38328,10.77,11.82,SNPP,0,3,1
4856,2016-07-19,2016-07-19,1,1,55.2631,-4.82575,55.2631,55.2631,-4.82575,-4.82575,0.52,0.52,SNPP,0,1,1
4857,2016-07-19,2016-07-19,1,1,51.55107,0.69147,51.55107,51.55107,0.69147,0.69147,0.32,0.32,SNPP,0,1,1
4858,2016-07-19,2016-07-19,1,1,51.64102,-4.94817,51.64102,51.64102,-4.94817,-4.94817,2.95,2.95,SNPP,0,0,1
4859,2016-07-19,2016-07-19,1,1,51.74913,-4.7952,51.74913,51.74913,-4.7952,-4.7952,3.88,3.88,SNPP,0,0,1
4860,2016-07-19,2016-07-19,1,3,51.81764,-4.92466,51.81593,51.82013,-4.92789,-4.92233,3.06,9.18,SNPP,0,0,1
4861,2016-07-19,2016-07-20,2,2,52.86866,-0.3556,52.86853,52.8688,-0.35676,-0.35445,9.91,10.98,SNPP,0,1,2
4862,2016-07-19,2016-07-19,1,1,53.00342,-1.99125,53.00342,53.00342,-1.99125,-1.99125,2.26,2.26,SNPP,0,0,1
4863,2016-07-19,2016-07-19,1,1,53.1045,-2.47133,53.1045,53.1045,-2.47133,-2.47133,4.78,4.78,SNPP,0,0,1
4864,2016-07-19,2016-07-19,1,1,53.75983,-0.84415,53.75983,53.75983,-0.84415,-0.84415,8.14,8.14,SNPP,0,0,1
4865,2016-07-19,2016-07-19,1,1,54.91477,-5.12766,54.91477,54.91477,-5.12766,-5.12766,3.94,3.94,SNPP,0,0,1
4866,2016-07-20,2016-07-20,1,2,51.16893,0.80612,51.16849,51.16937,0.8034,0.80883,2.75,4.43,SNPP,0,0,1
4867,2016-07-20,2016-07-20,1,1,51.17329,0.4158,51.17329,51.17329,0.4158,0.4158,5.2,5.2,SNPP,0,0,1
4868,2016-07-20,2016-07-20,1,1,51.35958,0.69113,51.35958,51.35958,0.69113,0.69113,3.34,3.34,SNPP,0,0,1
4869,2016-07-20,2016-07-20,1,1,51.38683,-1.05142,51.38683,51.38683,-1.05142,-1.05142,1.51,1.51,SNPP,0,0,1
4870,2016-07-20,2016-07-20,1,1,51.45401,0.61566,51.45401,51.45401,0.61566,0.61566,6.36,6.36,SNPP,0,0,1
4871,2016-07-20,2016-07-20,1,4,51.56328,0.38886,51.5612,51.56536,0.38543,0.3923,5.61,18.16,SNPP,0,0,1
4872,2016-07-20,2016-07-20,1,1,51.82518,0.72247,51.82518,51.82518,0.72247,0.72247,2.33,2.33,SNPP,0,0,1
4873,2016-07-20,2016-07-20,1,1,51.93505,0.93924,51.93505,51.93505,0.93924,0.93924,2.28,2.28,SNPP,0,0,1
4874,2016-07-21,2016-07-21,1,1,51.07661,-1.15583,51.07661,51.07661,-1.15583,-1.15583,0.4,0.4,SNPP,0,1,1
4875,2016-07-21,2016-07-21,1,1,52.88799,-2.51892,52.88799,52.88799,-2.51892,-2.51892,2.56,2.56,SNPP,0,0,1
4876,2016-07-21,2016-07-21,1,1,57.30113,-3.5356,57.30113,57.30113,-3.5356,-3.5356,4.5,4.5,SNPP,0,0,1
4877,2016-07-22,2016-07-22,1,1,51.18996,-1.19337,51.18996,51.18996,-1.19337,-1.19337,12.54,12.54,SNPP,0,0,1
4878,2016-07-23,2016-07-23,1,1,52.33659,-0.27268,52.33659,52.33659,-0.27268,-0.27268,0.63,0.63,SNPP,0,1,1
4879,2016-07-25,2016-07-25,1,3,53.42108,-1.05096,53.41959,53.42188,-1.0552,-1.04882,1.19,2.59,SNPP,0,3,1
4880,2016-07-25,2016-07-25,1,1,50.83076,-1.19992,50.83076,50.83076,-1.19992,-1.19992,5.87,5.87,SNPP,0,0,1
4881,2016-07-25,2016-07-25,1,1,51.32735,-1.11266,51.32735,51.32735,-1.11266,-1.11266,2.16,2.16,SNPP,0,0,1
4882,2016-07-26,2016-07-26,1,9,53.02795,-0.08068,53.02073,53.03383,-0.0858,-0.07467,4.0,18.49,SNPP,0,9,1
4883,2016-07-26,2016-07-26,1,2,51.25336,0.60793,51.25239,51.25433,0.60698,0.60887,1.47,2.74,SNPP,0,2,1
4884,2016-07-26,2016-07-26,1,2,51.46506,0.33379,51.46325,51.46687,0.33277,0.33481,0.81,1.62,SNPP,0,2,1
4885,2016-07-28,2016-07-28,1,1,52.34183,0.19306,52.34183,52.34183,0.19306,0.19306,0.5,0.5,SNPP,0,1,1
4886,2016-07-28,2016-07-28,1,1,51.91816,1.01395,51.91816,51.91816,1.01395,1.01395,0.64,0.64,SNPP,0,1,1
4887,2016-07-29,2016-07-29,1,1,54.91302,-6.2452,54.91302,54.91302,-6.2452,-6.2452,2.56,2.56,SNPP,0,0,1
4888,2016-07-30,2016-07-30,1,1,53.72483,-2.48315,53.72483,53.72483,-2.48315,-2.48315,0.46,0.46,SNPP,0,1,1
4889,2016-07-30,2016-07-30,1,1,51.043,-2.78885,51.043,51.043,-2.78885,-2.78885,5.31,5.31,SNPP,0,0,1
4890,2016-07-31,2016-07-31,1,4,52.46676,-1.46138,52.46544,52.46897,-1.46414,-1.45977,5.5,10.71,SNPP,0,4,1
4891,2016-07-31,2016-07-31,1,1,52.355,-0.03656,52.355,52.355,-0.03656,-0.03656,0.59,0.59,SNPP,0,1,1
4892,2016-07-31,2016-07-31,1,1,51.10825,0.82778,51.10825,51.10825,0.82778,0.82778,4.47,4.47,SNPP,0,0,1
4893,2016-07-31,2016-07-31,1,1,51.35173,1.37216,51.35173,51.35173,1.37216,1.37216,1.9,1.9,SNPP,0,0,1
4894,2016-08-01,2016-08-01,1,1,53.37086,0.01354,53.37086,53.37086,0.01354,0.01354,1.64,1.64,SNPP,0,1,1
4895,2016-08-01,2016-08-01,1,1,51.03548,0.36733,51.03548,51.03548,0.36733,0.36733,2.77,2.77,SNPP,0,1,1
4896,2016-08-01,2016-08-01,1,1,55.85289,-2.81621,55.85289,55.85289,-2.81621,-2.81621,6.44,6.44,SNPP,0,0,1
4897,2016-08-05,2016-08-05,1,5,52.68473,0.99405,52.68283,52.68579,0.99111,0.99697,2.1,8.47,SNPP,0,5,1
4898,2016-08-05,2016-08-05,1,1,52.77991,0.95629,52.77991,52.77991,0.95629,0.95629,0.31,0.31,SNPP,0,1,1
4899,2016-08-05,2016-08-05,1,1,52.60875,1.73341,52.60875,52.60875,1.73341,1.73341,1.06,1.06,SNPP,0,1,1
4900,2016-08-06,2016-08-06,1,1,53.78,-2.40264,53.78,53.78,-2.40264,-2.40264,2.24,2.24,SNPP,0,1,1
4901,2016-08-06,2016-08-06,1,2,52.48612,-2.58032,52.48552,52.48672,-2.58164,-2.57899,5.08,7.68,SNPP,0,0,1
4902,2016-08-06,2016-08-07,2,2,53.43698,-2.99,53.43576,53.4382,-2.99165,-2.98835,4.04,4.57,SNPP,0,1,2
4903,2016-08-06,2016-08-06,1,4,51.13975,-2.26646,51.13654,51.14247,-2.27035,-2.26324,5.09,19.22,SNPP,0,0,1
4904,2016-08-06,2016-08-06,1,1,52.71989,-0.55923,52.71989,52.71989,-0.55923,-0.55923,2.79,2.79,SNPP,0,0,1
4905,2016-08-07,2016-08-07,1,3,53.78425,-0.87336,53.78232,53.78564,-0.87623,-0.86896,5.21,15.63,SNPP,0,3,1
4906,2016-08-08,2016-08-08,1,1,51.41113,-0.54433,51.41113,51.41113,-0.54433,-0.54433,0.32,0.32,SNPP,0,1,1
4907,2016-08-08,2016-08-08,1,1,51.535,-1.80299,51.535,51.535,-1.80299,-1.80299,0.14,0.14,SNPP,0,1,1
4908,2016-08-08,2016-08-08,1,3,51.33858,1.26809,51.3381,51.3395,1.2656,1.2716,22.96,28.84,SNPP,0,0,1
4909,2016-08-08,2016-08-08,1,1,55.71482,-2.63652,55.71482,55.71482,-2.63652,-2.63652,6.12,6.12,SNPP,0,0,1
4910,2016-08-09,2016-08-09,1,1,50.17435,-5.44217,50.17435,50.17435,-5.44217,-5.44217,0.79,0.79,SNPP,0,1,1
4911,2016-08-09,2016-08-09,1,1,50.84988,-3.92852,50.84988,50.84988,-3.92852,-3.92852,2.67,2.67,SNPP,0,0,1
4912,2016-08-09,2016-08-09,1,1,51.26555,-1.2323,51.26555,51.26555,-1.2323,-1.2323,4.52,4.52,SNPP,0,0,1
4913,2016-08-09,2016-08-09,1,1,52.96004,-2.74697,52.96004,52.96004,-2.74697,-2.74697,2.82,2.82,SNPP,0,0,1
4914,2016-08-10,2016-08-10,1,4,52.27233,-0.78612,52.26978,52.27457,-0.7874,-0.78468,7.48,14.05,SNPP,0,4,1
4915,2016-08-10,2016-08-10,1,1,51.33774,1.16988,51.33774,51.33774,1.16988,1.16988,1.22,1.22,SNPP,0,1,1
4916,2016-08-12,2016-08-12,1,1,55.88701,-4.39269,55.88701,55.88701,-4.39269,-4.39269,0.95,0.95,SNPP,0,1,1
4917,2016-08-12,2016-08-12,1,1,51.61633,-0.04655,51.61633,51.61633,-0.04655,-0.04655,0.2,0.2,SNPP,0,1,1
4918,2016-08-12,2016-08-12,1,2,52.41878,0.08605,52.41715,52.4204,0.08532,0.08678,2.27,2.7,SNPP,0,2,1
4919,2016-08-12,2016-08-12,1,1,51.2299,-0.98544,51.2299,51.2299,-0.98544,-0.98544,1.65,1.65,SNPP,0,0,1
4920,2016-08-12,2016-08-12,1,1,52.1101,0.21985,52.1101,52.1101,0.21985,0.21985,1.32,1.32,SNPP,0,0,1
4921,2016-08-12,2016-08-12,1,1,52.13922,-2.05313,52.13922,52.13922,-2.05313,-2.05313,5.23,5.23,SNPP,1,0,1
4922,2016-08-12,2016-08-12,1,1,53.03719,-2.21075,53.03719,53.03719,-2.21075,-2.21075,2.11,2.11,SNPP,0,0,1
4923,2016-08-13,2016-08-13,1,1,54.65338,-1.21019,54.65338,54.65338,-1.21019,-1.21019,0.46,0.46,SNPP,0,1,1
4924,2016-08-14,2016-08-14,1,3,52.64491,1.41081,52.64347,52.64756,1.40993,1.41155,0.82,2.23,SNPP,0,3,1
4925,2016-08-14,2016-08-14,1,1,50.40507,-3.8071,50.40507,50.40507,-3.8071,-3.8071,1.26,1.26,SNPP,0,0,1
4926,2016-08-15,2016-08-15,1,3,53.44147,-1.1265,53.44005,53.4432,-1.12742,-1.12541,6.25,13.3,SNPP,0,3,1
4927,2016-08-15,2016-08-15,1,2,49.95503,-6.33332,49.95467,49.95539,-6.33611,-6.33052,0.5,0.96,SNPP,0,2,1
4928,2016-08-15,2016-08-17,2,4,50.96494,-2.80683,50.95543,50.96973,-2.80975,-2.80019,2.52,5.69,SNPP,0,4,3
4929,2016-08-15,2016-08-16,2,2,54.96658,-1.73658,54.96612,54.96704,-1.73679,-1.73637,0.3,0.59,SNPP,0,2,2
4930,2016-08-15,2016-08-15,1,1,50.81371,-0.7391,50.81371,50.81371,-0.7391,-0.7391,4.09,4.09,SNPP,0,0,1
4931,2016-08-15,2016-08-15,1,1,51.04489,-3.10361,51.04489,51.04489,-3.10361,-3.10361,2.03,2.03,SNPP,0,0,1
4932,2016-08-15,2016-08-15,1,1,51.13705,-1.84432,51.13705,51.13705,-1.84432,-1.84432,2.48,2.48,SNPP,0,0,1
4933,2016-08-15,2016-08-15,1,1,51.18528,-2.33933,51.18528,51.18528,-2.33933,-2.33933,2.65,2.65,SNPP,0,0,1
4934,2016-08-15,2016-08-15,1,1,51.19458,-1.45326,51.19458,51.19458,-1.45326,-1.45326,2.81,2.81,SNPP,0,0,1
4935,2016-08-15,2016-08-15,1,3,51.24349,-1.0028,51.24186,51.24594,-1.00602,-1.00057,21.68,52.63,SNPP,0,0,1
4936,2016-08-15,2016-08-15,1,1,51.53925,0.30375,51.53925,51.53925,0.30375,0.30375,2.04,2.04,SNPP,0,0,1
4937,2016-08-15,2016-08-15,1,1,51.17278,-3.35844,51.17278,51.17278,-3.35844,-3.35844,3.34,3.34,SNPP,0,0,1
4938,2016-08-15,2016-08-15,1,1,51.34858,-2.51604,51.34858,51.34858,-2.51604,-2.51604,1.18,1.18,SNPP,0,0,1
4939,2016-08-15,2016-08-15,1,1,51.47047,-3.23569,51.47047,51.47047,-3.23569,-3.23569,2.53,2.53,SNPP,0,0,1
4940,2016-08-15,2016-08-17,2,3,51.63185,-0.53343,51.63136,51.63218,-0.53426,-0.53202,2.65,6.7,SNPP,0,0,3
4941,2016-08-15,2016-08-15,1,1,52.43467,1.01481,52.43467,52.43467,1.01481,1.01481,2.85,2.85,SNPP,0,0,1
4942,2016-08-15,2016-08-15,1,1,53.72889,-0.54774,53.72889,53.72889,-0.54774,-0.54774,6.15,6.15,SNPP,0,0,1
4943,2016-08-15,2016-08-15,1,1,57.34394,-2.43935,57.34394,57.34394,-2.43935,-2.43935,4.15,4.15,SNPP,0,0,1
4944,2016-08-16,2016-08-17,2,7,52.376,0.14349,52.3745,52.37827,0.14012,0.1484,6.62,24.16,SNPP,0,6,2
4945,2016-08-16,2016-08-16,1,2,50.83796,0.23578,50.83796,50.83797,0.23541,0.23614,0.96,1.51,SNPP,0,2,1
4946,2016-08-16,2016-08-16,1,4,51.71636,-0.27346,51.71146,51.72171,-0.28005,-0.2673,4.96,13.89,SNPP,0,4,1
4947,2016-08-16,2016-08-16,1,1,52.35828,-2.30161,52.35828,52.35828,-2.30161,-2.30161,0.3,0.3,SNPP,0,1,1
4948,2016-08-16,2016-08-16,1,2,53.46537,-2.19974,53.46466,53.46608,-2.20006,-2.19941,3.21,5.85,SNPP,0,2,1
4949,2016-08-16,2016-08-16,1,1,53.6158,-1.23376,53.6158,53.6158,-1.23376,-1.23376,12.92,12.92,SNPP,0,1,1
4950,2016-08-16,2016-08-16,1,1,54.99382,-7.32806,54.99382,54.99382,-7.32806,-7.32806,0.59,0.59,SNPP,0,1,1
4951,2016-08-16,2016-08-16,1,1,53.21998,-2.69366,53.21998,53.21998,-2.69366,-2.69366,2.5,2.5,SNPP,0,0,1
4952,2016-08-16,2016-08-16,1,1,53.68737,-1.84258,53.68737,53.68737,-1.84258,-1.84258,2.03,2.03,SNPP,0,0,1
4953,2016-08-16,2016-08-16,1,1,54.58543,-5.76247,54.58543,54.58543,-5.76247,-5.76247,2.83,2.83,SNPP,0,0,1
4954,2016-08-16,2016-08-16,1,1,54.91485,-5.12824,54.91485,54.91485,-5.12824,-5.12824,2.98,2.98,SNPP,0,0,1
4955,2016-08-17,2016-08-17,1,1,51.86581,0.82945,51.86581,51.86581,0.82945,0.82945,0.62,0.62,SNPP,0,1,1
4956,2016-08-17,2016-08-17,1,4,53.40652,-1.54694,53.40444,53.40861,-1.55051,-1.54336,0.95,3.04,SNPP,0,4,1
4957,2016-08-17,2016-08-17,1,1,54.06385,-6.02355,54.06385,54.06385,-6.02355,-6.02355,0.67,0.67,SNPP,0,1,1
4958,2016-08-17,2016-08-17,1,1,51.66996,0.52947,51.66996,51.66996,0.52947,0.52947,5.23,5.23,SNPP,0,0,1
4959,2016-08-17,2016-08-17,1,1,52.72631,-2.43982,52.72631,52.72631,-2.43982,-2.43982,2.86,2.86,SNPP,0,0,1
4960,2016-08-17,2016-08-17,1,1,53.2089,-2.73727,53.2089,53.2089,-2.73727,-2.73727,4.18,4.18,SNPP,0,0,1
4961,2016-08-17,2016-08-17,1,3,55.99875,-4.34047,55.99618,56.00026,-4.34434,-4.33692,8.03,17.94,SNPP,0,0,1
4962,2016-08-17,2016-08-17,1,1,56.22882,-3.34164,56.22882,56.22882,-3.34164,-3.34164,4.08,4.08,SNPP,0,0,1
4963,2016-08-17,2016-08-18,2,2,51.06758,0.53575,51.06601,51.06915,0.53523,0.53627,1.96,3.03,SNPP,0,1,2
4964,2016-08-17,2016-08-17,1,2,52.65706,0.12227,52.65651,52.65762,0.12204,0.1225,12.48,23.5,SNPP,2,0,1
4965,2016-08-17,2016-08-17,1,1,53.90734,-1.57316,53.90734,53.90734,-1.57316,-1.57316,4.59,4.59,SNPP,0,0,1
4966,2016-08-18,2016-08-18,1,1,53.6835,-1.09293,53.6835,53.6835,-1.09293,-1.09293,0.38,0.38,SNPP,0,1,1
4967,2016-08-18,2016-08-18,1,1,51.12915,1.06639,51.12915,51.12915,1.06639,1.06639,1.02,1.02,SNPP,0,1,1
4968,2016-08-18,2016-08-18,1,1,51.74342,0.05646,51.74342,51.74342,0.05646,0.05646,0.49,0.49,SNPP,0,1,1
4969,2016-08-18,2016-08-18,1,2,52.00964,-0.81843,52.00796,52.01133,-0.81902,-0.81784,1.64,2.47,SNPP,0,2,1
4970,2016-08-18,2016-08-18,1,1,52.33909,0.74099,52.33909,52.33909,0.74099,0.74099,4.45,4.45,SNPP,0,1,1
4971,2016-08-18,2016-08-18,1,2,51.87094,-2.19269,51.87072,51.87116,-2.19303,-2.19235,7.77,12.65,SNPP,0,0,1
4972,2016-08-20,2016-08-20,1,2,51.15123,1.32753,51.15017,51.15229,1.32601,1.32905,1.24,1.49,SNPP,0,2,1
4973,2016-08-20,2016-08-21,2,4,52.3173,0.17122,52.31553,52.31927,0.16795,0.17581,4.27,10.57,SNPP,0,3,2
4974,2016-08-20,2016-08-20,1,1,53.38192,-0.54643,53.38192,53.38192,-0.54643,-0.54643,0.68,0.68,SNPP,0,1,1
4975,2016-08-20,2016-08-20,1,1,52.812,0.40613,52.812,52.812,0.40613,0.40613,2.93,2.93,SNPP,0,0,1
4976,2016-08-21,2016-08-21,1,1,53.12757,0.06969,53.12757,53.12757,0.06969,0.06969,1.13,1.13,SNPP,0,1,1
4977,2016-08-21,2016-08-21,1,1,51.60921,-1.12068,51.60921,51.60921,-1.12068,-1.12068,4.42,4.42,SNPP,0,0,1
4978,2016-08-21,2016-08-21,1,1,52.13943,-2.05052,52.13943,52.13943,-2.05052,-2.05052,3.63,3.63,SNPP,0,0,1
4979,2016-08-21,2016-08-21,1,2,54.16878,-1.3148,54.16829,54.16927,-1.31772,-1.31188,9.77,17.66,SNPP,0,0,1
4980,2016-08-22,2016-08-22,1,1,56.22902,-3.34383,56.22902,56.22902,-3.34383,-3.34383,2.86,2.86,SNPP,0,0,1
4981,2016-08-23,2016-08-23,1,1,51.45982,-0.34312,51.45982,51.45982,-0.34312,-0.34312,0.36,0.36,SNPP,0,1,1
4982,2016-08-23,2016-08-23,1,1,52.05058,-1.96619,52.05058,52.05058,-1.96619,-1.96619,0.52,0.52,SNPP,0,1,1
4983,2016-08-23,2016-08-23,1,1,52.35439,1.13461,52.35439,52.35439,1.13461,1.13461,6.84,6.84,SNPP,0,1,1
4984,2016-08-23,2016-08-23,1,1,52.87054,-1.12219,52.87054,52.87054,-1.12219,-1.12219,2.47,2.47,SNPP,0,0,1
4985,2016-08-23,2016-08-23,1,1,52.91371,0.8905,52.91371,52.91371,0.8905,0.8905,8.84,8.84,SNPP,0,0,1
4986,2016-08-23,2016-08-23,1,1,52.4958,1.42886,52.4958,52.4958,1.42886,1.42886,3.29,3.29,SNPP,0,0,1
4987,2016-08-23,2016-08-23,1,1,52.72007,-0.57886,52.72007,52.72007,-0.57886,-0.57886,3.55,3.55,SNPP,0,0,1
4988,2016-08-23,2016-08-23,1,1,53.16501,0.00853,53.16501,53.16501,0.00853,0.00853,5.81,5.81,SNPP,0,0,1
4989,2016-08-24,2016-08-24,1,5,51.18858,1.21543,51.18553,51.19115,1.21196,1.22011,10.44,22.54,SNPP,0,5,1
4990,2016-08-24,2016-08-24,1,1,51.92291,-0.2753,51.92291,51.92291,-0.2753,-0.2753,1.62,1.62,SNPP,0,1,1
4991,2016-08-24,2016-08-24,1,1,52.13733,-2.05378,52.13733,52.13733,-2.05378,-2.05378,0.67,0.67,SNPP,0,1,1
4992,2016-08-24,2016-08-24,1,2,52.28412,0.80266,52.28341,52.28482,0.80241,0.80292,0.76,1.29,SNPP,0,2,1
4993,2016-08-24,2016-08-24,1,2,52.92646,-0.12886,52.92546,52.92747,-0.12973,-0.128,0.72,1.32,SNPP,0,2,1
4994,2016-08-24,2016-08-24,1,4,51.68528,-0.42868,51.68292,51.68764,-0.43219,-0.42515,5.06,16.19,SNPP,0,0,1
4995,2016-08-24,2016-08-26,2,2,52.34254,0.19728,52.34246,52.34261,0.19536,0.1992,5.12,6.48,SNPP,0,0,3
4996,2016-08-25,2016-08-25,1,1,51.12996,1.06899,51.12996,51.12996,1.06899,1.06899,2.07,2.07,SNPP,0,0,1
4997,2016-08-26,2016-08-26,1,1,52.35226,-1.74655,52.35226,52.35226,-1.74655,-1.74655,0.31,0.31,SNPP,0,1,1
4998,2016-08-26,2016-08-26,1,1,50.6954,-1.42076,50.6954,50.6954,-1.42076,-1.42076,3.41,3.41,SNPP,0,0,1
4999,2016-08-26,2016-08-26,1,1,50.71234,-1.25827,50.71234,50.71234,-1.25827,-1.25827,3.42,3.42,SNPP,0,0,1
5000,2016-08-26,2016-08-26,1,1,50.76112,-0.79707,50.76112,50.76112,-0.79707,-0.79707,5.16,5.16,SNPP,0,0,1
5001,2016-08-26,2016-08-26,1,1,50.77749,-1.54591,50.77749,50.77749,-1.54591,-1.54591,0.74,0.74,SNPP,0,0,1
5002,2016-08-26,2016-08-26,1,2,50.80324,-1.86122,50.8016,50.80489,-1.86193,-1.86051,2.15,4.3,SNPP,0,0,1
5003,2016-08-26,2016-08-26,1,1,50.80912,-1.35961,50.80912,50.80912,-1.35961,-1.35961,4.09,4.09,SNPP,0,0,1
5004,2016-08-26,2016-08-26,1,1,50.91008,-1.03668,50.91008,50.91008,-1.03668,-1.03668,0.91,0.91,SNPP,0,0,1
5005,2016-08-26,2016-08-26,1,1,50.96488,-1.67775,50.96488,50.96488,-1.67775,-1.67775,5.71,5.71,SNPP,0,0,1
5006,2016-08-26,2016-08-26,1,1,50.985,-1.45628,50.985,50.985,-1.45628,-1.45628,4.39,4.39,SNPP,0,0,1
5007,2016-08-26,2016-08-26,1,1,51.01015,-1.39052,51.01015,51.01015,-1.39052,-1.39052,1.91,1.91,SNPP,0,0,1
5008,2016-08-26,2016-08-26,1,4,51.10456,-1.52929,51.10234,51.10841,-1.5372,-1.52209,7.27,16.86,SNPP,0,0,1
5009,2016-08-26,2016-08-26,1,1,51.15054,-1.73766,51.15054,51.15054,-1.73766,-1.73766,1.81,1.81,SNPP,0,0,1
5010,2016-08-26,2016-08-26,1,1,51.16861,-1.07821,51.16861,51.16861,-1.07821,-1.07821,3.29,3.29,SNPP,0,0,1
5011,2016-08-26,2016-08-26,1,2,51.17478,-2.01004,51.17429,51.17527,-2.01282,-2.00725,4.8,7.26,SNPP,0,0,1
5012,2016-08-26,2016-08-26,1,1,51.18509,-1.36856,51.18509,51.18509,-1.36856,-1.36856,2.45,2.45,SNPP,0,0,1
5013,2016-08-26,2016-08-26,1,3,51.19739,-1.46203,51.19646,51.19832,-1.46754,-1.45653,3.4,9.83,SNPP,0,0,1
5014,2016-08-26,2016-08-26,1,1,51.20216,-1.59993,51.20216,51.20216,-1.59993,-1.59993,3.5,3.5,SNPP,0,0,1
5015,2016-08-26,2016-08-26,1,1,51.27599,0.62984,51.27599,51.27599,0.62984,0.62984,6.95,6.95,SNPP,0,0,1
5016,2016-08-26,2016-08-26,1,1,51.37663,-2.16031,51.37663,51.37663,-2.16031,-2.16031,3.24,3.24,SNPP,0,0,1
5017,2016-08-26,2016-08-26,1,1,51.38002,-1.23633,51.38002,51.38002,-1.23633,-1.23633,1.87,1.87,SNPP,0,0,1
5018,2016-08-26,2016-08-26,1,1,51.40931,-2.21693,51.40931,51.40931,-2.21693,-2.21693,2.49,2.49,SNPP,0,0,1
5019,2016-08-26,2016-08-26,1,1,51.42107,-2.51648,51.42107,51.42107,-2.51648,-2.51648,2.28,2.28,SNPP,0,0,1
5020,2016-08-26,2016-08-26,1,1,51.47771,-0.5708,51.47771,51.47771,-0.5708,-0.5708,2.46,2.46,SNPP,0,0,1
5021,2016-08-26,2016-08-26,1,3,51.48214,-1.5666,51.47887,51.48541,-1.568,-1.56519,3.07,7.71,SNPP,0,0,1
5022,2016-08-26,2016-08-26,1,2,51.5028,-1.80754,51.50116,51.50443,-1.80825,-1.80682,31.62,63.24,SNPP,0,0,1
5023,2016-08-26,2016-08-26,1,2,51.50541,-2.00549,51.50425,51.50657,-2.00901,-2.00197,8.61,11.57,SNPP,0,0,1
5024,2016-08-26,2016-08-26,1,1,51.53605,0.39929,51.53605,51.53605,0.39929,0.39929,2.63,2.63,SNPP,0,0,1
5025,2016-08-26,2016-08-26,1,1,51.54339,-2.16405,51.54339,51.54339,-2.16405,-2.16405,3.51,3.51,SNPP,0,0,1
5026,2016-08-26,2016-08-26,1,4,51.58496,-1.93275,51.58284,51.58707,-1.93626,-1.92924,3.56,14.24,SNPP,0,0,1
5027,2016-08-26,2016-08-26,1,3,51.59417,-1.71663,51.59261,51.59588,-1.7245,-1.71198,6.21,16.69,SNPP,0,0,1
5028,2016-08-26,2016-08-26,1,2,51.62087,-1.74221,51.61923,51.62251,-1.74293,-1.74149,6.15,8.25,SNPP,0,0,1
5029,2016-08-26,2016-08-26,1,2,51.62852,-2.10471,51.62803,51.629,-2.10751,-2.10191,2.8,5.6,SNPP,0,0,1
5030,2016-08-26,2016-08-26,1,3,51.63329,-1.35802,51.63142,51.63469,-1.36216,-1.35525,2.48,7.44,SNPP,0,0,1
5031,2016-08-26,2016-08-26,1,3,51.63993,-1.79871,51.63852,51.64179,-1.80152,-1.79453,4.7,14.1,SNPP,0,0,1
5032,2016-08-26,2016-08-26,1,5,51.66084,-1.69769,51.65646,51.66626,-1.70156,-1.69459,12.39,39.75,SNPP,0,0,1
5033,2016-08-26,2016-08-26,1,2,51.66806,-1.05873,51.66643,51.66969,-1.05942,-1.05804,3.36,6.72,SNPP,0,0,1
5034,2016-08-26,2016-08-26,1,2,51.76012,-1.64148,51.75639,51.76385,-1.64284,-1.64013,28.43,41.31,SNPP,0,0,1
5035,2016-08-26,2016-08-26,1,3,51.78619,-1.60827,51.78479,51.78806,-1.61106,-1.6041,4.28,10.9,SNPP,0,0,1
5036,2016-08-26,2016-08-26,1,1,51.83017,0.11305,51.83017,51.83017,0.11305,0.11305,1.73,1.73,SNPP,0,0,1
5037,2016-08-26,2016-08-26,1,1,51.92093,-2.37231,51.92093,51.92093,-2.37231,-2.37231,4.62,4.62,SNPP,0,0,1
5038,2016-08-26,2016-08-26,1,1,51.98391,-2.0065,51.98391,51.98391,-2.0065,-2.0065,7.82,7.82,SNPP,0,0,1
5039,2016-08-26,2016-08-26,1,1,52.03971,-1.11122,52.03971,52.03971,-1.11122,-1.11122,3.4,3.4,SNPP,0,0,1
5040,2016-08-26,2016-08-26,1,2,52.06622,-1.92207,52.06575,52.0667,-1.92487,-1.91927,2.96,5.92,SNPP,0,0,1
5041,2016-08-26,2016-08-26,1,3,52.0681,-1.8557,52.06638,52.07059,-1.85894,-1.85336,33.9,42.81,SNPP,0,0,1
5042,2016-08-26,2016-08-26,1,1,52.10135,-1.00264,52.10135,52.10135,-1.00264,-1.00264,6.16,6.16,SNPP,0,0,1
5043,2016-08-26,2016-08-26,1,1,52.10344,-1.20464,52.10344,52.10344,-1.20464,-1.20464,2.81,2.81,SNPP,0,0,1
5044,2016-08-26,2016-08-26,1,1,52.1078,-1.92557,52.1078,52.1078,-1.92557,-1.92557,8.42,8.42,SNPP,0,0,1
5045,2016-08-26,2016-08-26,1,1,52.12818,-0.81334,52.12818,52.12818,-0.81334,-0.81334,3.09,3.09,SNPP,0,0,1
5046,2016-08-26,2016-08-26,1,2,52.14322,-2.67169,52.14272,52.14371,-2.67454,-2.66884,7.59,15.18,SNPP,0,0,1
5047,2016-08-26,2016-08-26,1,1,52.17651,1.3383,52.17651,52.17651,1.3383,1.3383,2.13,2.13,SNPP,0,0,1
5048,2016-08-26,2016-08-26,1,6,52.19372,-1.77329,52.18828,52.19807,-1.78079,-1.76675,5.61,24.69,SNPP,0,0,1
5049,2016-08-26,2016-08-26,1,2,52.23458,-1.54568,52.23295,52.23621,-1.54639,-1.54496,1.26,2.52,SNPP,0,0,1
5050,2016-08-26,2016-08-26,1,1,52.55751,-0.06117,52.55751,52.55751,-0.06117,-0.06117,6.12,6.12,SNPP,0,0,1
5051,2016-08-26,2016-08-26,1,1,52.5614,-1.41696,52.5614,52.5614,-1.41696,-1.41696,0.98,0.98,SNPP,0,0,1
5052,2016-08-26,2016-08-26,1,3,52.62416,-2.71901,52.62122,52.62906,-2.73161,-2.70985,4.83,14.01,SNPP,0,0,1
5053,2016-08-26,2016-08-26,1,1,52.93292,-2.65026,52.93292,52.93292,-2.65026,-2.65026,20.55,20.55,SNPP,0,0,1
5054,2016-08-26,2016-08-26,1,1,53.35106,0.15025,53.35106,53.35106,0.15025,0.15025,5.09,5.09,SNPP,0,0,1
5055,2016-08-27,2016-08-27,1,2,52.94872,-0.63144,52.94796,52.94947,-0.63196,-0.63091,1.92,3.22,SNPP,0,2,1
5056,2016-08-27,2016-08-27,1,1,53.28362,-0.40061,53.28362,53.28362,-0.40061,-0.40061,0.34,0.34,SNPP,0,1,1
5057,2016-08-29,2016-08-29,1,1,51.31965,-2.52616,51.31965,51.31965,-2.52616,-2.52616,0.65,0.65,SNPP,0,1,1
5058,2016-08-29,2016-08-29,1,1,53.45359,-1.10623,53.45359,53.45359,-1.10623,-1.10623,1.21,1.21,SNPP,0,1,1
5059,2016-08-29,2016-08-29,1,1,50.23824,-4.91218,50.23824,50.23824,-4.91218,-4.91218,7.19,7.19,SNPP,0,0,1
5060,2016-08-29,2016-08-29,1,1,51.40978,-0.54457,51.40978,51.40978,-0.54457,-0.54457,19.85,19.85,SNPP,0,0,1
5061,2016-08-29,2016-08-29,1,1,52.15011,-2.32263,52.15011,52.15011,-2.32263,-2.32263,2.7,2.7,SNPP,0,0,1
5062,2016-08-29,2016-08-29,1,1,52.32224,-1.8227,52.32224,52.32224,-1.8227,-1.8227,3.23,3.23,SNPP,0,0,1
5063,2016-08-29,2016-08-29,1,1,52.59251,-3.318,52.59251,52.59251,-3.318,-3.318,1.12,1.12,SNPP,0,0,1
5064,2016-08-30,2016-08-31,2,12,51.61751,0.35639,51.61241,51.62289,0.34669,0.36744,3.95,19.21,SNPP,0,11,2
5065,2016-08-30,2016-08-30,1,3,52.48568,-1.07452,52.48455,52.48649,-1.07848,-1.07181,1.6,3.8,SNPP,0,3,1
5066,2016-08-30,2016-08-30,1,1,51.22451,-0.03672,51.22451,51.22451,-0.03672,-0.03672,2.0,2.0,SNPP,0,1,1
5067,2016-08-30,2016-08-30,1,2,51.52584,-0.40552,51.52569,51.52599,-0.40598,-0.40505,2.64,5.08,SNPP,0,0,1
5068,2016-08-30,2016-08-31,2,3,52.3435,0.19526,52.3431,52.34378,0.19287,0.1975,5.3,12.66,SNPP,0,0,2
5069,2016-08-30,2016-08-30,1,1,52.62794,0.36369,52.62794,52.62794,0.36369,0.36369,11.25,11.25,SNPP,0,0,1
5070,2016-08-31,2016-08-31,1,3,52.32077,0.75536,52.31999,52.3219,0.75127,0.75993,5.22,11.5,SNPP,0,3,1
5071,2016-08-31,2016-08-31,1,1,53.68496,-1.09249,53.68496,53.68496,-1.09249,-1.09249,0.4,0.4,SNPP,0,1,1
5072,2016-08-31,2016-08-31,1,1,51.29404,1.1928,51.29404,51.29404,1.1928,1.1928,0.91,0.91,SNPP,0,1,1
5073,2016-08-31,2016-08-31,1,2,57.17257,-2.38234,57.17174,57.1734,-2.38319,-2.3815,4.68,6.93,SNPP,0,0,1
5074,2016-08-31,2016-09-01,2,2,51.74196,0.02611,51.7414,51.74251,0.02407,0.02815,1.57,2.52,SNPP,0,1,2
5075,2016-08-31,2016-08-31,1,1,52.58972,-4.09462,52.58972,52.58972,-4.09462,-4.09462,3.05,3.05,SNPP,0,0,1
5076,2016-08-31,2016-08-31,1,1,52.92375,-0.95942,52.92375,52.92375,-0.95942,-0.95942,1.71,1.71,SNPP,0,0,1
5077,2016-08-31,2016-08-31,1,1,53.10429,-2.47286,53.10429,53.10429,-2.47286,-2.47286,4.76,4.76,SNPP,0,0,1
5078,2016-08-31,2016-08-31,1,1,54.61188,-1.19853,54.61188,54.61188,-1.19853,-1.19853,5.18,5.18,SNPP,0,0,1
5079,2016-09-01,2016-09-01,1,1,51.09906,-1.38637,51.09906,51.09906,-1.38637,-1.38637,2.96,2.96,SNPP,0,0,1
5080,2016-09-01,2016-09-01,1,1,51.14806,1.3304,51.14806,51.14806,1.3304,1.3304,2.35,2.35,SNPP,0,0,1
5081,2016-09-01,2016-09-01,1,1,51.2695,0.94294,51.2695,51.2695,0.94294,0.94294,3.3,3.3,SNPP,0,0,1
5082,2016-09-01,2016-09-01,1,1,51.61783,0.69526,51.61783,51.61783,0.69526,0.69526,2.33,2.33,SNPP,0,0,1
5083,2016-09-01,2016-09-01,1,1,52.07006,-0.14942,52.07006,52.07006,-0.14942,-0.14942,15.33,15.33,SNPP,0,0,1
5084,2016-09-01,2016-09-01,1,1,52.21098,-0.24449,52.21098,52.21098,-0.24449,-0.24449,8.15,8.15,SNPP,0,0,1
5085,2016-09-01,2016-09-01,1,2,52.28598,-0.76042,52.28522,52.28674,-0.76106,-0.75977,4.07,7.52,SNPP,0,0,1
5086,2016-09-01,2016-09-01,1,1,52.75373,-1.68181,52.75373,52.75373,-1.68181,-1.68181,2.48,2.48,SNPP,0,0,1
5087,2016-09-01,2016-09-01,1,1,52.85599,-0.24262,52.85599,52.85599,-0.24262,-0.24262,2.11,2.11,SNPP,0,0,1
5088,2016-09-01,2016-09-01,1,2,53.00931,-1.44463,53.00763,53.01099,-1.44549,-1.44377,2.34,4.65,SNPP,0,0,1
5089,2016-09-01,2016-09-01,1,1,53.20469,0.17249,53.20469,53.20469,0.17249,0.17249,0.82,0.82,SNPP,0,0,1
5090,2016-09-02,2016-09-02,1,1,50.98417,-3.32006,50.98417,50.98417,-3.32006,-3.32006,0.58,0.58,SNPP,0,1,1
5091,2016-09-03,2016-09-03,1,1,52.85515,1.45554,52.85515,52.85515,1.45554,1.45554,0.46,0.46,SNPP,0,1,1
5092,2016-09-03,2016-09-03,1,5,52.14968,-2.28531,52.14746,52.15173,-2.28805,-2.28059,13.34,36.26,SNPP,2,5,1
5093,2016-09-05,2016-09-05,1,1,52.309,-1.07555,52.309,52.309,-1.07555,-1.07555,4.16,4.16,SNPP,0,0,1
5094,2016-09-06,2016-09-06,1,1,53.6511,-1.30051,53.6511,53.6511,-1.30051,-1.30051,2.85,2.85,SNPP,0,1,1
5095,2016-09-06,2016-09-06,1,2,52.74241,-1.96311,52.74062,52.7442,-1.96423,-1.96199,1.78,3.56,SNPP,0,2,1
5096,2016-09-06,2016-09-06,1,1,54.96553,-1.73707,54.96553,54.96553,-1.73707,-1.73707,0.3,0.3,SNPP,0,1,1
5097,2016-09-06,2016-09-06,1,3,57.1702,-2.38347,57.16887,57.17209,-2.38452,-2.38205,5.63,16.88,SNPP,0,0,1
5098,2016-09-06,2016-09-06,1,1,53.3259,-0.70553,53.3259,53.3259,-0.70553,-0.70553,3.71,3.71,SNPP,0,0,1
5099,2016-09-06,2016-09-06,1,1,53.59867,-0.39175,53.59867,53.59867,-0.39175,-0.39175,1.53,1.53,SNPP,0,0,1
5100,2016-09-07,2016-09-07,1,1,55.48546,-2.22258,55.48546,55.48546,-2.22258,-2.22258,2.55,2.55,SNPP,0,0,1
5101,2016-09-08,2016-09-08,1,1,53.56851,-0.78897,53.56851,53.56851,-0.78897,-0.78897,1.12,1.12,SNPP,0,1,1
5102,2016-09-08,2016-09-08,1,1,51.9176,1.21951,51.9176,51.9176,1.21951,1.21951,0.58,0.58,SNPP,0,1,1
5103,2016-09-08,2016-09-08,1,1,52.60729,0.19737,52.60729,52.60729,0.19737,0.19737,0.45,0.45,SNPP,0,1,1
5104,2016-09-08,2016-09-08,1,1,51.89452,0.67011,51.89452,51.89452,0.67011,0.67011,4.78,4.78,SNPP,0,0,1
5105,2016-09-08,2016-09-08,1,1,52.26402,1.21996,52.26402,52.26402,1.21996,1.21996,5.79,5.79,SNPP,0,0,1
5106,2016-09-08,2016-09-08,1,1,52.26949,-0.43237,52.26949,52.26949,-0.43237,-0.43237,6.18,6.18,SNPP,0,0,1
5107,2016-09-08,2016-09-08,1,2,52.34298,0.1959,52.34125,52.34472,0.19541,0.19639,5.8,7.44,SNPP,0,0,1
5108,2016-09-08,2016-09-08,1,1,50.5993,-4.77367,50.5993,50.5993,-4.77367,-4.77367,4.11,4.11,SNPP,0,0,1
5109,2016-09-08,2016-09-08,1,1,52.13892,-2.05608,52.13892,52.13892,-2.05608,-2.05608,7.38,7.38,SNPP,0,0,1
5110,2016-09-09,2016-09-09,1,1,51.04992,0.41686,51.04992,51.04992,0.41686,0.41686,2.13,2.13,SNPP,0,1,1
5111,2016-09-09,2016-09-09,1,1,51.60061,0.19269,51.60061,51.60061,0.19269,0.19269,0.58,0.58,SNPP,0,1,1
5112,2016-09-10,2016-09-10,1,1,51.32503,0.53658,51.32503,51.32503,0.53658,0.53658,0.66,0.66,SNPP,0,1,1
5113,2016-09-11,2016-09-11,1,1,56.63307,-2.54351,56.63307,56.63307,-2.54351,-2.54351,0.74,0.74,SNPP,0,1,1
5114,2016-09-11,2016-09-11,1,1,50.71409,-1.27432,50.71409,50.71409,-1.27432,-1.27432,1.41,1.41,SNPP,0,0,1
5115,2016-09-11,2016-09-11,1,1,50.81472,-2.16959,50.81472,50.81472,-2.16959,-2.16959,4.16,4.16,SNPP,0,0,1
5116,2016-09-11,2016-09-11,1,1,51.02034,-0.80036,51.02034,51.02034,-0.80036,-0.80036,1.48,1.48,SNPP,0,0,1
5117,2016-09-11,2016-09-11,1,2,51.08129,-1.15088,51.0792,51.08338,-1.15292,-1.14884,7.01,11.48,SNPP,0,0,1
5118,2016-09-11,2016-09-11,1,1,51.12579,-0.25427,51.12579,51.12579,-0.25427,-0.25427,2.01,2.01,SNPP,0,0,1
5119,2016-09-11,2016-09-11,1,1,51.17477,-2.00849,51.17477,51.17477,-2.00849,-2.00849,2.63,2.63,SNPP,0,0,1
5120,2016-09-11,2016-09-11,1,2,51.5064,-2.00559,51.50544,51.50737,-2.01118,-2.0,5.3,8.54,SNPP,0,0,1
5121,2016-09-11,2016-09-11,1,2,52.34259,0.19681,52.34217,52.34301,0.19402,0.1996,4.92,8.38,SNPP,0,0,1
5122,2016-09-12,2016-09-12,1,1,53.17434,-1.11812,53.17434,53.17434,-1.11812,-1.11812,0.72,0.72,SNPP,0,1,1
5123,2016-09-12,2016-09-12,1,1,51.62715,0.87247,51.62715,51.62715,0.87247,0.87247,2.6,2.6,SNPP,0,0,1
5124,2016-09-12,2016-09-12,1,1,52.69914,1.37964,52.69914,52.69914,1.37964,1.37964,5.28,5.28,SNPP,0,0,1
5125,2016-09-12,2016-09-12,1,1,52.83347,-0.03046,52.83347,52.83347,-0.03046,-0.03046,7.59,7.59,SNPP,0,0,1
5126,2016-09-13,2016-09-13,1,1,51.92514,-0.15129,51.92514,51.92514,-0.15129,-0.15129,0.95,0.95,SNPP,0,1,1
5127,2016-09-13,2016-09-18,5,5,52.13789,-2.05207,52.13648,52.13885,-2.05376,-2.05008,13.21,20.42,SNPP,0,2,6
5128,2016-09-13,2016-09-13,1,3,52.2826,-0.93435,52.28181,52.28364,-0.93706,-0.9312,8.29,12.69,SNPP,0,3,1
5129,2016-09-13,2016-09-13,1,1,52.68879,-1.76423,52.68879,52.68879,-1.76423,-1.76423,3.98,3.98,SNPP,0,0,1
5130,2016-09-13,2016-09-13,1,1,53.66684,-0.86907,53.66684,53.66684,-0.86907,-0.86907,5.45,5.45,SNPP,0,0,1
5131,2016-09-13,2016-09-13,1,1,55.4761,-2.22664,55.4761,55.4761,-2.22664,-2.22664,6.03,6.03,SNPP,0,0,1
5132,2016-09-13,2016-09-13,1,1,53.32507,-1.06598,53.32507,53.32507,-1.06598,-1.06598,2.71,2.71,SNPP,0,0,1
5133,2016-09-14,2016-09-14,1,1,51.95691,0.54703,51.95691,51.95691,0.54703,0.54703,1.34,1.34,SNPP,0,1,1
5134,2016-09-14,2016-09-14,1,1,52.8552,1.4578,52.8552,52.8552,1.4578,1.4578,0.41,0.41,SNPP,0,1,1
5135,2016-09-14,2016-09-14,1,3,52.89564,-0.12241,52.8935,52.89698,-0.12409,-0.12099,1.8,5.15,SNPP,0,3,1
5136,2016-09-14,2016-09-14,1,2,53.61928,-1.18857,53.61864,53.61992,-1.18932,-1.18781,0.91,1.47,SNPP,0,2,1
5137,2016-09-14,2016-09-14,1,1,51.0232,0.72671,51.0232,51.0232,0.72671,0.72671,5.19,5.19,SNPP,0,0,1
5138,2016-09-14,2016-09-14,1,1,51.69515,0.02578,51.69515,51.69515,0.02578,0.02578,5.73,5.73,SNPP,0,0,1
5139,2016-09-14,2016-09-14,1,1,52.14428,-0.33577,52.14428,52.14428,-0.33577,-0.33577,8.95,8.95,SNPP,0,0,1
5140,2016-09-15,2016-09-15,1,1,51.43889,-0.53556,51.43889,51.43889,-0.53556,-0.53556,0.66,0.66,SNPP,0,1,1
5141,2016-09-15,2016-09-15,1,5,53.09358,-1.83608,53.09075,53.09668,-1.83789,-1.83329,7.96,18.21,SNPP,1,5,1
5142,2016-09-15,2016-09-15,1,3,51.56217,0.85004,51.56028,51.56413,0.84744,0.85351,5.41,12.07,SNPP,0,0,1
5143,2016-09-15,2016-09-15,1,1,51.69856,0.91732,51.69856,51.69856,0.91732,0.91732,2.95,2.95,SNPP,0,0,1
5144,2016-09-15,2016-09-15,1,1,51.84019,1.12226,51.84019,51.84019,1.12226,1.12226,2.26,2.26,SNPP,0,0,1
5145,2016-09-15,2016-09-15,1,1,51.85058,-0.80477,51.85058,51.85058,-0.80477,-0.80477,5.48,5.48,SNPP,0,0,1
5146,2016-09-15,2016-09-15,1,3,52.28763,0.71935,52.2868,52.28876,0.71671,0.72252,6.88,17.41,SNPP,0,0,1
5147,2016-09-15,2016-09-15,1,2,51.16544,-1.2342,51.16533,51.16554,-1.23438,-1.23403,4.18,6.95,SNPP,0,0,1
5148,2016-09-15,2016-09-15,1,1,54.61369,-1.19498,54.61369,54.61369,-1.19498,-1.19498,11.54,11.54,SNPP,0,0,1
5149,2016-09-15,2016-09-15,1,1,54.80302,-1.68075,54.80302,54.80302,-1.68075,-1.68075,3.87,3.87,SNPP,0,0,1
5150,2016-09-16,2016-09-16,1,1,52.18675,-1.84473,52.18675,52.18675,-1.84473,-1.84473,3.4,3.4,SNPP,0,0,1
5151,2016-09-17,2016-09-17,1,1,52.41867,-2.29,52.41867,52.41867,-2.29,-2.29,1.37,1.37,SNPP,0,0,1
5152,2016-09-17,2016-09-17,1,1,53.0372,-2.75686,53.0372,53.0372,-2.75686,-2.75686,2.23,2.23,SNPP,0,0,1
5153,2016-09-18,2016-09-18,1,1,55.04557,-1.65376,55.04557,55.04557,-1.65376,-1.65376,1.02,1.02,SNPP,0,1,1
5154,2016-09-18,2016-09-18,1,1,53.98434,-0.87957,53.98434,53.98434,-0.87957,-0.87957,1.1,1.1,SNPP,0,1,1
5155,2016-09-18,2016-09-18,1,1,50.95517,-2.89878,50.95517,50.95517,-2.89878,-2.89878,0.27,0.27,SNPP,0,1,1
5156,2016-09-18,2016-09-18,1,1,52.3459,-1.20145,52.3459,52.3459,-1.20145,-1.20145,2.82,2.82,SNPP,0,0,1
5157,2016-09-20,2016-09-20,1,1,51.54015,-3.53582,51.54015,51.54015,-3.53582,-3.53582,0.81,0.81,SNPP,0,1,1
5158,2016-09-21,2016-09-21,1,3,52.45211,1.46156,52.44949,52.45419,1.4591,1.46298,2.13,4.18,SNPP,0,3,1
5159,2016-09-21,2016-09-21,1,1,51.23427,1.20574,51.23427,51.23427,1.20574,1.20574,2.33,2.33,SNPP,0,0,1
5160,2016-09-22,2016-09-22,1,1,51.38946,-1.55688,51.38946,51.38946,-1.55688,-1.55688,1.96,1.96,SNPP,0,0,1
5161,2016-09-22,2016-09-22,1,1,52.10208,-2.80005,52.10208,52.10208,-2.80005,-2.80005,2.11,2.11,SNPP,0,0,1
5162,2016-09-22,2016-09-22,1,1,53.05693,-0.48811,53.05693,53.05693,-0.48811,-0.48811,2.41,2.41,SNPP,0,0,1
5163,2016-09-23,2016-09-24,2,5,53.59229,-0.34566,53.5903,53.59402,-0.34744,-0.34343,5.33,13.12,SNPP,0,5,2
5164,2016-09-23,2016-09-23,1,1,50.88834,-0.136,50.88834,50.88834,-0.136,-0.136,2.35,2.35,SNPP,0,0,1
5165,2016-09-23,2016-09-23,1,1,51.82868,-1.19696,51.82868,51.82868,-1.19696,-1.19696,2.44,2.44,SNPP,0,0,1
5166,2016-09-24,2016-09-24,1,1,51.92839,-0.32009,51.92839,51.92839,-0.32009,-0.32009,0.51,0.51,SNPP,0,1,1
5167,2016-09-24,2016-09-24,1,1,51.95761,0.54344,51.95761,51.95761,0.54344,0.54344,1.43,1.43,SNPP,0,1,1
5168,2016-09-24,2016-09-24,1,6,52.00515,-0.16718,51.99999,52.01029,-0.17127,-0.16076,4.45,16.49,SNPP,0,6,1
5169,2016-09-24,2016-09-24,1,2,52.784,-2.66526,52.7823,52.78571,-2.66586,-2.66467,2.56,5.12,SNPP,0,2,1
5170,2016-09-25,2016-09-25,1,4,51.17075,1.2205,51.16926,51.17379,1.21818,1.22416,4.35,14.99,SNPP,0,4,1
5171,2016-09-25,2016-09-25,1,1,57.48469,-2.27998,57.48469,57.48469,-2.27998,-2.27998,2.81,2.81,SNPP,0,0,1
5172,2016-09-25,2016-09-25,1,2,57.5846,-2.65354,57.58443,57.58478,-2.65406,-2.65302,4.44,7.63,SNPP,0,0,1
5173,2016-09-27,2016-09-27,1,1,53.30106,-0.04985,53.30106,53.30106,-0.04985,-0.04985,0.38,0.38,SNPP,0,1,1
5174,2016-09-27,2016-09-27,1,1,56.71704,-2.92625,56.71704,56.71704,-2.92625,-2.92625,4.75,4.75,SNPP,0,0,1
5175,2016-09-28,2016-09-28,1,1,53.05809,-1.26055,53.05809,53.05809,-1.26055,-1.26055,1.18,1.18,SNPP,0,1,1
5176,2016-09-28,2016-09-28,1,4,50.65652,-3.8779,50.65483,50.65878,-3.88061,-3.8728,10.42,35.12,SNPP,1,0,1
5177,2016-09-28,2016-09-28,1,1,52.53899,-0.12792,52.53899,52.53899,-0.12792,-0.12792,4.35,4.35,SNPP,0,0,1
5178,2016-09-29,2016-09-29,1,1,52.03072,-1.91578,52.03072,52.03072,-1.91578,-1.91578,6.52,6.52,SNPP,0,0,1
5179,2016-09-29,2016-09-29,1,1,52.87363,-0.53453,52.87363,52.87363,-0.53453,-0.53453,7.52,7.52,SNPP,0,0,1
5180,2016-09-29,2016-09-29,1,2,52.83711,-0.54166,52.83562,52.8386,-0.54259,-0.54073,3.59,6.64,SNPP,0,0,1
5181,2016-09-30,2016-09-30,1,1,51.14553,-1.11754,51.14553,51.14553,-1.11754,-1.11754,3.89,3.89,SNPP,0,0,1
5182,2016-09-30,2016-09-30,1,1,51.40153,-1.42836,51.40153,51.40153,-1.42836,-1.42836,2.5,2.5,SNPP,0,0,1
5183,2016-09-30,2016-09-30,1,1,55.76789,-2.76642,55.76789,55.76789,-2.76642,-2.76642,3.59,3.59,SNPP,0,0,1
5184,2016-10-01,2016-10-01,1,2,52.47288,-1.17104,52.47216,52.47359,-1.17219,-1.16988,1.5,2.29,SNPP,0,2,1
5185,2016-10-01,2016-10-01,1,1,51.02009,-1.09197,51.02009,51.02009,-1.09197,-1.09197,0.83,0.83,SNPP,0,1,1
5186,2016-10-01,2016-10-01,1,1,51.22736,-2.97272,51.22736,51.22736,-2.97272,-2.97272,5.33,5.33,SNPP,0,1,1
5187,2016-10-02,2016-10-02,1,3,53.07741,-1.10615,53.07583,53.079,-1.10637,-1.10578,6.56,13.2,SNPP,0,3,1
5188,2016-10-02,2016-10-02,1,4,51.15241,-2.40351,51.15017,51.1557,-2.40384,-2.40298,1.64,4.49,SNPP,0,4,1
5189,2016-10-02,2016-10-02,1,1,53.611,-1.12462,53.611,53.611,-1.12462,-1.12462,1.13,1.13,SNPP,0,0,1
5190,2016-10-02,2016-10-03,2,4,54.3366,-1.07332,54.33361,54.33944,-1.07748,-1.06977,7.24,22.3,SNPP,0,0,2
5191,2016-10-02,2016-10-02,1,1,57.41687,-3.9365,57.41687,57.41687,-3.9365,-3.9365,1.66,1.66,SNPP,0,0,1
5192,2016-10-02,2016-10-02,1,2,57.59898,-4.2236,57.59804,57.59993,-4.22476,-4.22245,2.67,4.32,SNPP,0,0,1
5193,2016-10-03,2016-10-03,1,2,53.08336,-1.07015,53.08241,53.0843,-1.07249,-1.0678,2.34,4.17,SNPP,0,2,1
5194,2016-10-03,2016-10-03,1,2,51.49412,-1.21937,51.49352,51.49472,-1.22245,-1.21629,3.28,5.33,SNPP,0,0,1
5195,2016-10-03,2016-10-03,1,2,52.53352,1.07775,52.53264,52.53441,1.07626,1.07924,2.0,3.86,SNPP,0,0,1
5196,2016-10-03,2016-10-03,1,1,53.00576,-0.69061,53.00576,53.00576,-0.69061,-0.69061,2.43,2.43,SNPP,0,0,1
5197,2016-10-03,2016-10-03,1,1,53.19357,-0.60538,53.19357,53.19357,-0.60538,-0.60538,1.16,1.16,SNPP,0,0,1
5198,2016-10-03,2016-10-03,1,2,53.3783,-1.6365,53.37806,53.37854,-1.63742,-1.63559,4.97,9.88,SNPP,0,0,1
5199,2016-10-03,2016-10-03,1,1,54.33419,-1.2468,54.33419,54.33419,-1.2468,-1.2468,1.82,1.82,SNPP,0,0,1
5200,2016-10-03,2016-10-03,1,1,54.36009,-1.02227,54.36009,54.36009,-1.02227,-1.02227,1.51,1.51,SNPP,0,0,1
5201,2016-10-03,2016-10-03,1,1,54.39347,-1.03502,54.39347,54.39347,-1.03502,-1.03502,3.58,3.58,SNPP,0,0,1
5202,2016-10-04,2016-10-04,1,1,52.34195,0.19697,52.34195,52.34195,0.19697,0.19697,12.54,12.54,SNPP,0,0,1
5203,2016-10-04,2016-10-04,1,1,55.51427,-2.07931,55.51427,55.51427,-2.07931,-2.07931,6.1,6.1,SNPP,0,0,1
5204,2016-10-05,2016-10-05,1,1,55.7839,-2.19823,55.7839,55.7839,-2.19823,-2.19823,0.66,0.66,SNPP,0,1,1
5205,2016-10-05,2016-10-05,1,1,51.48317,-2.29214,51.48317,51.48317,-2.29214,-2.29214,4.54,4.54,SNPP,0,0,1
5206,2016-10-05,2016-10-05,1,1,51.97467,-0.12647,51.97467,51.97467,-0.12647,-0.12647,5.02,5.02,SNPP,0,0,1
5207,2016-10-05,2016-10-05,1,1,55.43398,-3.68706,55.43398,55.43398,-3.68706,-3.68706,18.55,18.55,SNPP,0,0,1
5208,2016-10-05,2016-10-05,1,1,51.15463,-1.25026,51.15463,51.15463,-1.25026,-1.25026,13.34,13.34,SNPP,1,0,1
5209,2016-10-05,2016-10-05,1,1,55.53939,-3.70752,55.53939,55.53939,-3.70752,-3.70752,3.9,3.9,SNPP,0,0,1
5210,2016-10-05,2016-10-05,1,2,55.9037,-2.68155,55.90222,55.90517,-2.68257,-2.68053,4.64,8.88,SNPP,0,0,1
5211,2016-10-05,2016-10-05,1,1,57.09964,-3.2957,57.09964,57.09964,-3.2957,-3.2957,12.0,12.0,SNPP,0,0,1
5212,2016-10-05,2016-10-05,1,2,57.23612,-3.475,57.23588,57.23636,-3.47943,-3.47057,13.02,22.55,SNPP,0,0,1
5213,2016-10-05,2016-10-05,1,2,57.80343,-4.29436,57.80231,57.80455,-4.29516,-4.29356,2.78,5.1,SNPP,0,0,1
5214,2016-10-06,2016-10-06,1,2,51.44061,-1.28738,51.44024,51.44098,-1.29151,-1.28326,9.29,18.58,SNPP,0,2,1
5215,2016-10-06,2016-10-06,1,14,53.04752,-1.0673,53.04423,53.05328,-1.07822,-1.05977,6.53,34.09,SNPP,0,10,1
5216,2016-10-06,2016-10-06,1,1,56.9641,-2.65218,56.9641,56.9641,-2.65218,-2.65218,2.72,2.72,SNPP,0,0,1
5217,2016-10-06,2016-10-06,1,1,57.2267,-3.17154,57.2267,57.2267,-3.17154,-3.17154,2.5,2.5,SNPP,0,0,1
5218,2016-10-06,2016-10-08,2,2,57.24886,-3.02897,57.24412,57.25359,-3.03452,-3.02341,3.4,5.18,SNPP,0,0,3
5219,2016-10-06,2016-10-06,1,1,51.53016,-1.22755,51.53016,51.53016,-1.22755,-1.22755,7.14,7.14,SNPP,0,0,1
5220,2016-10-06,2016-10-06,1,1,54.00129,-1.76271,54.00129,54.00129,-1.76271,-1.76271,2.61,2.61,SNPP,0,0,1
5221,2016-10-06,2016-10-06,1,1,54.09398,-1.9146,54.09398,54.09398,-1.9146,-1.9146,8.88,8.88,SNPP,0,0,1
5222,2016-10-06,2016-10-06,1,1,55.82761,-2.56687,55.82761,55.82761,-2.56687,-2.56687,2.23,2.23,SNPP,0,0,1
5223,2016-10-06,2016-10-06,1,1,56.90353,-2.75183,56.90353,56.90353,-2.75183,-2.75183,7.28,7.28,SNPP,0,0,1
5224,2016-10-06,2016-10-06,1,1,57.30986,-3.03404,57.30986,57.30986,-3.03404,-3.03404,3.87,3.87,SNPP,0,0,1
5225,2016-10-06,2016-10-06,1,1,57.33259,-4.13236,57.33259,57.33259,-4.13236,-4.13236,2.61,2.61,SNPP,0,0,1
5226,2016-10-06,2016-10-06,1,1,57.36229,-3.66639,57.36229,57.36229,-3.66639,-3.66639,4.86,4.86,SNPP,0,0,1
5227,2016-10-06,2016-10-07,2,3,57.42422,-3.56254,57.42273,57.42529,-3.56371,-3.56046,9.91,22.78,SNPP,0,0,2
5228,2016-10-06,2016-10-06,1,1,57.57138,-1.87959,57.57138,57.57138,-1.87959,-1.87959,2.13,2.13,SNPP,0,0,1
5229,2016-10-07,2016-10-07,1,1,57.38634,-3.31794,57.38634,57.38634,-3.31794,-3.31794,2.04,2.04,SNPP,0,0,1
5230,2016-10-08,2016-10-08,1,1,52.75097,1.42699,52.75097,52.75097,1.42699,1.42699,5.53,5.53,SNPP,0,0,1
5231,2016-10-08,2016-10-08,1,1,57.29742,-2.98393,57.29742,57.29742,-2.98393,-2.98393,4.29,4.29,SNPP,0,0,1
5232,2016-10-08,2016-10-08,1,1,57.95735,-4.38279,57.95735,57.95735,-4.38279,-4.38279,5.1,5.1,SNPP,0,0,1
5233,2016-10-09,2016-10-09,1,2,53.17644,-1.28768,53.17554,53.17735,-1.28821,-1.28714,4.97,8.42,SNPP,0,2,1
5234,2016-10-09,2016-10-09,1,1,52.19453,-2.31465,52.19453,52.19453,-2.31465,-2.31465,0.95,0.95,SNPP,0,1,1
5235,2016-10-09,2016-10-09,1,1,53.4318,-1.91212,53.4318,53.4318,-1.91212,-1.91212,4.98,4.98,SNPP,0,0,1
5236,2016-10-09,2016-10-09,1,1,54.68481,-4.4155,54.68481,54.68481,-4.4155,-4.4155,1.72,1.72,SNPP,0,0,1
5237,2016-10-10,2016-10-10,1,1,54.74184,-1.5079,54.74184,54.74184,-1.5079,-1.5079,1.85,1.85,SNPP,0,1,1
5238,2016-10-10,2016-10-10,1,1,54.76559,-1.92187,54.76559,54.76559,-1.92187,-1.92187,4.59,4.59,SNPP,0,0,1
5239,2016-10-10,2016-10-10,1,1,56.95335,-2.82016,56.95335,56.95335,-2.82016,-2.82016,9.37,9.37,SNPP,0,0,1
5240,2016-10-10,2016-10-10,1,1,57.45577,-3.97909,57.45577,57.45577,-3.97909,-3.97909,6.61,6.61,SNPP,0,0,1
5241,2016-10-11,2016-10-11,1,3,55.34424,-4.45201,55.34198,55.34641,-4.45306,-4.45096,2.19,3.55,SNPP,0,3,1
5242,2016-10-11,2016-10-11,1,1,57.99946,-6.42042,57.99946,57.99946,-6.42042,-6.42042,1.39,1.39,SNPP,0,1,1
5243,2016-10-11,2016-10-11,1,1,51.16586,-3.55891,51.16586,51.16586,-3.55891,-3.55891,6.03,6.03,SNPP,0,0,1
5244,2016-10-11,2016-10-11,1,1,51.66365,-0.35306,51.66365,51.66365,-0.35306,-0.35306,2.18,2.18,SNPP,0,0,1
5245,2016-10-11,2016-10-11,1,2,57.26046,-3.93924,57.25976,57.26115,-3.94145,-3.93703,8.87,14.53,SNPP,0,0,1
5246,2016-10-11,2016-10-11,1,1,51.1631,-1.59843,51.1631,51.1631,-1.59843,-1.59843,2.8,2.8,SNPP,0,0,1
5247,2016-10-12,2016-10-12,1,1,51.01613,0.41143,51.01613,51.01613,0.41143,0.41143,5.26,5.26,SNPP,0,0,1
5248,2016-10-13,2016-10-13,1,3,51.31669,0.45972,51.31424,51.31832,0.45749,0.46294,9.22,19.98,SNPP,0,0,1
5249,2016-10-13,2016-10-13,1,1,51.62569,-0.49956,51.62569,51.62569,-0.49956,-0.49956,1.13,1.13,SNPP,0,0,1
5250,2016-10-13,2016-10-13,1,2,54.94198,-5.9674,54.94125,54.94272,-5.96997,-5.96483,4.23,7.09,SNPP,0,0,1
5251,2016-10-14,2016-10-14,1,2,52.34424,0.19285,52.34418,52.3443,0.1926,0.1931,9.27,13.09,SNPP,0,0,1
5252,2016-10-15,2016-10-15,1,1,51.67381,-0.66027,51.67381,51.67381,-0.66027,-0.66027,2.3,2.3,SNPP,0,0,1
5253,2016-10-15,2016-10-19,4,5,52.13894,-2.05296,52.13801,52.1396,-2.05424,-2.05151,9.21,29.88,SNPP,0,0,5
5254,2016-10-16,2016-10-16,1,1,53.63463,-0.78077,53.63463,53.63463,-0.78077,-0.78077,0.7,0.7,SNPP,0,1,1
5255,2016-10-16,2016-10-16,1,1,52.70043,-2.67448,52.70043,52.70043,-2.67448,-2.67448,2.67,2.67,SNPP,0,0,1
5256,2016-10-18,2016-10-18,1,1,50.81057,-2.16874,50.81057,50.81057,-2.16874,-2.16874,3.06,3.06,SNPP,0,0,1
5257,2016-10-18,2016-10-18,1,1,51.02031,0.40544,51.02031,51.02031,0.40544,0.40544,3.64,3.64,SNPP,0,0,1
5258,2016-10-19,2016-10-19,1,1,50.75776,-2.32099,50.75776,50.75776,-2.32099,-2.32099,4.78,4.78,SNPP,0,0,1
5259,2016-10-19,2016-10-19,1,1,54.06118,-1.72336,54.06118,54.06118,-1.72336,-1.72336,3.36,3.36,SNPP,0,0,1
5260,2016-10-21,2016-10-21,1,1,51.82624,1.06656,51.82624,51.82624,1.06656,1.06656,3.1,3.1,SNPP,0,1,1
5261,2016-10-22,2016-10-22,1,4,52.8672,-2.51132,52.86401,52.8688,-2.51415,-2.50756,1.5,4.82,SNPP,0,4,1
5262,2016-10-22,2016-10-22,1,1,57.21865,-4.67419,57.21865,57.21865,-4.67419,-4.67419,2.37,2.37,SNPP,0,0,1
5263,2016-10-26,2016-10-26,1,1,53.08061,-2.94948,53.08061,53.08061,-2.94948,-2.94948,8.8,8.8,SNPP,0,0,1
5264,2016-10-27,2016-10-27,1,1,50.44801,-3.63346,50.44801,50.44801,-3.63346,-3.63346,0.68,0.68,SNPP,0,1,1
5265,2016-10-28,2016-10-28,1,1,54.34692,-1.08432,54.34692,54.34692,-1.08432,-1.08432,2.96,2.96,SNPP,0,0,1
5266,2016-10-28,2016-10-28,1,1,54.37526,-0.59264,54.37526,54.37526,-0.59264,-0.59264,4.03,4.03,SNPP,0,0,1
5267,2016-10-29,2016-10-29,1,1,55.54722,-2.07653,55.54722,55.54722,-2.07653,-2.07653,5.58,5.58,SNPP,0,0,1
5268,2016-10-29,2016-10-29,1,2,56.92498,-2.82448,56.92385,56.92612,-2.82839,-2.82056,4.37,6.33,SNPP,0,0,1
5269,2016-10-30,2016-10-30,1,1,51.45866,0.71219,51.45866,51.45866,0.71219,0.71219,2.48,2.48,SNPP,0,1,1
5270,2016-10-30,2016-10-30,1,2,51.32759,0.64518,51.32715,51.32803,0.64499,0.64537,0.82,1.61,SNPP,0,2,1
5271,2016-10-31,2016-10-31,1,1,51.57274,0.36894,51.57274,51.57274,0.36894,0.36894,0.82,0.82,SNPP,0,1,1
5272,2016-10-31,2016-10-31,1,2,50.22966,-5.16972,50.22793,50.23138,-5.17413,-5.16532,1.64,3.28,SNPP,0,2,1
5273,2016-10-31,2016-10-31,1,1,52.13694,-2.05307,52.13694,52.13694,-2.05307,-2.05307,2.16,2.16,SNPP,0,0,1
5274,2016-10-31,2016-10-31,1,1,54.34214,-1.10046,54.34214,54.34214,-1.10046,-1.10046,2.95,2.95,SNPP,0,0,1
5275,2016-10-31,2016-10-31,1,2,54.50148,-1.05488,54.49958,54.50338,-1.05614,-1.05361,4.03,7.31,SNPP,0,0,1
5276,2016-10-31,2016-10-31,1,1,55.51226,-2.11089,55.51226,55.51226,-2.11089,-2.11089,3.38,3.38,SNPP,0,0,1
5277,2016-11-01,2016-11-01,1,1,51.63708,0.19609,51.63708,51.63708,0.19609,0.19609,0.93,0.93,SNPP,0,1,1
5278,2016-11-01,2016-11-01,1,1,54.58946,-7.05442,54.58946,54.58946,-7.05442,-7.05442,1.16,1.16,SNPP,0,1,1
5279,2016-11-02,2016-11-02,1,2,52.349,-0.03334,52.34832,52.34967,-0.03356,-0.03311,3.29,6.34,SNPP,0,0,1
5280,2016-11-03,2016-11-03,1,1,52.01313,-1.6236,52.01313,52.01313,-1.6236,-1.6236,6.51,6.51,SNPP,0,0,1
5281,2016-11-04,2016-11-04,1,1,53.09908,-0.16117,53.09908,53.09908,-0.16117,-0.16117,0.79,0.79,SNPP,0,1,1
5282,2016-11-04,2016-11-04,1,1,53.7795,-2.40145,53.7795,53.7795,-2.40145,-2.40145,0.63,0.63,SNPP,0,1,1
5283,2016-11-05,2016-11-05,1,2,51.83375,0.51167,51.83283,51.83467,0.50866,0.51468,1.59,2.96,SNPP,0,2,1
5284,2016-11-05,2016-11-05,1,1,52.71252,0.82921,52.71252,52.71252,0.82921,0.82921,0.53,0.53,SNPP,0,1,1
5285,2016-11-05,2016-11-05,1,1,53.07462,-1.34936,53.07462,53.07462,-1.34936,-1.34936,1.41,1.41,SNPP,0,1,1
5286,2016-11-05,2016-11-05,1,1,53.12104,-1.11326,53.12104,53.12104,-1.11326,-1.11326,2.06,2.06,SNPP,0,1,1
5287,2016-11-05,2016-11-05,1,1,53.17335,-2.34001,53.17335,53.17335,-2.34001,-2.34001,0.47,0.47,SNPP,0,1,1
5288,2016-11-05,2016-11-05,1,1,53.50861,-0.58532,53.50861,53.50861,-0.58532,-0.58532,0.44,0.44,SNPP,0,1,1
5289,2016-11-05,2016-11-05,1,1,53.98041,-2.37915,53.98041,53.98041,-2.37915,-2.37915,1.26,1.26,SNPP,0,1,1
5290,2016-11-05,2016-11-05,1,1,54.24683,-1.47564,54.24683,54.24683,-1.47564,-1.47564,1.41,1.41,SNPP,0,1,1
5291,2016-11-05,2016-11-05,1,1,50.55776,-3.65222,50.55776,50.55776,-3.65222,-3.65222,1.02,1.02,SNPP,0,1,1
5292,2016-11-05,2016-11-05,1,1,51.15598,-0.08181,51.15598,51.15598,-0.08181,-0.08181,0.65,0.65,SNPP,0,1,1
5293,2016-11-05,2016-11-05,1,1,51.3955,-3.2709,51.3955,51.3955,-3.2709,-3.2709,1.77,1.77,SNPP,0,1,1
5294,2016-11-05,2016-11-05,1,1,51.40491,-1.85702,51.40491,51.40491,-1.85702,-1.85702,0.3,0.3,SNPP,0,1,1
5295,2016-11-05,2016-11-05,1,1,51.59972,-1.42924,51.59972,51.59972,-1.42924,-1.42924,0.69,0.69,SNPP,0,1,1
5296,2016-11-05,2016-11-05,1,1,51.85812,-0.61131,51.85812,51.85812,-0.61131,-0.61131,0.41,0.41,SNPP,0,1,1
5297,2016-11-05,2016-11-05,1,1,51.99389,-1.48874,51.99389,51.99389,-1.48874,-1.48874,2.44,2.44,SNPP,0,1,1
5298,2016-11-05,2016-11-05,1,1,52.16085,-0.90277,52.16085,52.16085,-0.90277,-0.90277,0.73,0.73,SNPP,0,1,1
5299,2016-11-05,2016-11-06,2,2,51.3687,-0.54454,51.36822,51.36917,-0.54492,-0.54416,2.26,3.63,SNPP,0,1,2
5300,2016-11-05,2016-11-05,1,1,57.07716,-4.8432,57.07716,57.07716,-4.8432,-4.8432,2.67,2.67,SNPP,0,0,1
5301,2016-11-06,2016-11-06,1,1,53.01413,-0.38732,53.01413,53.01413,-0.38732,-0.38732,2.24,2.24,SNPP,0,1,1
5302,2016-11-06,2016-11-06,1,1,53.0659,-0.77926,53.0659,53.0659,-0.77926,-0.77926,2.57,2.57,SNPP,0,1,1
5303,2016-11-06,2016-11-06,1,2,53.1939,-1.21653,53.19355,53.19426,-1.21707,-1.21599,1.16,2.04,SNPP,0,2,1
5304,2016-11-06,2016-11-06,1,1,53.22715,-0.99657,53.22715,53.22715,-0.99657,-0.99657,0.79,0.79,SNPP,0,1,1
5305,2016-11-06,2016-11-06,1,1,53.30789,-2.06491,53.30789,53.30789,-2.06491,-2.06491,1.27,1.27,SNPP,0,1,1
5306,2016-11-06,2016-11-06,1,1,53.35592,-1.29725,53.35592,53.35592,-1.29725,-1.29725,1.0,1.0,SNPP,0,1,1
5307,2016-11-06,2016-11-06,1,1,53.52226,-0.54059,53.52226,53.52226,-0.54059,-0.54059,0.5,0.5,SNPP,0,1,1
5308,2016-11-06,2016-11-06,1,1,53.52728,-2.26406,53.52728,53.52728,-2.26406,-2.26406,2.41,2.41,SNPP,0,1,1
5309,2016-11-06,2016-11-06,1,3,53.52953,-3.04157,53.52822,53.53061,-3.04471,-3.03975,1.59,3.97,SNPP,0,3,1
5310,2016-11-06,2016-11-06,1,1,53.55877,-1.41957,53.55877,53.55877,-1.41957,-1.41957,1.54,1.54,SNPP,0,1,1
5311,2016-11-06,2016-11-06,1,1,53.57681,-2.08031,53.57681,53.57681,-2.08031,-2.08031,1.07,1.07,SNPP,0,1,1
5312,2016-11-06,2016-11-06,1,1,53.58094,-2.40205,53.58094,53.58094,-2.40205,-2.40205,1.35,1.35,SNPP,0,1,1
5313,2016-11-06,2016-11-06,1,1,53.61603,-2.1023,53.61603,53.61603,-2.1023,-2.1023,0.71,0.71,SNPP,0,1,1
5314,2016-11-06,2016-11-06,1,1,53.63146,-1.691,53.63146,53.63146,-1.691,-1.691,1.43,1.43,SNPP,0,1,1
5315,2016-11-06,2016-11-06,1,1,53.63369,-1.64936,53.63369,53.63369,-1.64936,-1.64936,1.34,1.34,SNPP,0,1,1
5316,2016-11-06,2016-11-06,1,1,53.64543,-3.01735,53.64543,53.64543,-3.01735,-3.01735,0.17,0.17,SNPP,0,1,1
5317,2016-11-06,2016-11-06,1,1,53.65596,-0.58052,53.65596,53.65596,-0.58052,-0.58052,0.76,0.76,SNPP,0,1,1
5318,2016-11-06,2016-11-06,1,1,53.69007,-1.1138,53.69007,53.69007,-1.1138,-1.1138,0.88,0.88,SNPP,0,1,1
5319,2016-11-06,2016-11-06,1,1,53.71181,-1.17258,53.71181,53.71181,-1.17258,-1.17258,0.84,0.84,SNPP,0,1,1
5320,2016-11-06,2016-11-06,1,2,53.71763,-2.31384,53.71585,53.71941,-2.31443,-2.31324,1.32,2.16,SNPP,0,2,1
5321,2016-11-06,2016-11-06,1,1,53.72834,-0.48228,53.72834,53.72834,-0.48228,-0.48228,1.41,1.41,SNPP,0,1,1
5322,2016-11-06,2016-11-06,1,2,53.73392,-1.54102,53.73218,53.73566,-1.54162,-1.54042,1.64,2.4,SNPP,0,2,1
5323,2016-11-06,2016-11-06,1,1,53.74905,-1.92594,53.74905,53.74905,-1.92594,-1.92594,0.59,0.59,SNPP,0,1,1
5324,2016-11-06,2016-11-06,1,1,53.74946,-1.89839,53.74946,53.74946,-1.89839,-1.89839,1.0,1.0,SNPP,0,1,1
5325,2016-11-06,2016-11-06,1,4,53.7621,-1.67882,53.76003,53.76352,-1.68164,-1.67407,0.92,3.5,SNPP,0,4,1
5326,2016-11-06,2016-11-06,1,1,53.7863,-2.90761,53.7863,53.7863,-2.90761,-2.90761,0.68,0.68,SNPP,0,1,1
5327,2016-11-06,2016-11-06,1,4,53.79996,-1.76376,53.79816,53.80165,-1.76484,-1.76272,3.02,6.25,SNPP,0,4,1
5328,2016-11-06,2016-11-06,1,1,53.83246,-2.93135,53.83246,53.83246,-2.93135,-2.93135,0.42,0.42,SNPP,0,1,1
5329,2016-11-06,2016-11-06,1,1,53.96906,-0.97272,53.96906,53.96906,-0.97272,-0.97272,0.71,0.71,SNPP,0,1,1
5330,2016-11-06,2016-11-06,1,1,53.99702,-0.45356,53.99702,53.99702,-0.45356,-0.45356,0.67,0.67,SNPP,0,1,1
5331,2016-11-06,2016-11-06,1,1,54.03181,-1.57458,54.03181,54.03181,-1.57458,-1.57458,0.61,0.61,SNPP,0,1,1
5332,2016-11-06,2016-11-06,1,1,54.09761,-1.10812,54.09761,54.09761,-1.10812,-1.10812,0.71,0.71,SNPP,0,1,1
5333,2016-11-06,2016-11-06,1,2,55.12382,-1.61434,55.12338,55.12425,-1.61467,-1.61402,1.73,2.82,SNPP,0,2,1
5334,2016-11-06,2016-11-06,1,2,55.86342,-4.1616,55.86301,55.86382,-4.16597,-4.15722,0.94,1.88,SNPP,0,2,1
5335,2016-11-06,2016-11-06,1,3,50.87968,0.00378,50.87809,50.88128,-0.00712,0.01469,1.25,3.34,SNPP,0,3,1
5336,2016-11-06,2016-11-06,1,1,51.09317,-1.76894,51.09317,51.09317,-1.76894,-1.76894,0.44,0.44,SNPP,0,1,1
5337,2016-11-06,2016-11-06,1,1,51.11403,0.92911,51.11403,51.11403,0.92911,0.92911,0.85,0.85,SNPP,0,1,1
5338,2016-11-06,2016-11-06,1,1,51.15763,0.8837,51.15763,51.15763,0.8837,0.8837,0.38,0.38,SNPP,0,1,1
5339,2016-11-06,2016-11-06,1,1,51.23157,-0.28851,51.23157,51.23157,-0.28851,-0.28851,0.69,0.69,SNPP,0,1,1
5340,2016-11-06,2016-11-06,1,1,51.24328,-0.82901,51.24328,51.24328,-0.82901,-0.82901,0.74,0.74,SNPP,0,1,1
5341,2016-11-06,2016-11-06,1,3,51.25225,-0.03556,51.251,51.25429,-0.03627,-0.0346,2.84,4.59,SNPP,0,3,1
5342,2016-11-06,2016-11-06,1,1,51.30785,1.07,51.30785,51.30785,1.07,1.07,0.69,0.69,SNPP,0,1,1
5343,2016-11-06,2016-11-06,1,2,51.32872,-0.87511,51.32705,51.3304,-0.87569,-0.87453,1.86,2.55,SNPP,0,2,1
5344,2016-11-06,2016-11-06,1,1,51.34026,0.00365,51.34026,51.34026,0.00365,0.00365,1.62,1.62,SNPP,0,1,1
5345,2016-11-06,2016-11-06,1,1,51.34814,-1.1629,51.34814,51.34814,-1.1629,-1.1629,0.92,0.92,SNPP,0,1,1
5346,2016-11-06,2016-11-06,1,1,51.35775,-1.12939,51.35775,51.35775,-1.12939,-1.12939,0.8,0.8,SNPP,0,1,1
5347,2016-11-06,2016-11-06,1,1,51.35881,-0.67388,51.35881,51.35881,-0.67388,-0.67388,0.43,0.43,SNPP,0,1,1
5348,2016-11-06,2016-11-06,1,1,51.41829,-0.3972,51.41829,51.41829,-0.3972,-0.3972,0.43,0.43,SNPP,0,1,1
5349,2016-11-06,2016-11-06,1,1,51.42059,0.22689,51.42059,51.42059,0.22689,0.22689,0.47,0.47,SNPP,0,1,1
5350,2016-11-06,2016-11-06,1,2,51.42389,-1.0243,51.4236,51.42418,-1.02636,-1.02224,1.68,2.94,SNPP,0,2,1
5351,2016-11-06,2016-11-06,1,2,51.47442,0.40586,51.47325,51.47559,0.4057,0.40603,2.44,3.11,SNPP,0,2,1
5352,2016-11-06,2016-11-06,1,1,51.50758,-1.07121,51.50758,51.50758,-1.07121,-1.07121,1.11,1.11,SNPP,0,1,1
5353,2016-11-06,2016-11-06,1,1,51.50941,-2.0541,51.50941,51.50941,-2.0541,-2.0541,1.05,1.05,SNPP,0,1,1
5354,2016-11-06,2016-11-06,1,1,51.52699,-2.48983,51.52699,51.52699,-2.48983,-2.48983,1.35,1.35,SNPP,0,1,1
5355,2016-11-06,2016-11-06,1,2,51.53704,-3.63903,51.53662,51.53747,-3.63951,-3.63855,0.78,1.43,SNPP,0,2,1
5356,2016-11-06,2016-11-06,1,1,51.55807,-0.54192,51.55807,51.55807,-0.54192,-0.54192,1.56,1.56,SNPP,0,1,1
5357,2016-11-06,2016-11-06,1,2,51.5925,0.47203,51.59211,51.59288,0.46969,0.47437,2.02,3.31,SNPP,0,2,1
5358,2016-11-06,2016-11-06,1,1,51.62033,0.21081,51.62033,51.62033,0.21081,0.21081,3.08,3.08,SNPP,0,1,1
5359,2016-11-06,2016-11-06,1,1,51.65053,-0.72988,51.65053,51.65053,-0.72988,-0.72988,1.4,1.4,SNPP,0,1,1
5360,2016-11-06,2016-11-06,1,1,51.66607,-0.66426,51.66607,51.66607,-0.66426,-0.66426,0.35,0.35,SNPP,0,1,1
5361,2016-11-06,2016-11-06,1,1,51.67236,-0.71012,51.67236,51.67236,-0.71012,-0.71012,0.58,0.58,SNPP,0,1,1
5362,2016-11-06,2016-11-06,1,1,51.6826,-1.12547,51.6826,51.6826,-1.12547,-1.12547,0.95,0.95,SNPP,0,1,1
5363,2016-11-06,2016-11-06,1,1,51.73726,-0.51707,51.73726,51.73726,-0.51707,-0.51707,0.65,0.65,SNPP,0,1,1
5364,2016-11-06,2016-11-06,1,1,51.76325,0.47682,51.76325,51.76325,0.47682,0.47682,0.43,0.43,SNPP,0,1,1
5365,2016-11-06,2016-11-06,1,1,51.80482,-2.55189,51.80482,51.80482,-2.55189,-2.55189,0.52,0.52,SNPP,0,1,1
5366,2016-11-06,2016-11-06,1,2,51.8503,0.57001,51.84866,51.85194,0.56938,0.57064,0.67,1.34,SNPP,0,2,1
5367,2016-11-06,2016-11-06,1,1,51.86077,-1.3585,51.86077,51.86077,-1.3585,-1.3585,0.39,0.39,SNPP,0,1,1
5368,2016-11-06,2016-11-06,1,1,52.04121,0.43837,52.04121,52.04121,0.43837,0.43837,0.56,0.56,SNPP,0,1,1
5369,2016-11-06,2016-11-06,1,1,52.30639,0.72218,52.30639,52.30639,0.72218,0.72218,0.85,0.85,SNPP,0,1,1
5370,2016-11-06,2016-11-06,1,1,52.34,-2.3027,52.34,52.34,-2.3027,-2.3027,1.41,1.41,SNPP,0,1,1
5371,2016-11-06,2016-11-06,1,1,52.34218,-1.00203,52.34218,52.34218,-1.00203,-1.00203,1.5,1.5,SNPP,0,1,1
5372,2016-11-06,2016-11-06,1,1,52.35638,0.00369,52.35638,52.35638,0.00369,0.00369,0.86,0.86,SNPP,0,1,1
5373,2016-11-06,2016-11-06,1,1,52.36009,-1.84917,52.36009,52.36009,-1.84917,-1.84917,0.66,0.66,SNPP,0,1,1
5374,2016-11-06,2016-11-06,1,1,52.37526,-1.45125,52.37526,52.37526,-1.45125,-1.45125,0.97,0.97,SNPP,0,1,1
5375,2016-11-06,2016-11-06,1,2,52.38362,0.41776,52.38197,52.38527,0.41713,0.41839,1.88,3.76,SNPP,0,2,1
5376,2016-11-06,2016-11-06,1,1,52.52828,0.03311,52.52828,52.52828,0.03311,0.03311,0.85,0.85,SNPP,0,1,1
5377,2016-11-06,2016-11-06,1,1,52.56808,1.03168,52.56808,52.56808,1.03168,1.03168,0.64,0.64,SNPP,0,1,1
5378,2016-11-06,2016-11-06,1,1,52.59524,-1.33683,52.59524,52.59524,-1.33683,-1.33683,0.75,0.75,SNPP,0,1,1
5379,2016-11-06,2016-11-06,1,1,52.65389,-1.57455,52.65389,52.65389,-1.57455,-1.57455,0.93,0.93,SNPP,0,1,1
5380,2016-11-06,2016-11-06,1,1,52.66227,-1.72806,52.66227,52.66227,-1.72806,-1.72806,0.99,0.99,SNPP,0,1,1
5381,2016-11-06,2016-11-06,1,1,52.89577,-1.28283,52.89577,52.89577,-1.28283,-1.28283,0.58,0.58,SNPP,0,1,1
5382,2016-11-06,2016-11-06,1,1,52.95256,-2.00724,52.95256,52.95256,-2.00724,-2.00724,0.78,0.78,SNPP,0,1,1
5383,2016-11-06,2016-11-06,1,1,52.96595,-1.1613,52.96595,52.96595,-1.1613,-1.1613,0.51,0.51,SNPP,0,1,1
5384,2016-11-06,2016-11-06,1,1,53.30516,-3.4668,53.30516,53.30516,-3.4668,-3.4668,0.7,0.7,SNPP,0,1,1
5385,2016-11-06,2016-11-06,1,1,57.60749,-1.89208,57.60749,57.60749,-1.89208,-1.89208,0.86,0.86,SNPP,0,1,1
5386,2016-11-06,2016-11-06,1,4,53.00716,-1.02821,53.00537,53.00894,-1.03225,-1.02416,4.0,11.03,SNPP,0,4,1
5387,2016-11-07,2016-11-07,1,1,51.65354,0.12123,51.65354,51.65354,0.12123,0.12123,1.81,1.81,SNPP,0,1,1
5388,2016-11-07,2016-11-07,1,1,52.42357,-2.18881,52.42357,52.42357,-2.18881,-2.18881,0.39,0.39,SNPP,0,1,1
5389,2016-11-07,2016-11-07,1,2,52.68056,-2.05126,52.6801,52.68101,-2.05296,-2.04957,1.04,1.83,SNPP,0,2,1
5390,2016-11-07,2016-11-07,1,1,53.02812,-2.37457,53.02812,53.02812,-2.37457,-2.37457,0.92,0.92,SNPP,0,1,1
5391,2016-11-07,2016-11-07,1,2,51.07296,-3.78286,51.0727,51.07321,-3.78544,-3.78028,5.45,8.21,SNPP,0,0,1
5392,2016-11-07,2016-11-07,1,1,52.10009,0.21455,52.10009,52.10009,0.21455,0.21455,3.84,3.84,SNPP,0,0,1
5393,2016-11-07,2016-11-07,1,1,52.34679,-0.03475,52.34679,52.34679,-0.03475,-0.03475,7.99,7.99,SNPP,0,0,1
5394,2016-11-08,2016-11-08,1,2,52.98622,-2.36834,52.98605,52.98638,-2.3688,-2.36787,0.49,0.88,SNPP,0,2,1
5395,2016-11-09,2016-11-09,1,1,51.3545,-0.47337,51.3545,51.3545,-0.47337,-0.47337,2.07,2.07,SNPP,0,0,1
5396,2016-11-10,2016-11-10,1,1,52.93628,-1.64086,52.93628,52.93628,-1.64086,-1.64086,0.86,0.86,SNPP,0,1,1
5397,2016-11-10,2016-11-11,2,5,52.34664,-0.03487,52.34533,52.34958,-0.03636,-0.03335,5.45,17.8,SNPP,0,0,2
5398,2016-11-13,2016-11-13,1,1,50.94859,-0.01728,50.94859,50.94859,-0.01728,-0.01728,0.77,0.77,SNPP,0,1,1
5399,2016-11-13,2016-11-13,1,1,52.66957,-0.36117,52.66957,52.66957,-0.36117,-0.36117,2.27,2.27,SNPP,0,0,1
5400,2016-11-17,2016-11-17,1,1,52.36704,0.71633,52.36704,52.36704,0.71633,0.71633,0.82,0.82,SNPP,0,1,1
5401,2016-11-17,2016-11-17,1,1,51.65003,0.62559,51.65003,51.65003,0.62559,0.62559,7.5,7.5,SNPP,0,1,1
5402,2016-11-17,2016-11-17,1,1,52.64014,-2.67869,52.64014,52.64014,-2.67869,-2.67869,2.93,2.93,SNPP,0,0,1
5403,2016-11-17,2016-11-17,1,1,57.03394,-2.83353,57.03394,57.03394,-2.83353,-2.83353,3.25,3.25,SNPP,0,0,1
5404,2016-11-17,2016-11-18,2,2,57.24635,-2.89264,57.2462,57.2465,-2.89371,-2.89157,5.38,8.86,SNPP,0,0,2
5405,2016-11-18,2016-11-18,1,1,52.75342,0.47606,52.75342,52.75342,0.47606,0.47606,1.31,1.31,SNPP,0,1,1
5406,2016-11-18,2016-11-18,1,1,55.98683,-2.86596,55.98683,55.98683,-2.86596,-2.86596,2.75,2.75,SNPP,0,0,1
5407,2016-11-18,2016-11-18,1,1,52.69603,-1.26064,52.69603,52.69603,-1.26064,-1.26064,4.58,4.58,SNPP,0,0,1
5408,2016-11-19,2016-11-19,1,1,57.28579,-3.04694,57.28579,57.28579,-3.04694,-3.04694,4.61,4.61,SNPP,0,0,1
5409,2016-11-22,2016-11-22,1,1,52.95256,-0.09441,52.95256,52.95256,-0.09441,-0.09441,1.54,1.54,SNPP,0,1,1
5410,2016-11-24,2016-11-24,1,1,51.52697,-3.48189,51.52697,51.52697,-3.48189,-3.48189,1.94,1.94,SNPP,0,0,1
5411,2016-11-24,2016-11-24,1,1,53.00514,-1.98968,53.00514,53.00514,-1.98968,-1.98968,2.39,2.39,SNPP,0,0,1
5412,2016-11-25,2016-11-25,1,1,54.10297,-3.18557,54.10297,54.10297,-3.18557,-3.18557,1.53,1.53,SNPP,0,1,1
5413,2016-11-25,2016-11-25,1,1,51.59947,0.19292,51.59947,51.59947,0.19292,0.19292,0.52,0.52,SNPP,0,1,1
5414,2016-11-25,2016-11-25,1,1,51.20157,0.22853,51.20157,51.20157,0.22853,0.22853,6.55,6.55,SNPP,0,0,1
5415,2016-11-25,2016-11-25,1,1,51.35575,-0.47458,51.35575,51.35575,-0.47458,-0.47458,2.91,2.91,SNPP,0,0,1
5416,2016-11-28,2016-11-28,1,1,53.43036,-1.90658,53.43036,53.43036,-1.90658,-1.90658,1.58,1.58,SNPP,0,0,1
5417,2016-11-28,2016-11-28,1,1,58.64283,-3.17457,58.64283,58.64283,-3.17457,-3.17457,2.15,2.15,SNPP,0,0,1
5418,2016-11-29,2016-11-29,1,3,52.02588,-1.2011,52.02486,52.02705,-1.20314,-1.19784,3.91,6.75,SNPP,0,3,1
5419,2016-11-29,2016-11-29,1,1,53.30435,-4.69034,53.30435,53.30435,-4.69034,-4.69034,4.83,4.83,SNPP,0,0,1
5420,2016-11-29,2016-11-29,1,1,56.91028,-2.87961,56.91028,56.91028,-2.87961,-2.87961,2.4,2.4,SNPP,0,0,1
5421,2016-11-30,2016-11-30,1,3,51.01039,-1.79992,51.00891,51.01147,-1.80037,-1.79904,5.15,11.42,SNPP,0,3,1
5422,2016-11-30,2016-11-30,1,1,51.74109,0.03613,51.74109,51.74109,0.03613,0.03613,2.03,2.03,SNPP,0,0,1
5423,2016-12-04,2016-12-04,1,1,52.61493,-1.46905,52.61493,52.61493,-1.46905,-1.46905,0.46,0.46,SNPP,0,1,1
5424,2016-12-05,2016-12-05,1,1,57.16671,-2.91981,57.16671,57.16671,-2.91981,-2.91981,1.6,1.6,SNPP,0,0,1
5425,2016-12-06,2016-12-06,1,1,53.401,-1.92584,53.401,53.401,-1.92584,-1.92584,2.35,2.35,SNPP,0,0,1
5426,2016-12-11,2016-12-11,1,3,52.26283,-1.76449,52.26191,52.2637,-1.76509,-1.7639,1.06,2.61,SNPP,0,3,1
5427,2016-12-11,2016-12-11,1,1,51.67432,-0.65878,51.67432,51.67432,-0.65878,-0.65878,2.59,2.59,SNPP,0,0,1
5428,2016-12-12,2016-12-12,1,1,52.08591,-3.31376,52.08591,52.08591,-3.31376,-3.31376,0.73,0.73,SNPP,0,1,1
5429,2016-12-12,2016-12-12,1,1,57.26815,-2.91163,57.26815,57.26815,-2.91163,-2.91163,5.71,5.71,SNPP,0,0,1
5430,2016-12-17,2016-12-17,1,1,53.64811,-2.86086,53.64811,53.64811,-2.86086,-2.86086,0.47,0.47,SNPP,0,1,1
5431,2016-12-19,2016-12-19,1,1,54.60311,-1.17724,54.60311,54.60311,-1.17724,-1.17724,1.65,1.65,SNPP,0,1,1
5432,2016-12-27,2016-12-27,1,1,55.93584,-3.73701,55.93584,55.93584,-3.73701,-3.73701,0.59,0.59,SNPP,0,1,1
5433,2016-12-27,2016-12-27,1,3,54.36272,-0.99213,54.36132,54.36456,-0.99511,-0.98774,4.45,12.6,SNPP,0,0,1
5434,2016-12-27,2016-12-27,1,1,54.38785,-1.07735,54.38785,54.38785,-1.07735,-1.07735,3.03,3.03,SNPP,0,0,1
5435,2016-12-28,2016-12-28,1,1,54.10454,-3.18827,54.10454,54.10454,-3.18827,-3.18827,1.15,1.15,SNPP,0,1,1
5436,2016-12-29,2016-12-29,1,1,53.62782,-2.12865,53.62782,53.62782,-2.12865,-2.12865,0.76,0.76,SNPP,0,1,1
5437,2016-12-29,2016-12-29,1,4,53.63906,-1.71409,53.63687,53.64199,-1.71653,-1.71277,1.92,5.11,SNPP,0,4,1
5438,2016-12-29,2016-12-30,2,2,54.43636,-0.91152,54.43177,54.44096,-0.91256,-0.91048,2.88,4.83,SNPP,0,0,2
5439,2016-12-29,2016-12-29,1,1,54.4637,-1.02664,54.4637,54.4637,-1.02664,-1.02664,4.57,4.57,SNPP,0,0,1
5440,2016-12-29,2016-12-31,2,2,54.48866,-0.91154,54.48661,54.49072,-0.91725,-0.90583,11.86,15.56,SNPP,0,0,3
5441,2016-12-29,2016-12-29,1,1,54.50086,-0.97367,54.50086,54.50086,-0.97367,-0.97367,3.2,3.2,SNPP,0,0,1
5442,2016-12-31,2016-12-31,1,2,50.26066,-5.06738,50.25956,50.26175,-5.06746,-5.06729,0.6,0.95,SNPP,0,2,1
5443,2016-12-31,2016-12-31,1,1,53.80061,-1.76312,53.80061,53.80061,-1.76312,-1.76312,0.71,0.71,SNPP,0,1,1
5444,2017-01-02,2017-01-02,1,1,52.13912,-2.0489,52.13912,52.13912,-2.0489,-2.0489,1.09,1.09,SNPP,0,1,1
5445,2017-01-04,2017-01-04,1,4,51.20717,-2.1775,51.20367,51.20942,-2.18375,-2.17186,3.88,9.25,SNPP,0,4,1
5446,2017-01-05,2017-01-05,1,4,52.0402,-2.83938,52.03851,52.04309,-2.84256,-2.83802,3.36,7.31,SNPP,0,4,1
5447,2017-01-05,2017-01-05,1,1,52.13808,-2.04579,52.13808,52.13808,-2.04579,-2.04579,6.27,6.27,SNPP,0,0,1
5448,2017-01-05,2017-01-05,1,1,54.2059,-2.01695,54.2059,54.2059,-2.01695,-2.01695,3.42,3.42,SNPP,0,0,1
5449,2017-01-08,2017-01-08,1,1,57.42466,-3.88719,57.42466,57.42466,-3.88719,-3.88719,3.77,3.77,SNPP,0,0,1
5450,2017-01-09,2017-01-09,1,1,57.26661,-2.90748,57.26661,57.26661,-2.90748,-2.90748,3.55,3.55,SNPP,0,0,1
5451,2017-01-11,2017-01-11,1,1,54.34896,-6.3976,54.34896,54.34896,-6.3976,-6.3976,1.57,1.57,SNPP,0,0,1
5452,2017-01-12,2017-01-12,1,2,52.57366,-0.60355,52.57273,52.5746,-0.60405,-0.60305,1.09,1.64,SNPP,0,2,1
5453,2017-01-12,2017-01-12,1,2,57.26746,-2.90708,57.26585,57.26908,-2.90799,-2.90616,1.76,3.22,SNPP,0,0,1
5454,2017-01-14,2017-01-14,1,1,54.60336,-1.17694,54.60336,54.60336,-1.17694,-1.17694,1.01,1.01,SNPP,0,1,1
5455,2017-01-14,2017-01-14,1,1,52.75713,0.22802,52.75713,52.75713,0.22802,0.22802,2.91,2.91,SNPP,0,0,1
5456,2017-01-17,2017-01-17,1,1,51.35708,-0.47238,51.35708,51.35708,-0.47238,-0.47238,1.41,1.41,SNPP,0,0,1
5457,2017-01-19,2017-01-19,1,1,57.26893,-2.90594,57.26893,57.26893,-2.90594,-2.90594,5.9,5.9,SNPP,0,0,1
5458,2017-01-19,2017-01-19,1,1,57.20786,-3.3745,57.20786,57.20786,-3.3745,-3.3745,5.76,5.76,SNPP,0,0,1
5459,2017-01-20,2017-01-20,1,1,56.84401,-2.35026,56.84401,56.84401,-2.35026,-2.35026,4.61,4.61,SNPP,0,0,1
5460,2017-01-21,2017-01-21,1,1,53.7942,-0.73621,53.7942,53.7942,-0.73621,-0.73621,0.71,0.71,SNPP,0,1,1
5461,2017-01-22,2017-01-22,1,1,51.66604,-0.66554,51.66604,51.66604,-0.66554,-0.66554,0.45,0.45,SNPP,0,1,1
5462,2017-01-22,2017-01-28,6,16,52.71062,0.42541,52.70815,52.71269,0.41992,0.43144,6.41,51.77,SNPP,0,10,7
5463,2017-01-24,2017-01-24,1,1,51.3543,-0.47461,51.3543,51.3543,-0.47461,-0.47461,2.63,2.63,SNPP,0,0,1
5464,2017-01-24,2017-01-24,1,1,51.56944,-0.29804,51.56944,51.56944,-0.29804,-0.29804,5.46,5.46,SNPP,0,0,1
5465,2017-01-24,2017-01-24,1,1,57.00059,-2.81009,57.00059,57.00059,-2.81009,-2.81009,5.11,5.11,SNPP,0,0,1
5466,2017-01-25,2017-01-25,1,1,53.73334,-1.54329,53.73334,53.73334,-1.54329,-1.54329,1.07,1.07,SNPP,0,1,1
5467,2017-01-25,2017-01-25,1,1,50.81935,-2.81666,50.81935,50.81935,-2.81666,-2.81666,1.55,1.55,SNPP,0,0,1
5468,2017-01-26,2017-01-26,1,2,54.90252,-2.20113,54.90166,54.90337,-2.20374,-2.19852,3.02,6.04,SNPP,0,0,1
5469,2017-01-26,2017-01-26,1,2,55.77477,-2.42492,55.77444,55.7751,-2.42584,-2.42399,3.57,6.9,SNPP,0,0,1
5470,2017-01-26,2017-01-27,2,3,57.10943,-3.2918,57.10877,57.11032,-3.29453,-3.28667,3.87,9.46,SNPP,0,0,2
5471,2017-01-26,2017-01-26,1,1,55.43714,-2.56759,55.43714,55.43714,-2.56759,-2.56759,2.91,2.91,SNPP,0,0,1
5472,2017-01-26,2017-01-26,1,1,55.85482,-2.71911,55.85482,55.85482,-2.71911,-2.71911,5.86,5.86,SNPP,0,0,1
5473,2017-01-27,2017-01-27,1,1,54.88582,-2.40587,54.88582,54.88582,-2.40587,-2.40587,11.15,11.15,SNPP,0,0,1
5474,2017-01-30,2017-01-30,1,1,57.28066,-2.6696,57.28066,57.28066,-2.6696,-2.6696,2.32,2.32,SNPP,0,0,1
5475,2017-02-03,2017-02-04,2,3,52.71126,0.42471,52.70938,52.71264,0.42371,0.42596,1.18,2.49,SNPP,0,3,2
5476,2017-02-05,2017-02-05,1,1,51.85955,0.58665,51.85955,51.85955,0.58665,0.58665,4.41,4.41,SNPP,0,1,1
5477,2017-02-05,2017-02-05,1,1,53.04478,-2.1512,53.04478,53.04478,-2.1512,-2.1512,2.75,2.75,SNPP,0,0,1
5478,2017-02-12,2017-02-12,1,2,57.6383,-7.2322,57.63627,57.64034,-7.23356,-7.23084,1.18,1.96,SNPP,0,2,1
5479,2017-02-12,2017-02-13,2,5,57.12366,-7.3092,57.11852,57.12756,-7.3158,-7.3058,11.77,28.08,SNPP,0,1,2
5480,2017-02-12,2017-02-12,1,1,57.4155,-7.24034,57.4155,57.4155,-7.24034,-7.24034,2.72,2.72,SNPP,0,0,1
5481,2017-02-13,2017-02-13,1,2,56.9858,-5.7893,56.98415,56.98746,-5.79038,-5.78822,7.73,15.46,SNPP,0,0,1
5482,2017-02-13,2017-02-14,2,6,57.25079,-6.3942,57.24671,57.25653,-6.41059,-6.38171,7.47,28.83,SNPP,0,2,2
5483,2017-02-13,2017-02-14,2,2,57.59018,-6.38793,57.58885,57.5915,-6.38926,-6.3866,2.29,3.06,SNPP,0,1,2
5484,2017-02-13,2017-02-13,1,1,50.84795,-1.7303,50.84795,50.84795,-1.7303,-1.7303,7.99,7.99,SNPP,0,0,1
5485,2017-02-13,2017-02-14,2,4,57.12284,-5.89602,57.11847,57.12611,-5.90411,-5.88374,9.37,23.73,SNPP,0,0,2
5486,2017-02-13,2017-02-14,2,10,57.38949,-6.42258,57.38308,57.39388,-6.43161,-6.41383,7.66,25.77,SNPP,0,5,2
5487,2017-02-14,2017-02-14,1,2,51.35328,-2.26661,51.35163,51.35493,-2.26737,-2.26586,9.37,14.45,SNPP,0,2,1
5488,2017-02-14,2017-02-14,1,1,57.33377,-7.33303,57.33377,57.33377,-7.33303,-7.33303,2.13,2.13,SNPP,0,0,1
5489,2017-02-14,2017-02-14,1,3,57.37518,-6.70993,57.37211,57.37743,-6.71267,-6.70685,7.26,16.13,SNPP,0,0,1
5490,2017-02-14,2017-02-14,1,2,57.9017,-5.404,57.90048,57.90291,-5.40437,-5.40364,5.45,7.95,SNPP,0,0,1
5491,2017-02-14,2017-02-14,1,4,57.93458,-6.57071,57.92657,57.93935,-6.57599,-6.56789,16.45,41.17,SNPP,0,0,1
5492,2017-02-14,2017-02-14,1,4,57.93945,-6.6508,57.93745,57.94117,-6.6551,-6.64459,10.39,25.0,SNPP,0,0,1
5493,2017-02-14,2017-02-14,1,1,57.4082,-6.46135,57.4082,57.4082,-6.46135,-6.46135,3.63,3.63,SNPP,0,0,1
5494,2017-02-14,2017-02-14,1,1,57.41374,-6.06092,57.41374,57.41374,-6.06092,-6.06092,3.81,3.81,SNPP,0,0,1
5495,2017-02-14,2017-02-14,1,13,57.66273,-6.33439,57.65232,57.67253,-6.3499,-6.31876,11.83,72.69,SNPP,0,0,1
5496,2017-02-14,2017-02-14,1,3,57.88121,-5.30139,57.8794,57.88473,-5.30748,-5.29566,29.59,71.58,SNPP,1,0,1
5497,2017-02-15,2017-02-15,1,1,55.66316,-3.51136,55.66316,55.66316,-3.51136,-3.51136,7.53,7.53,SNPP,0,0,1
5498,2017-02-15,2017-02-15,1,2,57.37713,-3.3074,57.37582,57.37844,-3.30887,-3.30592,5.86,8.5,SNPP,0,0,1
5499,2017-02-15,2017-02-15,1,1,57.46257,-6.17182,57.46257,57.46257,-6.17182,-6.17182,3.79,3.79,SNPP,0,0,1
5500,2017-02-15,2017-02-15,1,1,57.49948,-4.61884,57.49948,57.49948,-4.61884,-4.61884,15.43,15.43,SNPP,0,0,1
5501,2017-02-17,2017-02-17,1,2,54.39425,-0.52066,54.39243,54.39607,-0.52122,-0.5201,4.67,7.61,SNPP,0,0,1
5502,2017-02-18,2017-02-18,1,1,51.29339,0.51534,51.29339,51.29339,0.51534,0.51534,2.89,2.89,SNPP,0,0,1
5503,2017-02-19,2017-02-19,1,1,54.36764,-0.72453,54.36764,54.36764,-0.72453,-0.72453,4.5,4.5,SNPP,0,0,1
5504,2017-02-20,2017-02-20,1,1,57.25993,-3.08542,57.25993,57.25993,-3.08542,-3.08542,2.95,2.95,SNPP,0,0,1
5505,2017-02-20,2017-02-20,1,1,56.92036,-3.01021,56.92036,56.92036,-3.01021,-3.01021,6.16,6.16,SNPP,0,0,1
5506,2017-02-20,2017-02-20,1,1,57.04101,-2.99926,57.04101,57.04101,-2.99926,-2.99926,1.56,1.56,SNPP,0,0,1
5507,2017-02-21,2017-02-21,1,1,57.09597,-3.265,57.09597,57.09597,-3.265,-3.265,7.89,7.89,SNPP,0,0,1
5508,2017-02-22,2017-02-24,2,9,53.62757,-1.00742,53.62366,53.63114,-1.01364,-1.00035,18.11,56.29,SNPP,1,8,3
5509,2017-02-23,2017-02-23,1,1,51.35609,-0.47362,51.35609,51.35609,-0.47362,-0.47362,3.38,3.38,SNPP,0,0,1
5510,2017-02-23,2017-02-23,1,1,51.50645,0.44606,51.50645,51.50645,0.44606,0.44606,1.73,1.73,SNPP,0,0,1
5511,2017-02-26,2017-02-26,1,1,52.82476,-2.19244,52.82476,52.82476,-2.19244,-2.19244,0.96,0.96,SNPP,0,1,1
5512,2017-02-28,2017-02-28,1,1,52.1364,-2.05266,52.1364,52.1364,-2.05266,-2.05266,1.11,1.11,SNPP,0,1,1
5513,2017-02-28,2017-03-03,3,4,56.93502,-2.84762,56.92981,56.93781,-2.85823,-2.82695,3.24,10.95,SNPP,0,0,4
5514,2017-03-01,2017-03-01,1,1,56.83989,-2.73491,56.83989,56.83989,-2.73491,-2.73491,2.54,2.54,SNPP,0,0,1
5515,2017-03-01,2017-03-01,1,2,56.98594,-3.44289,56.98589,56.98599,-3.44386,-3.44192,5.52,11.01,SNPP,0,0,1
5516,2017-03-02,2017-03-02,1,2,56.81295,-2.82455,56.81287,56.81303,-2.82465,-2.82445,3.14,5.65,SNPP,0,0,1
5517,2017-03-02,2017-03-02,1,1,54.82025,-1.98741,54.82025,54.82025,-1.98741,-1.98741,3.81,3.81,SNPP,0,0,1
5518,2017-03-02,2017-03-02,1,1,56.83267,-2.77257,56.83267,56.83267,-2.77257,-2.77257,2.66,2.66,SNPP,0,0,1
5519,2017-03-02,2017-03-02,1,2,56.95435,-3.10418,56.95238,56.95632,-3.10419,-3.10418,9.99,18.53,SNPP,0,0,1
5520,2017-03-02,2017-03-02,1,1,57.41126,-3.18342,57.41126,57.41126,-3.18342,-3.18342,4.83,4.83,SNPP,0,0,1
5521,2017-03-03,2017-03-03,1,4,56.7192,-3.15523,56.71642,56.72127,-3.15682,-3.15412,8.62,26.73,SNPP,0,0,1
5522,2017-03-03,2017-03-03,1,1,56.87346,-2.83319,56.87346,56.87346,-2.83319,-2.83319,7.94,7.94,SNPP,0,0,1
5523,2017-03-03,2017-03-03,1,2,57.0668,-3.25732,57.06592,57.06769,-3.25807,-3.25656,6.51,11.78,SNPP,0,0,1
5524,2017-03-03,2017-03-03,1,3,56.82568,-3.10638,56.82381,56.82824,-3.11418,-3.10215,4.66,12.76,SNPP,0,0,1
5525,2017-03-03,2017-03-03,1,3,56.84189,-3.0725,56.83994,56.84476,-3.07421,-3.07158,12.61,27.87,SNPP,0,0,1
5526,2017-03-03,2017-03-03,1,1,56.93508,-3.39476,56.93508,56.93508,-3.39476,-3.39476,8.43,8.43,SNPP,0,0,1
5527,2017-03-04,2017-03-04,1,1,51.42727,-3.49848,51.42727,51.42727,-3.49848,-3.49848,0.58,0.58,SNPP,0,1,1
5528,2017-03-05,2017-03-05,1,1,55.26313,-4.82784,55.26313,55.26313,-4.82784,-4.82784,0.61,0.61,SNPP,0,1,1
5529,2017-03-07,2017-03-07,1,1,54.16294,-1.74546,54.16294,54.16294,-1.74546,-1.74546,5.32,5.32,SNPP,0,0,1
5530,2017-03-07,2017-03-07,1,1,54.36121,-0.79055,54.36121,54.36121,-0.79055,-0.79055,5.7,5.7,SNPP,0,0,1
5531,2017-03-07,2017-03-07,1,1,54.36452,-1.15852,54.36452,54.36452,-1.15852,-1.15852,2.74,2.74,SNPP,0,0,1
5532,2017-03-07,2017-03-07,1,1,54.36697,-1.011,54.36697,54.36697,-1.011,-1.011,2.7,2.7,SNPP,0,0,1
5533,2017-03-07,2017-03-07,1,1,54.3758,-0.79165,54.3758,54.3758,-0.79165,-0.79165,5.53,5.53,SNPP,0,0,1
5534,2017-03-07,2017-03-07,1,1,54.37861,-0.8349,54.37861,54.37861,-0.8349,-0.8349,1.93,1.93,SNPP,0,0,1
5535,2017-03-07,2017-03-07,1,1,54.4968,-0.84039,54.4968,54.4968,-0.84039,-0.84039,3.15,3.15,SNPP,0,0,1
5536,2017-03-07,2017-03-07,1,1,57.39888,-3.25762,57.39888,57.39888,-3.25762,-3.25762,9.04,9.04,SNPP,0,0,1
5537,2017-03-09,2017-03-09,1,2,50.87018,-0.8487,50.86995,50.8704,-0.85209,-0.8453,5.01,10.02,SNPP,0,0,1
5538,2017-03-09,2017-03-09,1,1,54.23644,-1.77869,54.23644,54.23644,-1.77869,-1.77869,2.68,2.68,SNPP,0,0,1
5539,2017-03-09,2017-03-09,1,1,54.34775,-1.16219,54.34775,54.34775,-1.16219,-1.16219,4.02,4.02,SNPP,0,0,1
5540,2017-03-09,2017-03-09,1,1,54.61255,-1.94808,54.61255,54.61255,-1.94808,-1.94808,1.93,1.93,SNPP,0,0,1
5541,2017-03-09,2017-03-09,1,1,54.87494,-2.05648,54.87494,54.87494,-2.05648,-2.05648,3.37,3.37,SNPP,0,0,1
5542,2017-03-09,2017-03-09,1,1,57.28334,-2.8216,57.28334,57.28334,-2.8216,-2.8216,1.77,1.77,SNPP,0,0,1
5543,2017-03-13,2017-03-13,1,1,57.28407,-2.836,57.28407,57.28407,-2.836,-2.836,4.85,4.85,SNPP,0,0,1
5544,2017-03-13,2017-03-13,1,1,54.18093,-1.72354,54.18093,54.18093,-1.72354,-1.72354,3.99,3.99,SNPP,0,0,1
5545,2017-03-14,2017-03-14,1,1,53.38735,-1.41333,53.38735,53.38735,-1.41333,-1.41333,0.64,0.64,SNPP,0,1,1
5546,2017-03-14,2017-03-14,1,1,54.08015,-6.10601,54.08015,54.08015,-6.10601,-6.10601,4.77,4.77,SNPP,0,0,1
5547,2017-03-14,2017-03-14,1,1,54.35243,-1.18133,54.35243,54.35243,-1.18133,-1.18133,2.3,2.3,SNPP,0,0,1
5548,2017-03-14,2017-03-14,1,2,54.82107,-1.94948,54.82062,54.82152,-1.94996,-1.949,13.9,20.67,SNPP,0,0,1
5549,2017-03-14,2017-03-14,1,2,55.74638,-2.44844,55.74625,55.74652,-2.44851,-2.44836,3.16,5.23,SNPP,0,0,1
5550,2017-03-14,2017-03-14,1,1,53.37976,-1.62803,53.37976,53.37976,-1.62803,-1.62803,7.04,7.04,SNPP,0,0,1
5551,2017-03-14,2017-03-14,1,1,54.2331,-1.76981,54.2331,54.2331,-1.76981,-1.76981,3.34,3.34,SNPP,0,0,1
5552,2017-03-14,2017-03-15,2,5,54.39375,-1.05637,54.39119,54.39771,-1.0595,-1.05418,4.17,19.84,SNPP,0,0,2
5553,2017-03-14,2017-03-14,1,1,55.84213,-2.73609,55.84213,55.84213,-2.73609,-2.73609,3.05,3.05,SNPP,0,0,1
5554,2017-03-14,2017-03-14,1,1,55.86519,-2.65512,55.86519,55.86519,-2.65512,-2.65512,9.71,9.71,SNPP,0,0,1
5555,2017-03-14,2017-03-14,1,2,55.89542,-2.59023,55.89404,55.8968,-2.59044,-2.59003,7.57,14.37,SNPP,0,0,1
5556,2017-03-15,2017-03-15,1,3,54.4317,-0.68176,54.42933,54.43435,-0.68218,-0.68116,4.11,10.09,SNPP,0,0,1
5557,2017-03-15,2017-03-15,1,1,50.77903,-1.47991,50.77903,50.77903,-1.47991,-1.47991,3.89,3.89,SNPP,0,0,1
5558,2017-03-15,2017-03-15,1,1,54.355,-0.80606,54.355,54.355,-0.80606,-0.80606,2.68,2.68,SNPP,0,0,1
5559,2017-03-15,2017-03-15,1,1,54.37114,-0.81023,54.37114,54.37114,-0.81023,-0.81023,2.39,2.39,SNPP,0,0,1
5560,2017-03-16,2017-03-16,1,1,51.26391,0.99724,51.26391,51.26391,0.99724,0.99724,0.64,0.64,SNPP,0,1,1
5561,2017-03-16,2017-03-16,1,1,51.63228,0.20668,51.63228,51.63228,0.20668,0.20668,4.02,4.02,SNPP,0,0,1
5562,2017-03-16,2017-03-16,1,1,53.23123,-3.91985,53.23123,53.23123,-3.91985,-3.91985,18.59,18.59,SNPP,0,0,1
5563,2017-03-16,2017-03-16,1,1,53.28719,-3.22477,53.28719,53.28719,-3.22477,-3.22477,1.97,1.97,SNPP,0,0,1
5564,2017-03-16,2017-03-16,1,1,53.66195,-0.14538,53.66195,53.66195,-0.14538,-0.14538,2.08,2.08,SNPP,0,0,1
5565,2017-03-16,2017-03-16,1,1,54.73205,-1.31891,54.73205,54.73205,-1.31891,-1.31891,1.91,1.91,SNPP,0,0,1
5566,2017-03-17,2017-03-17,1,1,53.16714,-0.5594,53.16714,53.16714,-0.5594,-0.5594,0.71,0.71,SNPP,0,1,1
5567,2017-03-18,2017-03-18,1,2,51.93829,0.10076,51.93786,51.93872,0.10058,0.10095,0.98,1.52,SNPP,0,2,1
5568,2017-03-18,2017-03-18,1,1,57.60614,-4.50781,57.60614,57.60614,-4.50781,-4.50781,1.6,1.6,SNPP,0,1,1
5569,2017-03-20,2017-03-20,1,1,57.01877,-2.76853,57.01877,57.01877,-2.76853,-2.76853,3.71,3.71,SNPP,0,0,1
5570,2017-03-21,2017-03-21,1,3,51.93757,0.10262,51.93583,51.93858,0.10204,0.10298,1.02,2.3,SNPP,0,3,1
5571,2017-03-21,2017-03-21,1,1,55.71571,-2.48242,55.71571,55.71571,-2.48242,-2.48242,4.23,4.23,SNPP,0,0,1
5572,2017-03-21,2017-03-21,1,2,55.78617,-2.29208,55.78442,55.78792,-2.29271,-2.29145,3.24,6.48,SNPP,0,0,1
5573,2017-03-23,2017-03-23,1,1,53.75939,-0.01782,53.75939,53.75939,-0.01782,-0.01782,1.94,1.94,SNPP,0,0,1
5574,2017-03-23,2017-03-23,1,1,57.39718,-3.61607,57.39718,57.39718,-3.61607,-3.61607,2.15,2.15,SNPP,0,0,1
5575,2017-03-23,2017-03-23,1,10,57.5208,-7.19502,57.51634,57.5277,-7.19856,-7.18793,12.02,79.77,SNPP,0,0,1
5576,2017-03-24,2017-03-24,1,1,51.63761,0.58462,51.63761,51.63761,0.58462,0.58462,0.42,0.42,SNPP,0,1,1
5577,2017-03-24,2017-03-24,1,1,52.43021,0.52538,52.43021,52.43021,0.52538,0.52538,1.31,1.31,SNPP,0,0,1
5578,2017-03-24,2017-03-24,1,1,53.24262,-1.05735,53.24262,53.24262,-1.05735,-1.05735,1.99,1.99,SNPP,0,0,1
5579,2017-03-24,2017-03-24,1,1,53.36194,-1.68966,53.36194,53.36194,-1.68966,-1.68966,2.28,2.28,SNPP,0,0,1
5580,2017-03-24,2017-03-25,2,2,54.12973,-1.72366,54.12902,54.13044,-1.72595,-1.72138,2.65,4.58,SNPP,0,0,2
5581,2017-03-24,2017-03-25,2,2,54.1361,-1.75837,54.13099,54.1412,-1.76172,-1.75502,4.22,6.92,SNPP,0,0,2
5582,2017-03-24,2017-03-24,1,1,54.16526,-1.76505,54.16526,54.16526,-1.76505,-1.76505,3.59,3.59,SNPP,0,0,1
5583,2017-03-24,2017-03-24,1,1,54.36398,-1.07156,54.36398,54.36398,-1.07156,-1.07156,2.8,2.8,SNPP,0,0,1
5584,2017-03-24,2017-03-24,1,1,54.37068,-1.19096,54.37068,54.37068,-1.19096,-1.19096,3.02,3.02,SNPP,0,0,1
5585,2017-03-25,2017-03-25,1,1,52.1811,-3.82875,52.1811,52.1811,-3.82875,-3.82875,0.97,0.97,SNPP,0,1,1
5586,2017-03-25,2017-03-25,1,1,54.05589,-2.44579,54.05589,54.05589,-2.44579,-2.44579,1.65,1.65,SNPP,0,0,1
5587,2017-03-25,2017-03-26,2,3,54.22678,-1.83985,54.22282,54.23232,-1.84468,-1.83037,6.92,16.0,SNPP,0,0,2
5588,2017-03-25,2017-03-25,1,1,54.46157,-0.99751,54.46157,54.46157,-0.99751,-0.99751,5.74,5.74,SNPP,0,0,1
5589,2017-03-25,2017-03-25,1,2,54.50817,-0.97622,54.506,54.51033,-0.97809,-0.97436,4.31,8.27,SNPP,0,0,1
5590,2017-03-25,2017-03-26,2,4,54.81166,-2.057,54.80378,54.82077,-2.06211,-2.05199,9.13,25.08,SNPP,0,0,2
5591,2017-03-25,2017-03-27,2,4,55.84147,-2.60338,55.83878,55.84579,-2.61053,-2.59274,6.4,18.97,SNPP,0,0,3
5592,2017-03-25,2017-03-25,1,3,55.85001,-2.62978,55.84917,55.85093,-2.6314,-2.62888,9.65,23.57,SNPP,0,0,1
5593,2017-03-25,2017-03-26,2,2,56.42026,-3.90436,56.41888,56.42165,-3.90774,-3.90097,4.13,7.29,SNPP,0,0,2
5594,2017-03-25,2017-03-25,1,2,56.47564,-5.74488,56.47546,56.47583,-5.74542,-5.74433,3.59,5.68,SNPP,0,0,1
5595,2017-03-25,2017-03-25,1,1,56.64389,-3.54214,56.64389,56.64389,-3.54214,-3.54214,3.65,3.65,SNPP,0,0,1
5596,2017-03-25,2017-03-25,1,1,56.81042,-2.87091,56.81042,56.81042,-2.87091,-2.87091,5.87,5.87,SNPP,0,0,1
5597,2017-03-25,2017-03-25,1,3,56.81384,-2.98183,56.81163,56.81525,-2.98719,-2.97173,5.67,12.92,SNPP,0,0,1
5598,2017-03-25,2017-03-25,1,3,56.84938,-3.08392,56.84839,56.85091,-3.08763,-3.0787,6.05,16.13,SNPP,0,0,1
5599,2017-03-25,2017-03-25,1,2,57.4415,-3.90087,57.44147,57.44153,-3.90287,-3.89887,3.0,5.79,SNPP,0,0,1
5600,2017-03-25,2017-03-27,2,2,58.11718,-3.70123,58.11399,58.12036,-3.70869,-3.69377,8.08,12.62,SNPP,0,0,3
5601,2017-03-25,2017-03-25,1,3,58.25615,-3.5049,58.25309,58.25815,-3.50857,-3.50106,8.32,14.17,SNPP,0,0,1
5602,2017-03-25,2017-03-27,2,5,51.94977,-4.8919,51.93978,51.95446,-4.90159,-4.88582,6.09,26.34,SNPP,0,0,3
5603,2017-03-25,2017-03-25,1,1,53.63614,-2.25297,53.63614,53.63614,-2.25297,-2.25297,3.18,3.18,SNPP,0,0,1
5604,2017-03-25,2017-03-25,1,1,54.19885,-2.01482,54.19885,54.19885,-2.01482,-2.01482,3.2,3.2,SNPP,0,0,1
5605,2017-03-25,2017-03-25,1,1,54.43937,-7.34921,54.43937,54.43937,-7.34921,-7.34921,2.79,2.79,SNPP,0,0,1
5606,2017-03-25,2017-03-25,1,1,54.51386,-1.00968,54.51386,54.51386,-1.00968,-1.00968,3.75,3.75,SNPP,0,0,1
5607,2017-03-25,2017-03-26,2,3,54.87904,-2.16054,54.87697,54.88242,-2.16242,-2.15723,4.19,10.36,SNPP,0,0,2
5608,2017-03-25,2017-03-25,1,1,55.66441,-2.96013,55.66441,55.66441,-2.96013,-2.96013,2.12,2.12,SNPP,0,0,1
5609,2017-03-25,2017-03-26,2,3,55.81614,-2.6239,55.81573,55.81692,-2.62913,-2.61472,5.36,12.61,SNPP,0,0,2
5610,2017-03-25,2017-03-26,2,2,55.833,-2.7658,55.83257,55.83343,-2.77316,-2.75844,3.12,5.56,SNPP,0,0,2
5611,2017-03-25,2017-03-27,2,2,55.85911,-3.28078,55.85767,55.86055,-3.28142,-3.28014,3.52,5.91,SNPP,0,0,3
5612,2017-03-25,2017-03-25,1,1,55.89205,-2.6066,55.89205,55.89205,-2.6066,-2.6066,3.68,3.68,SNPP,0,0,1
5613,2017-03-25,2017-03-25,1,1,56.4645,-3.74209,56.4645,56.4645,-3.74209,-3.74209,2.36,2.36,SNPP,0,0,1
5614,2017-03-25,2017-03-25,1,1,56.60087,-3.90776,56.60087,56.60087,-3.90776,-3.90776,2.52,2.52,SNPP,0,0,1
5615,2017-03-25,2017-03-25,1,2,56.77128,-3.3087,56.77104,56.77152,-3.31214,-3.30525,5.37,10.74,SNPP,0,0,1
5616,2017-03-25,2017-03-25,1,1,56.98511,-7.38309,56.98511,56.98511,-7.38309,-7.38309,3.82,3.82,SNPP,0,0,1
5617,2017-03-25,2017-03-25,1,3,57.11134,-7.33839,57.10863,57.11309,-7.34148,-7.33372,8.49,22.99,SNPP,0,0,1
5618,2017-03-25,2017-03-25,1,6,57.17143,-2.88451,57.16977,57.17425,-2.88752,-2.87936,28.08,129.71,SNPP,0,0,1
5619,2017-03-25,2017-03-25,1,2,57.26225,-3.09226,57.2622,57.2623,-3.09287,-3.09165,12.95,20.34,SNPP,0,0,1
5620,2017-03-25,2017-03-25,1,1,57.29284,-3.91118,57.29284,57.29284,-3.91118,-3.91118,7.43,7.43,SNPP,0,0,1
5621,2017-03-25,2017-03-25,1,1,57.33912,-4.15058,57.33912,57.33912,-4.15058,-4.15058,2.81,2.81,SNPP,0,0,1
5622,2017-03-25,2017-03-25,1,2,57.41584,-4.0551,57.41375,57.41793,-4.05565,-4.05456,9.11,14.56,SNPP,0,0,1
5623,2017-03-25,2017-03-25,1,1,57.45156,-6.68537,57.45156,57.45156,-6.68537,-6.68537,2.46,2.46,SNPP,0,0,1
5624,2017-03-25,2017-03-25,1,1,57.74379,-5.06867,57.74379,57.74379,-5.06867,-5.06867,3.53,3.53,SNPP,0,0,1
5625,2017-03-26,2017-03-26,1,2,57.83677,-4.60216,57.83562,57.83792,-4.60262,-4.60171,1.35,1.87,SNPP,0,2,1
5626,2017-03-26,2017-03-26,1,3,58.26496,-4.14376,58.26307,58.26614,-4.14686,-4.14099,2.15,3.48,SNPP,0,3,1
5627,2017-03-26,2017-03-26,1,2,55.87798,-5.14552,55.87635,55.8796,-5.14644,-5.14461,2.88,3.75,SNPP,0,2,1
5628,2017-03-26,2017-03-26,1,1,51.37105,-0.31734,51.37105,51.37105,-0.31734,-0.31734,0.74,0.74,SNPP,0,1,1
5629,2017-03-26,2017-03-26,1,12,51.65799,-3.54823,51.65302,51.66308,-3.55998,-3.53779,5.74,36.7,SNPP,0,12,1
5630,2017-03-26,2017-03-26,1,3,52.32992,-3.28815,52.32778,52.33344,-3.29058,-3.2845,5.53,12.71,SNPP,0,1,1
5631,2017-03-26,2017-03-26,1,1,52.86549,-3.87189,52.86549,52.86549,-3.87189,-3.87189,3.56,3.56,SNPP,0,0,1
5632,2017-03-26,2017-03-26,1,4,53.94081,-2.66682,53.9389,53.94242,-2.66929,-2.66117,35.02,80.42,SNPP,1,0,1
5633,2017-03-26,2017-03-26,1,1,54.35936,-0.71117,54.35936,54.35936,-0.71117,-0.71117,2.7,2.7,SNPP,0,0,1
5634,2017-03-26,2017-03-26,1,1,54.38876,-2.10686,54.38876,54.38876,-2.10686,-2.10686,2.65,2.65,SNPP,0,0,1
5635,2017-03-26,2017-03-26,1,2,54.78681,-1.94984,54.78668,54.78694,-1.95054,-1.94913,2.83,4.74,SNPP,0,0,1
5636,2017-03-26,2017-03-26,1,2,54.83607,-2.28835,54.8338,54.83834,-2.28915,-2.28755,3.58,6.84,SNPP,0,0,1
5637,2017-03-26,2017-03-26,1,2,55.85288,-2.77546,55.85057,55.85518,-2.77581,-2.77511,15.41,18.56,SNPP,0,0,1
5638,2017-03-26,2017-03-26,1,7,55.88062,-5.18617,55.8749,55.88504,-5.19309,-5.17494,16.65,58.15,SNPP,0,0,1
5639,2017-03-26,2017-03-26,1,2,56.85198,-2.73204,56.85178,56.85218,-2.73307,-2.731,3.64,6.59,SNPP,0,0,1
5640,2017-03-26,2017-03-27,2,3,52.98263,-4.34522,52.98013,52.98684,-4.3493,-4.3402,6.38,13.89,SNPP,0,0,2
5641,2017-03-26,2017-03-27,2,10,53.00362,-3.21609,52.99744,53.00726,-3.22391,-3.20739,6.39,36.96,SNPP,0,9,2
5642,2017-03-26,2017-03-27,2,3,53.91513,-2.61449,53.91455,53.91579,-2.61861,-2.61192,7.9,18.4,SNPP,0,0,2
5643,2017-03-26,2017-03-26,1,1,53.9163,-2.09942,53.9163,53.9163,-2.09942,-2.09942,2.75,2.75,SNPP,0,0,1
5644,2017-03-26,2017-03-26,1,1,53.99742,-1.85875,53.99742,53.99742,-1.85875,-1.85875,3.73,3.73,SNPP,0,0,1
5645,2017-03-26,2017-03-26,1,1,54.07964,-2.47092,54.07964,54.07964,-2.47092,-2.47092,28.57,28.57,SNPP,0,0,1
5646,2017-03-26,2017-03-26,1,1,54.09571,-1.8365,54.09571,54.09571,-1.8365,-1.8365,2.09,2.09,SNPP,0,0,1
5647,2017-03-26,2017-03-26,1,1,54.23611,-7.17968,54.23611,54.23611,-7.17968,-7.17968,1.99,1.99,SNPP,0,0,1
5648,2017-03-26,2017-03-28,2,2,54.24172,-1.96088,54.2409,54.24255,-1.96468,-1.95709,4.09,7.0,SNPP,0,0,3
5649,2017-03-26,2017-03-26,1,1,54.34208,-1.85965,54.34208,54.34208,-1.85965,-1.85965,5.68,5.68,SNPP,0,0,1
5650,2017-03-26,2017-03-26,1,1,54.59739,-2.14355,54.59739,54.59739,-2.14355,-2.14355,3.7,3.7,SNPP,0,0,1
5651,2017-03-26,2017-03-27,2,3,54.66123,-2.00435,54.65725,54.66842,-2.01455,-1.99557,3.88,11.58,SNPP,0,0,2
5652,2017-03-26,2017-03-27,2,2,54.67454,-1.94708,54.67451,54.67457,-1.94783,-1.94634,3.99,7.12,SNPP,0,0,2
5653,2017-03-26,2017-03-26,1,1,54.67601,-2.03965,54.67601,54.67601,-2.03965,-2.03965,2.17,2.17,SNPP,0,0,1
5654,2017-03-26,2017-03-28,3,5,54.76313,-2.47694,54.76106,54.76717,-2.48872,-2.46367,5.0,19.79,SNPP,0,0,3
5655,2017-03-26,2017-03-27,2,2,54.80416,-2.1339,54.80133,54.807,-2.14098,-2.12681,2.85,4.49,SNPP,0,0,2
5656,2017-03-26,2017-03-26,1,1,54.85192,-2.23196,54.85192,54.85192,-2.23196,-2.23196,2.3,2.3,SNPP,0,0,1
5657,2017-03-26,2017-03-26,1,1,54.85427,-2.55643,54.85427,54.85427,-2.55643,-2.55643,3.44,3.44,SNPP,0,0,1
5658,2017-03-26,2017-03-26,1,4,54.86693,-4.27501,54.86226,54.8699,-4.27931,-4.27142,4.58,14.94,SNPP,0,0,1
5659,2017-03-26,2017-03-26,1,1,54.86581,-4.63024,54.86581,54.86581,-4.63024,-4.63024,2.51,2.51,SNPP,0,0,1
5660,2017-03-26,2017-03-26,1,1,54.91352,-2.38076,54.91352,54.91352,-2.38076,-2.38076,3.75,3.75,SNPP,0,0,1
5661,2017-03-26,2017-03-26,1,1,55.57835,-3.33693,55.57835,55.57835,-3.33693,-3.33693,2.21,2.21,SNPP,0,0,1
5662,2017-03-26,2017-03-26,1,2,55.70251,-2.69138,55.70134,55.70368,-2.69209,-2.69068,4.41,8.1,SNPP,0,0,1
5663,2017-03-26,2017-03-26,1,2,55.72302,-3.11956,55.72123,55.72481,-3.12011,-3.11902,12.51,18.75,SNPP,0,0,1
5664,2017-03-26,2017-03-26,1,1,55.78817,-2.49489,55.78817,55.78817,-2.49489,-2.49489,3.07,3.07,SNPP,0,0,1
5665,2017-03-26,2017-03-26,1,3,55.8823,-2.52921,55.88054,55.88501,-2.53406,-2.52631,3.8,11.4,SNPP,0,0,1
5666,2017-03-26,2017-03-27,2,4,55.88663,-3.2679,55.88326,55.89014,-3.27257,-3.26468,5.08,15.65,SNPP,0,0,2
5667,2017-03-26,2017-03-27,2,3,55.95803,-5.21371,55.953,55.96223,-5.21818,-5.21073,4.57,11.17,SNPP,0,0,2
5668,2017-03-26,2017-03-26,1,1,56.65222,-3.51585,56.65222,56.65222,-3.51585,-3.51585,5.46,5.46,SNPP,0,0,1
5669,2017-03-26,2017-03-27,2,2,56.76622,-3.14923,56.76319,56.76924,-3.15073,-3.14773,3.91,6.57,SNPP,0,0,2
5670,2017-03-26,2017-03-26,1,1,56.83562,-5.34888,56.83562,56.83562,-5.34888,-5.34888,4.96,4.96,SNPP,0,0,1
5671,2017-03-26,2017-03-26,1,1,56.92394,-3.06269,56.92394,56.92394,-3.06269,-3.06269,3.79,3.79,SNPP,0,0,1
5672,2017-03-26,2017-03-26,1,2,58.00522,-4.10778,58.0048,58.00563,-4.11163,-4.10394,8.42,12.49,SNPP,0,0,1
5673,2017-03-27,2017-03-27,1,1,54.83198,-7.31274,54.83198,54.83198,-7.31274,-7.31274,0.95,0.95,SNPP,0,1,1
5674,2017-03-27,2017-03-27,1,2,51.9996,-4.8384,51.99951,51.99968,-4.83987,-4.83692,2.22,3.16,SNPP,0,2,1
5675,2017-03-27,2017-03-27,1,4,51.82452,-3.78995,51.82334,51.8257,-3.7929,-3.78696,1.0,3.08,SNPP,0,4,1
5676,2017-03-27,2017-03-27,1,1,55.10899,-6.21261,55.10899,55.10899,-6.21261,-6.21261,0.82,0.82,SNPP,0,1,1
5677,2017-03-27,2017-03-27,1,1,54.63416,-2.00718,54.63416,54.63416,-2.00718,-2.00718,7.21,7.21,SNPP,0,0,1
5678,2017-03-27,2017-03-27,1,3,54.83323,-2.04589,54.83123,54.83543,-2.05055,-2.04322,7.0,17.06,SNPP,0,0,1
5679,2017-03-27,2017-03-27,1,1,55.28003,-3.67388,55.28003,55.28003,-3.67388,-3.67388,4.4,4.4,SNPP,0,0,1
5680,2017-03-27,2017-03-27,1,1,55.31683,-3.68897,55.31683,55.31683,-3.68897,-3.68897,5.06,5.06,SNPP,0,0,1
5681,2017-03-27,2017-03-27,1,2,55.86182,-2.68394,55.86036,55.86329,-2.68395,-2.68393,5.91,8.65,SNPP,0,0,1
5682,2017-03-27,2017-03-27,1,1,56.43813,-3.90572,56.43813,56.43813,-3.90572,-3.90572,8.16,8.16,SNPP,0,0,1
5683,2017-03-27,2017-03-27,1,1,57.38752,-3.6435,57.38752,57.38752,-3.6435,-3.6435,3.0,3.0,SNPP,0,0,1
5684,2017-03-27,2017-03-27,1,6,57.52423,-4.62674,57.52191,57.52735,-4.63591,-4.6199,13.9,46.61,SNPP,0,0,1
5685,2017-03-27,2017-03-27,1,1,50.34275,-5.01594,50.34275,50.34275,-5.01594,-5.01594,7.93,7.93,SNPP,0,0,1
5686,2017-03-27,2017-03-27,1,1,50.55964,-3.76062,50.55964,50.55964,-3.76062,-3.76062,3.75,3.75,SNPP,0,0,1
5687,2017-03-27,2017-03-27,1,1,50.69199,-3.91769,50.69199,50.69199,-3.91769,-3.91769,6.15,6.15,SNPP,0,0,1
5688,2017-03-27,2017-03-27,1,1,50.89325,-1.64681,50.89325,50.89325,-1.64681,-1.64681,2.65,2.65,SNPP,0,0,1
5689,2017-03-27,2017-03-27,1,1,51.23989,-0.97273,51.23989,51.23989,-0.97273,-0.97273,2.19,2.19,SNPP,0,0,1
5690,2017-03-27,2017-03-27,1,1,51.57233,-3.17631,51.57233,51.57233,-3.17631,-3.17631,3.0,3.0,SNPP,0,0,1
5691,2017-03-27,2017-03-27,1,1,51.76386,-4.03063,51.76386,51.76386,-4.03063,-4.03063,3.63,3.63,SNPP,0,0,1
5692,2017-03-27,2017-03-27,1,1,51.82795,-3.9332,51.82795,51.82795,-3.9332,-3.9332,2.88,2.88,SNPP,0,0,1
5693,2017-03-27,2017-03-27,1,2,51.97672,-4.73458,51.97507,51.97836,-4.7354,-4.73376,4.13,8.11,SNPP,0,0,1
5694,2017-03-27,2017-03-27,1,6,52.09376,-3.85929,52.09002,52.09751,-3.86366,-3.85494,7.68,36.66,SNPP,0,0,1
5695,2017-03-27,2017-03-27,1,4,52.13536,-3.91478,52.12669,52.14077,-3.91839,-3.91269,2.73,10.01,SNPP,0,0,1
5696,2017-03-27,2017-03-27,1,1,52.9595,-3.34684,52.9595,52.9595,-3.34684,-3.34684,1.11,1.11,SNPP,0,0,1
5697,2017-03-27,2017-03-27,1,1,52.97989,-3.9304,52.97989,52.97989,-3.9304,-3.9304,2.02,2.02,SNPP,0,0,1
5698,2017-03-27,2017-03-27,1,2,52.98329,-4.29829,52.98166,52.98492,-4.29908,-4.29751,4.77,9.54,SNPP,0,0,1
5699,2017-03-27,2017-03-27,1,1,53.0588,-4.25965,53.0588,53.0588,-4.25965,-4.25965,5.89,5.89,SNPP,0,0,1
5700,2017-03-27,2017-03-27,1,2,53.2077,-3.88968,53.20723,53.20818,-3.89249,-3.88687,2.11,4.22,SNPP,0,0,1
5701,2017-03-27,2017-03-27,1,1,53.47607,-1.7067,53.47607,53.47607,-1.7067,-1.7067,1.43,1.43,SNPP,0,0,1
5702,2017-03-27,2017-03-27,1,1,54.34664,-2.06514,54.34664,54.34664,-2.06514,-2.06514,1.77,1.77,SNPP,0,0,1
5703,2017-03-27,2017-03-27,1,1,54.41352,-2.28288,54.41352,54.41352,-2.28288,-2.28288,1.89,1.89,SNPP,0,0,1
5704,2017-03-27,2017-03-27,1,1,54.44044,-2.38154,54.44044,54.44044,-2.38154,-2.38154,3.63,3.63,SNPP,0,0,1
5705,2017-03-27,2017-03-28,2,2,54.49754,-2.01638,54.49693,54.49816,-2.01914,-2.01363,2.51,4.36,SNPP,0,0,2
5706,2017-03-27,2017-03-27,1,2,54.5198,-2.16555,54.51937,54.52023,-2.16849,-2.16261,3.61,6.12,SNPP,0,0,1
5707,2017-03-27,2017-03-27,1,2,54.5525,-2.36697,54.55207,54.55294,-2.36989,-2.36405,6.47,8.98,SNPP,0,0,1
5708,2017-03-27,2017-03-28,2,2,54.68261,-1.97786,54.68009,54.68513,-1.98181,-1.97392,4.92,6.43,SNPP,0,0,2
5709,2017-03-27,2017-03-27,1,1,54.75717,-1.97714,54.75717,54.75717,-1.97714,-1.97714,1.69,1.69,SNPP,0,0,1
5710,2017-03-27,2017-03-27,1,2,54.71419,-6.92576,54.71253,54.71585,-6.9267,-6.92483,4.04,7.08,SNPP,0,0,1
5711,2017-03-27,2017-03-27,1,1,54.75701,-2.51367,54.75701,54.75701,-2.51367,-2.51367,2.04,2.04,SNPP,0,0,1
5712,2017-03-27,2017-03-27,1,1,54.76659,-7.33468,54.76659,54.76659,-7.33468,-7.33468,15.13,15.13,SNPP,0,0,1
5713,2017-03-27,2017-03-27,1,1,54.78342,-1.97763,54.78342,54.78342,-1.97763,-1.97763,4.99,4.99,SNPP,0,0,1
5714,2017-03-27,2017-03-27,1,7,54.84774,-7.19724,54.84487,54.85157,-7.20263,-7.18989,6.33,32.93,SNPP,0,0,1
5715,2017-03-27,2017-03-27,1,1,54.85933,-3.01566,54.85933,54.85933,-3.01566,-3.01566,2.15,2.15,SNPP,0,0,1
5716,2017-03-27,2017-03-27,1,1,54.87717,-2.41816,54.87717,54.87717,-2.41816,-2.41816,2.08,2.08,SNPP,0,0,1
5717,2017-03-27,2017-03-27,1,1,54.90048,-2.5419,54.90048,54.90048,-2.5419,-2.5419,4.41,4.41,SNPP,0,0,1
5718,2017-03-27,2017-03-28,2,3,54.9243,-2.23215,54.92237,54.92636,-2.23689,-2.22496,6.09,11.75,SNPP,0,0,2
5719,2017-03-27,2017-03-27,1,4,54.94836,-4.33988,54.94553,54.95449,-4.34793,-4.33275,15.98,53.37,SNPP,0,0,1
5720,2017-03-27,2017-03-27,1,2,54.97218,-4.62216,54.96943,54.97492,-4.62673,-4.61758,5.89,11.26,SNPP,0,0,1
5721,2017-03-27,2017-03-27,1,1,54.99216,-2.97782,54.99216,54.99216,-2.97782,-2.97782,2.16,2.16,SNPP,0,0,1
5722,2017-03-27,2017-03-27,1,1,55.1501,-4.19158,55.1501,55.1501,-4.19158,-4.19158,5.85,5.85,SNPP,0,0,1
5723,2017-03-27,2017-03-27,1,1,55.34466,-1.85102,55.34466,55.34466,-1.85102,-1.85102,2.28,2.28,SNPP,0,0,1
5724,2017-03-27,2017-03-27,1,1,55.34695,-5.57993,55.34695,55.34695,-5.57993,-5.57993,6.82,6.82,SNPP,0,0,1
5725,2017-03-27,2017-03-27,1,2,55.4512,-3.74111,55.44958,55.45282,-3.74189,-3.74033,2.93,5.86,SNPP,0,0,1
5726,2017-03-27,2017-03-27,1,2,55.55,-3.70127,55.54839,55.55162,-3.70205,-3.70049,6.33,9.93,SNPP,0,0,1
5727,2017-03-27,2017-03-27,1,1,55.58482,-3.48732,55.58482,55.58482,-3.48732,-3.48732,11.2,11.2,SNPP,0,0,1
5728,2017-03-27,2017-03-27,1,1,55.6127,-3.16705,55.6127,55.6127,-3.16705,-3.16705,3.66,3.66,SNPP,0,0,1
5729,2017-03-27,2017-03-27,1,2,55.6401,-3.07718,55.63775,55.64244,-3.0847,-3.06965,4.13,6.91,SNPP,0,0,1
5730,2017-03-27,2017-03-27,1,4,55.64678,-2.97424,55.64472,55.64885,-2.97799,-2.97049,5.78,14.63,SNPP,0,0,1
5731,2017-03-27,2017-03-27,1,2,55.74106,-4.84127,55.73945,55.74268,-4.84212,-4.84042,7.31,9.64,SNPP,0,0,1
5732,2017-03-27,2017-03-27,1,1,55.76954,-3.98597,55.76954,55.76954,-3.98597,-3.98597,2.62,2.62,SNPP,0,0,1
5733,2017-03-27,2017-03-27,1,1,55.81291,-4.70317,55.81291,55.81291,-4.70317,-4.70317,4.32,4.32,SNPP,0,0,1
5734,2017-03-27,2017-03-28,2,5,55.8646,-5.60006,55.86179,55.86878,-5.60597,-5.5917,13.82,36.2,SNPP,0,1,2
5735,2017-03-27,2017-03-27,1,3,55.91389,-5.11452,55.91204,55.91523,-5.11655,-5.11096,15.03,28.16,SNPP,0,0,1
5736,2017-03-27,2017-03-27,1,1,56.09745,-4.10968,56.09745,56.09745,-4.10968,-4.10968,4.12,4.12,SNPP,0,0,1
5737,2017-03-27,2017-03-27,1,1,56.31845,-4.07195,56.31845,56.31845,-4.07195,-4.07195,3.46,3.46,SNPP,0,0,1
5738,2017-03-27,2017-03-27,1,1,56.33236,-6.29551,56.33236,56.33236,-6.29551,-6.29551,3.19,3.19,SNPP,0,0,1
5739,2017-03-27,2017-03-27,1,1,56.49372,-4.00489,56.49372,56.49372,-4.00489,-4.00489,1.38,1.38,SNPP,0,0,1
5740,2017-03-27,2017-03-27,1,1,56.72538,-3.70154,56.72538,56.72538,-3.70154,-3.70154,4.03,4.03,SNPP,0,0,1
5741,2017-03-27,2017-03-27,1,4,56.76973,-3.41498,56.76765,56.77181,-3.41891,-3.41105,9.77,26.94,SNPP,0,0,1
5742,2017-03-27,2017-03-27,1,1,56.76979,-3.73035,56.76979,56.76979,-3.73035,-3.73035,2.62,2.62,SNPP,0,0,1
5743,2017-03-27,2017-03-27,1,1,56.83252,-3.88198,56.83252,56.83252,-3.88198,-3.88198,3.37,3.37,SNPP,0,0,1
5744,2017-03-27,2017-03-27,1,1,56.87029,-3.44205,56.87029,56.87029,-3.44205,-3.44205,3.84,3.84,SNPP,0,0,1
5745,2017-03-27,2017-03-27,1,1,56.87778,-4.05911,56.87778,56.87778,-4.05911,-4.05911,5.55,5.55,SNPP,0,0,1
5746,2017-03-27,2017-03-27,1,1,56.95615,-4.13898,56.95615,56.95615,-4.13898,-4.13898,9.67,9.67,SNPP,0,0,1
5747,2017-03-27,2017-03-27,1,3,56.96262,-5.68949,56.96081,56.96519,-5.70222,-5.68001,9.77,22.97,SNPP,0,0,1
5748,2017-03-27,2017-03-27,1,1,56.97628,-3.63556,56.97628,56.97628,-3.63556,-3.63556,5.8,5.8,SNPP,0,0,1
5749,2017-03-27,2017-03-27,1,3,57.09964,-5.9794,57.09715,57.10141,-5.98211,-5.97588,13.59,22.9,SNPP,0,0,1
5750,2017-03-27,2017-03-28,2,4,57.2205,-3.97149,57.21766,57.22377,-3.97944,-3.96511,4.47,11.82,SNPP,0,0,2
5751,2017-03-27,2017-03-27,1,1,57.24715,-5.12832,57.24715,57.24715,-5.12832,-5.12832,2.33,2.33,SNPP,0,0,1
5752,2017-03-27,2017-03-27,1,1,57.37526,-4.07745,57.37526,57.37526,-4.07745,-4.07745,2.99,2.99,SNPP,0,0,1
5753,2017-03-27,2017-03-27,1,1,57.41244,-4.01554,57.41244,57.41244,-4.01554,-4.01554,8.71,8.71,SNPP,0,0,1
5754,2017-03-27,2017-03-28,2,2,57.47429,-3.4011,57.47146,57.47712,-3.40151,-3.4007,8.43,12.35,SNPP,0,0,2
5755,2017-03-27,2017-03-27,1,2,57.48459,-2.97654,57.48295,57.48623,-2.97731,-2.97578,6.53,10.71,SNPP,0,0,1
5756,2017-03-27,2017-03-27,1,1,57.74279,-5.70451,57.74279,57.74279,-5.70451,-5.70451,6.45,6.45,SNPP,0,0,1
5757,2017-03-27,2017-03-27,1,1,58.24004,-3.52606,58.24004,58.24004,-3.52606,-3.52606,3.62,3.62,SNPP,0,0,1
5758,2017-03-27,2017-03-27,1,1,56.8474,-4.27011,56.8474,56.8474,-4.27011,-4.27011,6.51,6.51,SNPP,0,0,1
5759,2017-03-27,2017-03-27,1,2,57.26412,-4.36988,57.26094,57.2673,-4.37259,-4.36717,10.38,16.09,SNPP,0,0,1
5760,2017-03-28,2017-03-28,1,3,55.8457,-5.62557,55.84386,55.84709,-5.62864,-5.62103,2.28,4.18,SNPP,0,3,1
5761,2017-03-28,2017-03-28,1,2,57.37453,-3.83184,57.37061,57.37846,-3.83275,-3.83092,4.42,6.6,SNPP,0,0,1
5762,2017-03-28,2017-03-28,1,3,57.41635,-3.23558,57.41308,57.41838,-3.24012,-3.23131,8.97,18.92,SNPP,0,0,1
5763,2017-03-28,2017-03-28,1,1,57.423,-3.68189,57.423,57.423,-3.68189,-3.68189,14.4,14.4,SNPP,0,0,1
5764,2017-03-28,2017-03-28,1,1,52.5297,-0.16663,52.5297,52.5297,-0.16663,-0.16663,2.01,2.01,SNPP,0,0,1
5765,2017-03-28,2017-03-28,1,1,52.90722,0.82935,52.90722,52.90722,0.82935,0.82935,1.73,1.73,SNPP,0,0,1
5766,2017-03-28,2017-03-28,1,1,52.91868,1.19057,52.91868,52.91868,1.19057,1.19057,1.42,1.42,SNPP,0,0,1
5767,2017-03-28,2017-03-28,1,1,54.11602,-1.9495,54.11602,54.11602,-1.9495,-1.9495,2.57,2.57,SNPP,0,0,1
5768,2017-03-28,2017-03-28,1,1,54.36093,-1.91487,54.36093,54.36093,-1.91487,-1.91487,2.2,2.2,SNPP,0,0,1
5769,2017-03-28,2017-03-28,1,1,54.48246,-1.88131,54.48246,54.48246,-1.88131,-1.88131,4.96,4.96,SNPP,0,0,1
5770,2017-03-28,2017-03-28,1,1,54.80893,-1.9893,54.80893,54.80893,-1.9893,-1.9893,4.38,4.38,SNPP,0,0,1
5771,2017-03-28,2017-03-28,1,1,54.85505,-2.30001,54.85505,54.85505,-2.30001,-2.30001,1.92,1.92,SNPP,0,0,1
5772,2017-03-28,2017-03-28,1,1,54.87038,-2.21869,54.87038,54.87038,-2.21869,-2.21869,2.63,2.63,SNPP,0,0,1
5773,2017-03-28,2017-03-28,1,1,54.89653,-2.40184,54.89653,54.89653,-2.40184,-2.40184,2.96,2.96,SNPP,0,0,1
5774,2017-03-28,2017-03-28,1,1,55.27518,-2.78771,55.27518,55.27518,-2.78771,-2.78771,2.16,2.16,SNPP,0,0,1
5775,2017-03-28,2017-03-28,1,1,57.09774,-4.11856,57.09774,57.09774,-4.11856,-4.11856,1.77,1.77,SNPP,0,0,1
5776,2017-03-28,2017-03-28,1,1,57.10144,-5.88519,57.10144,57.10144,-5.88519,-5.88519,4.18,4.18,SNPP,0,0,1
5777,2017-03-28,2017-03-28,1,2,57.2502,-3.32744,57.24778,57.25261,-3.32779,-3.3271,9.56,11.52,SNPP,0,0,1
5778,2017-03-28,2017-03-28,1,1,57.25056,-3.88991,57.25056,57.25056,-3.88991,-3.88991,2.05,2.05,SNPP,0,0,1
5779,2017-03-28,2017-03-28,1,1,57.41335,-3.52834,57.41335,57.41335,-3.52834,-3.52834,3.15,3.15,SNPP,0,0,1
5780,2017-03-28,2017-03-28,1,1,57.37601,-6.24706,57.37601,57.37601,-6.24706,-6.24706,2.33,2.33,SNPP,0,0,1
5781,2017-03-28,2017-03-28,1,1,57.51406,-7.22325,57.51406,57.51406,-7.22325,-7.22325,4.31,4.31,SNPP,0,0,1
5782,2017-03-28,2017-03-28,1,1,57.59229,-7.31792,57.59229,57.59229,-7.31792,-7.31792,5.76,5.76,SNPP,0,0,1
5783,2017-03-28,2017-03-28,1,3,57.60567,-6.23495,57.6029,57.6078,-6.23813,-6.23104,9.81,25.05,SNPP,0,0,1
5784,2017-03-28,2017-03-28,1,1,57.63873,-6.346,57.63873,57.63873,-6.346,-6.346,5.38,5.38,SNPP,0,0,1
5785,2017-03-28,2017-03-28,1,1,57.97607,-6.45018,57.97607,57.97607,-6.45018,-6.45018,3.89,3.89,SNPP,0,0,1
5786,2017-03-28,2017-03-28,1,1,57.99157,-6.46977,57.99157,57.99157,-6.46977,-6.46977,6.6,6.6,SNPP,0,0,1
5787,2017-03-28,2017-03-28,1,2,56.83418,-5.15122,56.83411,56.83425,-5.15132,-5.15111,6.15,8.74,SNPP,0,0,1
5788,2017-03-28,2017-03-28,1,1,56.97701,-4.16969,56.97701,56.97701,-4.16969,-4.16969,4.96,4.96,SNPP,0,0,1
5789,2017-03-28,2017-03-29,2,3,57.06219,-6.01158,57.06155,57.06347,-6.02611,-6.00067,6.9,15.47,SNPP,0,1,2
5790,2017-03-28,2017-03-28,1,2,57.69972,-6.31572,57.69972,57.69973,-6.3195,-6.31193,5.65,11.3,SNPP,0,0,1
5791,2017-03-29,2017-03-29,1,3,56.89112,-5.69099,56.88849,56.89287,-5.69558,-5.6878,2.27,6.29,SNPP,0,3,1
5792,2017-03-30,2017-03-30,1,1,50.85049,-1.71347,50.85049,50.85049,-1.71347,-1.71347,4.61,4.61,SNPP,0,0,1
5793,2017-03-31,2017-03-31,1,1,54.36787,-0.74204,54.36787,54.36787,-0.74204,-0.74204,1.77,1.77,SNPP,0,0,1
5794,2017-04-02,2017-04-02,1,1,52.62949,-1.2051,52.62949,52.62949,-1.2051,-1.2051,0.98,0.98,SNPP,0,1,1
5795,2017-04-02,2017-04-02,1,1,56.51434,-3.64904,56.51434,56.51434,-3.64904,-3.64904,3.46,3.46,SNPP,0,0,1
5796,2017-04-03,2017-04-04,2,2,54.62222,-1.97383,54.6175,54.62695,-1.97451,-1.97315,4.86,7.38,SNPP,0,0,2
5797,2017-04-03,2017-04-05,2,2,54.76598,-2.00138,54.76133,54.77064,-2.00605,-1.99672,3.67,6.46,SNPP,0,0,3
5798,2017-04-03,2017-04-03,1,1,54.80414,-2.06825,54.80414,54.80414,-2.06825,-2.06825,2.5,2.5,SNPP,0,0,1
5799,2017-04-03,2017-04-03,1,1,54.84838,-2.10605,54.84838,54.84838,-2.10605,-2.10605,3.02,3.02,SNPP,0,0,1
5800,2017-04-03,2017-04-03,1,1,57.32191,-4.14788,57.32191,57.32191,-4.14788,-4.14788,3.64,3.64,SNPP,0,0,1
5801,2017-04-03,2017-04-03,1,1,57.84634,-4.6006,57.84634,57.84634,-4.6006,-4.6006,2.3,2.3,SNPP,0,0,1
5802,2017-04-04,2017-04-04,1,4,53.96568,-1.7643,53.96265,53.96796,-1.76625,-1.76237,3.76,12.35,SNPP,0,0,1
5803,2017-04-04,2017-04-04,1,1,54.21289,-1.84229,54.21289,54.21289,-1.84229,-1.84229,2.3,2.3,SNPP,0,0,1
5804,2017-04-04,2017-04-06,2,4,54.80768,-2.04026,54.80045,54.8124,-2.04399,-2.03171,6.63,20.76,SNPP,0,0,3
5805,2017-04-04,2017-04-04,1,1,54.81626,-2.28565,54.81626,54.81626,-2.28565,-2.28565,8.41,8.41,SNPP,0,0,1
5806,2017-04-04,2017-04-04,1,1,54.84381,-2.20023,54.84381,54.84381,-2.20023,-2.20023,2.0,2.0,SNPP,0,0,1
5807,2017-04-04,2017-04-04,1,1,54.93468,-2.22611,54.93468,54.93468,-2.22611,-2.22611,3.9,3.9,SNPP,0,0,1
5808,2017-04-04,2017-04-04,1,1,54.95485,-2.41028,54.95485,54.95485,-2.41028,-2.41028,3.21,3.21,SNPP,0,0,1
5809,2017-04-04,2017-04-06,2,3,55.41256,-1.75725,55.41211,55.41304,-1.76043,-1.75518,3.28,6.77,SNPP,0,0,3
5810,2017-04-04,2017-04-04,1,1,56.97385,-2.90103,56.97385,56.97385,-2.90103,-2.90103,5.35,5.35,SNPP,0,0,1
5811,2017-04-04,2017-04-05,2,2,54.20373,-1.80292,54.20079,54.20668,-1.8077,-1.79815,2.52,4.75,SNPP,0,0,2
5812,2017-04-04,2017-04-04,1,1,54.35883,-1.95235,54.35883,54.35883,-1.95235,-1.95235,6.12,6.12,SNPP,0,0,1
5813,2017-04-04,2017-04-04,1,2,54.5007,-2.0203,54.50015,54.50126,-2.02071,-2.01988,6.29,11.02,SNPP,0,0,1
5814,2017-04-04,2017-04-10,4,12,55.45392,-2.09246,55.44492,55.46132,-2.11763,-2.08274,26.89,107.78,SNPP,1,0,7
5815,2017-04-04,2017-04-04,1,1,55.48436,-2.11299,55.48436,55.48436,-2.11299,-2.11299,6.37,6.37,SNPP,0,0,1
5816,2017-04-05,2017-04-05,1,4,55.33876,-1.88934,55.33692,55.34142,-1.89207,-1.88631,3.82,14.36,SNPP,0,0,1
5817,2017-04-05,2017-04-05,1,1,51.74629,-3.14164,51.74629,51.74629,-3.14164,-3.14164,4.7,4.7,SNPP,0,0,1
5818,2017-04-05,2017-04-05,1,1,52.34159,-0.92676,52.34159,52.34159,-0.92676,-0.92676,1.71,1.71,SNPP,0,0,1
5819,2017-04-05,2017-04-05,1,1,56.9645,-3.02392,56.9645,56.9645,-3.02392,-3.02392,11.39,11.39,SNPP,0,0,1
5820,2017-04-06,2017-04-06,1,2,54.25744,-1.79546,54.25599,54.25888,-1.79646,-1.79447,10.36,12.69,SNPP,0,0,1
5821,2017-04-06,2017-04-06,1,1,54.32746,-0.64569,54.32746,54.32746,-0.64569,-0.64569,4.09,4.09,SNPP,0,0,1
5822,2017-04-06,2017-04-06,1,2,54.4478,-1.90845,54.44741,54.4482,-1.91177,-1.90513,5.01,10.02,SNPP,0,0,1
5823,2017-04-06,2017-04-06,1,1,54.52003,-2.09002,54.52003,54.52003,-2.09002,-2.09002,1.96,1.96,SNPP,0,0,1
5824,2017-04-06,2017-04-08,2,2,54.71611,-1.99788,54.71347,54.71875,-2.0018,-1.99397,4.07,5.22,SNPP,0,0,3
5825,2017-04-06,2017-04-06,1,1,55.81015,-2.58072,55.81015,55.81015,-2.58072,-2.58072,2.63,2.63,SNPP,0,0,1
5826,2017-04-06,2017-04-08,2,3,55.85771,-2.57966,55.84846,55.86469,-2.58003,-2.57928,8.09,16.96,SNPP,0,0,3
5827,2017-04-06,2017-04-06,1,1,55.87298,-2.66163,55.87298,55.87298,-2.66163,-2.66163,2.13,2.13,SNPP,0,0,1
5828,2017-04-06,2017-04-08,3,4,56.74738,-3.15337,56.74319,56.75336,-3.16422,-3.13895,9.55,19.72,SNPP,0,0,3
5829,2017-04-06,2017-04-06,1,1,56.78173,-3.48767,56.78173,56.78173,-3.48767,-3.48767,3.35,3.35,SNPP,0,0,1
5830,2017-04-06,2017-04-06,1,1,56.82808,-3.09867,56.82808,56.82808,-3.09867,-3.09867,4.02,4.02,SNPP,0,0,1
5831,2017-04-06,2017-04-08,3,4,56.86042,-2.7578,56.8574,56.86358,-2.76449,-2.75314,6.55,19.16,SNPP,0,0,3
5832,2017-04-06,2017-04-06,1,1,57.29723,-4.1214,57.29723,57.29723,-4.1214,-4.1214,1.78,1.78,SNPP,0,0,1
5833,2017-04-06,2017-04-06,1,2,57.39105,-3.51751,57.38934,57.39277,-3.5183,-3.51672,4.34,8.68,SNPP,0,0,1
5834,2017-04-07,2017-04-07,1,1,54.60227,-1.17994,54.60227,54.60227,-1.17994,-1.17994,1.7,1.7,SNPP,0,1,1
5835,2017-04-07,2017-04-07,1,1,50.70456,-2.14181,50.70456,50.70456,-2.14181,-2.14181,2.19,2.19,SNPP,0,0,1
5836,2017-04-07,2017-04-07,1,1,50.80698,-1.36126,50.80698,50.80698,-1.36126,-1.36126,2.5,2.5,SNPP,0,0,1
5837,2017-04-07,2017-04-07,1,3,50.86334,-1.90039,50.86082,50.86508,-1.9027,-1.89719,13.58,31.72,SNPP,0,0,1
5838,2017-04-07,2017-04-07,1,1,50.94469,-1.19848,50.94469,50.94469,-1.19848,-1.19848,1.62,1.62,SNPP,0,0,1
5839,2017-04-07,2017-04-07,1,1,51.00822,-1.39144,51.00822,51.00822,-1.39144,-1.39144,1.74,1.74,SNPP,0,0,1
5840,2017-04-07,2017-04-07,1,3,51.08215,-1.15156,51.07967,51.08384,-1.15384,-1.14839,7.56,15.6,SNPP,0,0,1
5841,2017-04-07,2017-04-07,1,3,51.10385,-1.53424,51.1026,51.10494,-1.54021,-1.52781,4.99,14.81,SNPP,0,0,1
5842,2017-04-07,2017-04-07,1,2,51.18678,-1.36909,51.18632,51.18724,-1.37183,-1.36635,2.35,4.7,SNPP,0,0,1
5843,2017-04-07,2017-04-07,1,1,51.2001,-1.60155,51.2001,51.2001,-1.60155,-1.60155,5.71,5.71,SNPP,0,0,1
5844,2017-04-07,2017-04-07,1,1,51.28362,0.4165,51.28362,51.28362,0.4165,0.4165,1.98,1.98,SNPP,0,0,1
5845,2017-04-07,2017-04-07,1,1,51.37843,-2.1627,51.37843,51.37843,-2.1627,-2.1627,1.65,1.65,SNPP,0,0,1
5846,2017-04-07,2017-04-07,1,1,51.47826,-1.5613,51.47826,51.47826,-1.5613,-1.5613,5.11,5.11,SNPP,0,0,1
5847,2017-04-07,2017-04-07,1,4,51.50369,-1.79958,51.49958,51.50802,-1.8082,-1.793,64.07,88.44,SNPP,0,0,1
5848,2017-04-07,2017-04-07,1,1,51.53671,-1.80314,51.53671,51.53671,-1.80314,-1.80314,1.71,1.71,SNPP,0,0,1
5849,2017-04-07,2017-04-07,1,1,51.58506,-1.93198,51.58506,51.58506,-1.93198,-1.93198,3.34,3.34,SNPP,0,0,1
5850,2017-04-07,2017-04-07,1,2,51.64237,-1.79635,51.63911,51.64563,-1.80037,-1.79233,15.16,19.48,SNPP,0,0,1
5851,2017-04-07,2017-04-07,1,1,51.6578,-3.51331,51.6578,51.6578,-3.51331,-3.51331,2.55,2.55,SNPP,0,0,1
5852,2017-04-07,2017-04-07,1,1,51.65839,-1.69661,51.65839,51.65839,-1.69661,-1.69661,7.39,7.39,SNPP,0,0,1
5853,2017-04-07,2017-04-07,1,1,51.67153,-3.3794,51.67153,51.67153,-3.3794,-3.3794,2.96,2.96,SNPP,0,0,1
5854,2017-04-07,2017-04-07,1,2,51.78257,-2.62322,51.78206,51.78307,-2.62608,-2.62035,2.11,4.22,SNPP,0,0,1
5855,2017-04-07,2017-04-07,1,1,51.88718,-0.00096,51.88718,51.88718,-0.00096,-0.00096,1.77,1.77,SNPP,0,0,1
5856,2017-04-07,2017-04-07,1,3,52.15658,-3.882,52.15535,52.15794,-3.88515,-3.87928,6.88,12.56,SNPP,0,0,1
5857,2017-04-07,2017-04-07,1,1,54.25446,-2.09062,54.25446,54.25446,-2.09062,-2.09062,3.64,3.64,SNPP,0,0,1
5858,2017-04-07,2017-04-07,1,4,51.7376,-3.25132,51.73717,51.73802,-3.25578,-3.2469,11.11,34.28,SNPP,0,0,1
5859,2017-04-07,2017-04-09,3,12,51.82757,-3.42313,51.81446,51.84027,-3.43142,-3.40644,17.3,71.33,SNPP,1,3,3
5860,2017-04-08,2017-04-08,1,1,54.89834,-2.87695,54.89834,54.89834,-2.87695,-2.87695,1.44,1.44,SNPP,0,1,1
5861,2017-04-08,2017-04-09,2,3,53.38336,-0.35253,53.38247,53.38406,-0.3539,-0.35184,2.9,5.0,SNPP,0,2,2
5862,2017-04-08,2017-04-08,1,1,51.76041,-1.10621,51.76041,51.76041,-1.10621,-1.10621,1.95,1.95,SNPP,0,0,1
5863,2017-04-08,2017-04-08,1,1,53.76926,-0.62926,53.76926,53.76926,-0.62926,-0.62926,2.4,2.4,SNPP,0,0,1
5864,2017-04-08,2017-04-08,1,3,54.44078,-1.94583,54.43938,54.44236,-1.95232,-1.94231,7.12,14.81,SNPP,0,0,1
5865,2017-04-08,2017-04-08,1,2,54.47786,-2.00563,54.47535,54.48036,-2.01148,-1.99977,2.99,4.2,SNPP,0,0,1
5866,2017-04-08,2017-04-08,1,1,54.50285,-2.03306,54.50285,54.50285,-2.03306,-2.03306,3.33,3.33,SNPP,0,0,1
5867,2017-04-08,2017-04-08,1,1,54.55577,-2.38587,54.55577,54.55577,-2.38587,-2.38587,6.75,6.75,SNPP,0,0,1
5868,2017-04-08,2017-04-08,1,2,54.68515,-2.01919,54.68449,54.68582,-2.02245,-2.01592,2.44,4.88,SNPP,0,0,1
5869,2017-04-08,2017-04-08,1,1,54.75744,-1.92515,54.75744,54.75744,-1.92515,-1.92515,4.14,4.14,SNPP,0,0,1
5870,2017-04-08,2017-04-08,1,1,54.8381,-2.56541,54.8381,54.8381,-2.56541,-2.56541,2.96,2.96,SNPP,0,0,1
5871,2017-04-08,2017-04-08,1,4,54.8601,-2.08498,54.85777,54.86205,-2.08691,-2.08343,3.5,10.88,SNPP,0,0,1
5872,2017-04-08,2017-04-08,1,2,55.18498,-2.12686,55.18329,55.18668,-2.12787,-2.12584,4.39,8.78,SNPP,0,0,1
5873,2017-04-08,2017-04-10,2,2,55.38533,-1.77389,55.38377,55.38689,-1.77725,-1.77053,11.35,14.17,SNPP,0,0,3
5874,2017-04-08,2017-04-08,1,1,55.49844,-2.14704,55.49844,55.49844,-2.14704,-2.14704,3.56,3.56,SNPP,0,0,1
5875,2017-04-08,2017-04-08,1,1,55.52524,-3.44917,55.52524,55.52524,-3.44917,-3.44917,4.9,4.9,SNPP,0,0,1
5876,2017-04-08,2017-04-08,1,1,55.58119,-3.50172,55.58119,55.58119,-3.50172,-3.50172,3.7,3.7,SNPP,0,0,1
5877,2017-04-08,2017-04-08,1,2,55.58729,-3.1717,55.58657,55.58801,-3.17516,-3.16824,2.61,5.22,SNPP,0,0,1
5878,2017-04-08,2017-04-08,1,2,55.62896,-3.39454,55.62723,55.6307,-3.39562,-3.39345,13.01,18.43,SNPP,0,0,1
5879,2017-04-08,2017-04-08,1,1,55.76923,-3.46247,55.76923,55.76923,-3.46247,-3.46247,4.35,4.35,SNPP,0,0,1
5880,2017-04-08,2017-04-08,1,2,55.81816,-2.9238,55.81768,55.81863,-2.92451,-2.92308,5.27,10.18,SNPP,0,0,1
5881,2017-04-08,2017-04-08,1,1,55.82681,-2.68787,55.82681,55.82681,-2.68787,-2.68787,3.33,3.33,SNPP,0,0,1
5882,2017-04-08,2017-04-08,1,1,55.83625,-2.71692,55.83625,55.83625,-2.71692,-2.71692,3.86,3.86,SNPP,0,0,1
5883,2017-04-08,2017-04-08,1,1,56.36981,-4.20415,56.36981,56.36981,-4.20415,-4.20415,4.17,4.17,SNPP,0,0,1
5884,2017-04-08,2017-04-08,1,1,56.53395,-3.96692,56.53395,56.53395,-3.96692,-3.96692,4.1,4.1,SNPP,0,0,1
5885,2017-04-08,2017-04-08,1,3,57.16665,-2.21018,57.16513,57.16843,-2.21377,-2.2051,20.76,62.28,SNPP,0,0,1
5886,2017-04-08,2017-04-08,1,4,57.38067,-4.00026,57.37746,57.38519,-4.00888,-3.99212,11.41,34.94,SNPP,0,0,1
5887,2017-04-08,2017-04-08,1,1,51.81151,-3.77338,51.81151,51.81151,-3.77338,-3.77338,4.8,4.8,SNPP,0,0,1
5888,2017-04-08,2017-04-08,1,2,52.15237,-3.84194,52.15108,52.15366,-3.84282,-3.84106,8.85,16.07,SNPP,1,0,1
5889,2017-04-08,2017-04-08,1,1,54.43621,-1.9805,54.43621,54.43621,-1.9805,-1.9805,4.44,4.44,SNPP,0,0,1
5890,2017-04-08,2017-04-08,1,2,54.73189,-2.51175,54.73101,54.73278,-2.51209,-2.5114,3.47,6.34,SNPP,0,0,1
5891,2017-04-08,2017-04-08,1,1,54.76212,-2.43626,54.76212,54.76212,-2.43626,-2.43626,2.23,2.23,SNPP,0,0,1
5892,2017-04-08,2017-04-08,1,1,54.84747,-2.67189,54.84747,54.84747,-2.67189,-2.67189,2.8,2.8,SNPP,0,0,1
5893,2017-04-08,2017-04-08,1,3,54.94966,-4.67024,54.94628,54.95211,-4.67053,-4.66975,5.26,8.65,SNPP,0,0,1
5894,2017-04-08,2017-04-08,1,1,55.42871,-2.08803,55.42871,55.42871,-2.08803,-2.08803,22.59,22.59,SNPP,1,0,1
5895,2017-04-08,2017-04-08,1,1,55.78568,-3.59751,55.78568,55.78568,-3.59751,-3.59751,2.14,2.14,SNPP,0,0,1
5896,2017-04-08,2017-04-08,1,1,56.75603,-3.30017,56.75603,56.75603,-3.30017,-3.30017,6.14,6.14,SNPP,0,0,1
5897,2017-04-08,2017-04-08,1,1,56.9399,-4.19142,56.9399,56.9399,-4.19142,-4.19142,2.34,2.34,SNPP,0,0,1
5898,2017-04-08,2017-04-08,1,1,57.50633,-4.58397,57.50633,57.50633,-4.58397,-4.58397,5.43,5.43,SNPP,0,0,1
5899,2017-04-08,2017-04-08,1,2,58.04122,-3.92792,58.04106,58.04139,-3.92859,-3.92726,5.41,8.43,SNPP,0,0,1
5900,2017-04-09,2017-04-09,1,2,55.56706,-3.28538,55.56235,55.57177,-3.29079,-3.27998,0.8,1.25,SNPP,0,2,1
5901,2017-04-09,2017-04-09,1,1,57.67603,-6.26066,57.67603,57.67603,-6.26066,-6.26066,1.51,1.51,SNPP,0,1,1
5902,2017-04-09,2017-04-09,1,1,51.25939,0.4231,51.25939,51.25939,0.4231,0.4231,3.18,3.18,SNPP,0,0,1
5903,2017-04-09,2017-04-09,1,1,51.67376,-0.66181,51.67376,51.67376,-0.66181,-0.66181,1.89,1.89,SNPP,0,0,1
5904,2017-04-09,2017-04-09,1,1,53.88041,-2.15106,53.88041,53.88041,-2.15106,-2.15106,3.08,3.08,SNPP,0,0,1
5905,2017-04-09,2017-04-09,1,1,54.34961,-1.88438,54.34961,54.34961,-1.88438,-1.88438,2.32,2.32,SNPP,0,0,1
5906,2017-04-09,2017-04-09,1,3,52.69677,-1.92774,52.6949,52.70036,-1.9311,-1.92569,9.29,20.15,SNPP,2,0,1
5907,2017-04-09,2017-04-09,1,1,56.59412,-3.10243,56.59412,56.59412,-3.10243,-3.10243,5.51,5.51,SNPP,0,0,1
5908,2017-04-10,2017-04-10,1,1,51.92495,1.17584,51.92495,51.92495,1.17584,1.17584,1.07,1.07,SNPP,0,1,1
5909,2017-04-10,2017-04-10,1,2,52.97809,-3.12701,52.97771,52.97847,-3.13097,-3.12305,1.48,2.68,SNPP,0,2,1
5910,2017-04-10,2017-04-10,1,1,51.63477,-1.2533,51.63477,51.63477,-1.2533,-1.2533,0.56,0.56,SNPP,0,1,1
5911,2017-04-10,2017-04-10,1,2,55.65642,-3.02208,55.65498,55.65787,-3.02691,-3.01725,10.07,20.14,SNPP,0,0,1
5912,2017-04-10,2017-04-10,1,3,56.37667,-3.2233,56.37558,56.37778,-3.22354,-3.22307,5.73,13.11,SNPP,0,0,1
5913,2017-04-10,2017-04-10,1,1,56.51802,-4.08761,56.51802,56.51802,-4.08761,-4.08761,12.78,12.78,SNPP,0,0,1
5914,2017-04-10,2017-04-10,1,2,56.96584,-2.6407,56.96375,56.96794,-2.64268,-2.63873,37.42,74.84,SNPP,0,0,1
5915,2017-04-10,2017-04-10,1,1,51.42097,-2.82078,51.42097,51.42097,-2.82078,-2.82078,2.1,2.1,SNPP,0,0,1
5916,2017-04-10,2017-04-10,1,1,55.46089,-3.70059,55.46089,55.46089,-3.70059,-3.70059,11.94,11.94,SNPP,0,0,1
5917,2017-04-10,2017-04-10,1,4,55.49695,-4.0401,55.49444,55.49946,-4.04555,-4.03463,14.7,34.14,SNPP,0,0,1
5918,2017-04-10,2017-04-10,1,1,55.57213,-3.23732,55.57213,55.57213,-3.23732,-3.23732,13.93,13.93,SNPP,0,0,1
5919,2017-04-10,2017-04-10,1,1,55.75268,-3.2572,55.75268,55.75268,-3.2572,-3.2572,3.28,3.28,SNPP,0,0,1
5920,2017-04-10,2017-04-10,1,1,55.76914,-2.42188,55.76914,55.76914,-2.42188,-2.42188,4.44,4.44,SNPP,0,0,1
5921,2017-04-10,2017-04-10,1,1,56.63293,-2.68894,56.63293,56.63293,-2.68894,-2.68894,3.81,3.81,SNPP,0,0,1
5922,2017-04-11,2017-04-11,1,2,51.86968,-0.10402,51.86935,51.87,-0.10587,-0.10217,0.99,1.5,SNPP,0,2,1
5923,2017-04-11,2017-04-11,1,1,51.49964,-3.11396,51.49964,51.49964,-3.11396,-3.11396,0.35,0.35,SNPP,0,1,1
5924,2017-04-12,2017-04-12,1,1,50.40225,-3.53086,50.40225,50.40225,-3.53086,-3.53086,3.52,3.52,SNPP,0,0,1
5925,2017-04-12,2017-04-12,1,1,51.12842,-0.84774,51.12842,51.12842,-0.84774,-0.84774,2.32,2.32,SNPP,0,0,1
5926,2017-04-12,2017-04-12,1,1,51.42108,-3.49125,51.42108,51.42108,-3.49125,-3.49125,5.45,5.45,SNPP,0,0,1
5927,2017-04-12,2017-04-12,1,1,51.46763,0.28622,51.46763,51.46763,0.28622,0.28622,1.16,1.16,SNPP,0,0,1
5928,2017-04-12,2017-04-12,1,1,51.52485,0.27189,51.52485,51.52485,0.27189,0.27189,2.81,2.81,SNPP,0,0,1
5929,2017-04-12,2017-04-12,1,1,51.68246,-3.12737,51.68246,51.68246,-3.12737,-3.12737,5.97,5.97,SNPP,0,0,1
5930,2017-04-12,2017-04-12,1,1,55.85188,-4.19689,55.85188,55.85188,-4.19689,-4.19689,1.4,1.4,SNPP,0,0,1
5931,2017-04-12,2017-04-12,1,1,56.48669,-4.00043,56.48669,56.48669,-4.00043,-4.00043,1.86,1.86,SNPP,0,0,1
5932,2017-04-13,2017-04-13,1,4,55.19057,-2.21333,55.18969,55.19193,-2.21626,-2.20976,3.51,8.36,SNPP,0,4,1
5933,2017-04-13,2017-04-13,1,1,56.45631,-3.69666,56.45631,56.45631,-3.69666,-3.69666,4.65,4.65,SNPP,0,0,1
5934,2017-04-13,2017-04-13,1,3,56.69057,-3.61614,56.6883,56.69501,-3.62155,-3.61281,19.73,47.33,SNPP,0,0,1
5935,2017-04-13,2017-04-13,1,2,56.69379,-3.55268,56.69377,56.69381,-3.55711,-3.54825,31.85,44.03,SNPP,0,0,1
5936,2017-04-14,2017-04-14,1,1,52.72552,-2.43815,52.72552,52.72552,-2.43815,-2.43815,3.85,3.85,SNPP,0,0,1
5937,2017-04-15,2017-04-15,1,1,56.5658,-2.96986,56.5658,56.5658,-2.96986,-2.96986,3.28,3.28,SNPP,0,0,1
5938,2017-04-16,2017-04-16,1,1,54.3852,-0.57349,54.3852,54.3852,-0.57349,-0.57349,1.05,1.05,SNPP,0,1,1
5939,2017-04-18,2017-04-18,1,1,50.8385,0.19301,50.8385,50.8385,0.19301,0.19301,2.69,2.69,SNPP,0,0,1
5940,2017-04-18,2017-04-18,1,1,51.24696,0.39879,51.24696,51.24696,0.39879,0.39879,3.64,3.64,SNPP,0,0,1
5941,2017-04-18,2017-04-18,1,1,51.29221,1.20688,51.29221,51.29221,1.20688,1.20688,1.34,1.34,SNPP,0,0,1
5942,2017-04-18,2017-04-18,1,1,51.70122,0.14454,51.70122,51.70122,0.14454,0.14454,1.32,1.32,SNPP,0,0,1
5943,2017-04-18,2017-04-18,1,2,52.10505,-0.07781,52.10459,52.10551,-0.0806,-0.07503,3.93,7.86,SNPP,0,0,1
5944,2017-04-18,2017-04-18,1,1,52.35559,-0.13723,52.35559,52.35559,-0.13723,-0.13723,0.91,0.91,SNPP,0,0,1
5945,2017-04-18,2017-04-18,1,1,52.58712,-0.70798,52.58712,52.58712,-0.70798,-0.70798,2.2,2.2,SNPP,0,0,1
5946,2017-04-18,2017-04-18,1,1,53.23858,-1.25204,53.23858,53.23858,-1.25204,-1.25204,2.24,2.24,SNPP,0,0,1
5947,2017-04-22,2017-04-22,1,1,51.10756,-3.95605,51.10756,51.10756,-3.95605,-3.95605,3.78,3.78,SNPP,0,0,1
5948,2017-04-22,2017-04-22,1,1,51.18162,-2.9271,51.18162,51.18162,-2.9271,-2.9271,3.35,3.35,SNPP,0,0,1
5949,2017-04-22,2017-04-22,1,1,51.40396,-3.34569,51.40396,51.40396,-3.34569,-3.34569,3.34,3.34,SNPP,0,0,1
5950,2017-04-22,2017-04-22,1,1,51.64907,-3.82207,51.64907,51.64907,-3.82207,-3.82207,7.39,7.39,SNPP,0,0,1
5951,2017-04-22,2017-04-22,1,1,52.26981,0.29264,52.26981,52.26981,0.29264,0.29264,3.76,3.76,SNPP,0,0,1
5952,2017-04-22,2017-04-22,1,1,55.55338,-3.00609,55.55338,55.55338,-3.00609,-3.00609,9.31,9.31,SNPP,0,0,1
5953,2017-04-23,2017-04-23,1,1,53.24591,-1.34691,53.24591,53.24591,-1.34691,-1.34691,2.31,2.31,SNPP,0,0,1
5954,2017-04-23,2017-04-23,1,1,53.60516,-1.31666,53.60516,53.60516,-1.31666,-1.31666,5.61,5.61,SNPP,0,0,1
5955,2017-04-23,2017-04-23,1,1,53.81329,-2.96249,53.81329,53.81329,-2.96249,-2.96249,3.39,3.39,SNPP,0,0,1
5956,2017-04-23,2017-04-23,1,1,54.02459,-2.8279,54.02459,54.02459,-2.8279,-2.8279,1.89,1.89,SNPP,0,0,1
5957,2017-04-24,2017-04-24,1,1,55.91338,-4.06694,55.91338,55.91338,-4.06694,-4.06694,5.95,5.95,SNPP,0,0,1
5958,2017-04-25,2017-04-25,1,1,51.70694,-0.3664,51.70694,51.70694,-0.3664,-0.3664,1.23,1.23,SNPP,0,1,1
5959,2017-04-25,2017-04-25,1,1,51.74081,0.02302,51.74081,51.74081,0.02302,0.02302,0.41,0.41,SNPP,0,1,1
5960,2017-04-25,2017-04-25,1,2,52.20256,-0.95084,52.20093,52.20418,-0.95153,-0.95015,6.59,13.18,SNPP,0,2,1
5961,2017-04-25,2017-04-25,1,2,54.10538,-6.43744,54.10535,54.10541,-6.43843,-6.43645,0.71,1.2,SNPP,0,2,1
5962,2017-04-25,2017-04-25,1,3,51.18545,-3.82531,51.18236,51.18721,-3.8309,-3.82245,101.45,191.57,SNPP,0,0,1
5963,2017-04-25,2017-04-25,1,1,55.92717,-4.6366,55.92717,55.92717,-4.6366,-4.6366,4.73,4.73,SNPP,0,0,1
5964,2017-04-26,2017-04-26,1,1,54.70536,-3.50916,54.70536,54.70536,-3.50916,-3.50916,1.22,1.22,SNPP,0,1,1
5965,2017-04-26,2017-04-26,1,1,51.82787,-1.36839,51.82787,51.82787,-1.36839,-1.36839,0.79,0.79,SNPP,0,1,1
5966,2017-04-26,2017-04-26,1,1,54.90876,-4.73733,54.90876,54.90876,-4.73733,-4.73733,6.87,6.87,SNPP,0,0,1
5967,2017-04-27,2017-04-27,1,1,52.06071,-1.83348,52.06071,52.06071,-1.83348,-1.83348,0.81,0.81,SNPP,0,1,1
5968,2017-04-29,2017-04-29,1,1,51.62631,-0.50773,51.62631,51.62631,-0.50773,-0.50773,2.39,2.39,SNPP,0,1,1
5969,2017-04-30,2017-04-30,1,1,55.88287,-3.149,55.88287,55.88287,-3.149,-3.149,0.97,0.97,SNPP,0,1,1
5970,2017-05-01,2017-05-01,1,1,54.1959,-6.54777,54.1959,54.1959,-6.54777,-6.54777,2.65,2.65,SNPP,0,0,1
5971,2017-05-01,2017-05-01,1,1,54.66162,-7.76712,54.66162,54.66162,-7.76712,-7.76712,2.13,2.13,SNPP,0,0,1
5972,2017-05-01,2017-05-01,1,2,54.7707,-4.53859,54.76998,54.77141,-4.53901,-4.53817,3.43,6.43,SNPP,0,0,1
5973,2017-05-02,2017-05-02,1,3,51.22859,-0.9901,51.22678,51.23072,-0.99058,-0.98968,1.38,3.29,SNPP,0,3,1
5974,2017-05-02,2017-05-02,1,11,58.55815,-4.13633,58.55337,58.56199,-4.14713,-4.12951,9.88,78.68,SNPP,2,0,1
5975,2017-05-02,2017-05-02,1,1,53.2846,-3.19844,53.2846,53.2846,-3.19844,-3.19844,5.36,5.36,SNPP,0,0,1
5976,2017-05-02,2017-05-02,1,1,54.48039,-8.07319,54.48039,54.48039,-8.07319,-8.07319,1.62,1.62,SNPP,0,0,1
5977,2017-05-03,2017-05-03,1,1,52.94671,-0.00609,52.94671,52.94671,-0.00609,-0.00609,0.78,0.78,SNPP,0,1,1
5978,2017-05-03,2017-05-03,1,2,54.0304,-2.84785,54.03032,54.03049,-2.84791,-2.84778,1.15,1.69,SNPP,0,2,1
5979,2017-05-03,2017-05-03,1,1,54.12579,-6.50143,54.12579,54.12579,-6.50143,-6.50143,1.34,1.34,SNPP,0,1,1
5980,2017-05-03,2017-05-03,1,1,55.47032,-5.6252,55.47032,55.47032,-5.6252,-5.6252,0.69,0.69,SNPP,0,1,1
5981,2017-05-03,2017-05-03,1,1,50.15895,-5.18016,50.15895,50.15895,-5.18016,-5.18016,1.42,1.42,SNPP,0,0,1
5982,2017-05-03,2017-05-03,1,1,52.41209,-3.29838,52.41209,52.41209,-3.29838,-3.29838,4.77,4.77,SNPP,0,0,1
5983,2017-05-03,2017-05-05,3,10,54.14578,-6.51252,54.14052,54.15128,-6.52449,-6.48259,8.37,41.37,SNPP,0,8,3
5984,2017-05-03,2017-05-03,1,1,54.30456,-5.96984,54.30456,54.30456,-5.96984,-5.96984,1.64,1.64,SNPP,0,0,1
5985,2017-05-03,2017-05-03,1,1,54.4539,-6.61075,54.4539,54.4539,-6.61075,-6.61075,5.55,5.55,SNPP,0,0,1
5986,2017-05-03,2017-05-03,1,3,54.51808,-6.10198,54.51624,54.51949,-6.10642,-6.09896,4.15,12.45,SNPP,0,0,1
5987,2017-05-03,2017-05-03,1,1,54.99514,-6.49276,54.99514,54.99514,-6.49276,-6.49276,2.66,2.66,SNPP,0,0,1
5988,2017-05-03,2017-05-05,3,66,56.77326,-5.79455,56.75921,56.78744,-5.82187,-5.75743,17.72,362.94,SNPP,8,46,3
5989,2017-05-03,2017-05-03,1,2,56.89958,-5.7494,56.89911,56.90005,-5.75249,-5.74632,5.12,9.36,SNPP,0,0,1
5990,2017-05-03,2017-05-03,1,1,54.5637,-7.19778,54.5637,54.5637,-7.19778,-7.19778,4.33,4.33,SNPP,0,0,1
5991,2017-05-04,2017-05-05,2,66,58.12669,-5.18313,58.09605,58.14405,-5.23566,-5.12975,8.52,209.76,SNPP,0,52,2
5992,2017-05-04,2017-05-04,1,1,58.11613,-5.20505,58.11613,58.11613,-5.20505,-5.20505,0.31,0.31,SNPP,0,1,1
5993,2017-05-04,2017-05-04,1,1,52.08659,-1.8121,52.08659,52.08659,-1.8121,-1.8121,3.67,3.67,SNPP,0,0,1
5994,2017-05-04,2017-05-04,1,1,52.91466,-1.28309,52.91466,52.91466,-1.28309,-1.28309,0.79,0.79,SNPP,0,0,1
5995,2017-05-04,2017-05-04,1,1,53.34802,-2.97282,53.34802,53.34802,-2.97282,-2.97282,1.86,1.86,SNPP,0,0,1
5996,2017-05-04,2017-05-04,1,1,53.68187,-2.75838,53.68187,53.68187,-2.75838,-2.75838,1.35,1.35,SNPP,0,0,1
5997,2017-05-04,2017-05-04,1,3,54.61244,-7.43266,54.61081,54.61348,-7.4337,-7.43084,7.81,15.03,SNPP,0,0,1
5998,2017-05-04,2017-05-04,1,1,54.68939,-1.68119,54.68939,54.68939,-1.68119,-1.68119,2.56,2.56,SNPP,0,0,1
5999,2017-05-04,2017-05-04,1,1,56.25548,-3.40758,56.25548,56.25548,-3.40758,-3.40758,4.37,4.37,SNPP,0,0,1
6000,2017-05-04,2017-05-04,1,1,56.63615,-2.70054,56.63615,56.63615,-2.70054,-2.70054,3.74,3.74,SNPP,0,0,1
6001,2017-05-04,2017-05-04,1,1,56.71309,-3.75471,56.71309,56.71309,-3.75471,-3.75471,1.73,1.73,SNPP,0,0,1
6002,2017-05-04,2017-05-04,1,1,56.26082,-3.33584,56.26082,56.26082,-3.33584,-3.33584,7.16,7.16,SNPP,0,0,1
6003,2017-05-05,2017-05-05,1,2,53.48631,-2.01042,53.48419,53.48843,-2.01248,-2.00837,0.49,0.9,SNPP,0,2,1
6004,2017-05-05,2017-05-05,1,1,53.53083,-1.43513,53.53083,53.53083,-1.43513,-1.43513,1.74,1.74,SNPP,0,1,1
6005,2017-05-05,2017-05-05,1,2,54.22132,-6.5979,54.21986,54.22279,-6.59954,-6.59627,7.55,14.49,SNPP,0,0,1
6006,2017-05-05,2017-05-05,1,1,55.39162,-3.89337,55.39162,55.39162,-3.89337,-3.89337,3.49,3.49,SNPP,0,0,1
6007,2017-05-05,2017-05-09,4,37,55.81234,-3.54447,55.80206,55.81844,-3.5575,-3.53084,57.37,554.33,SNPP,5,5,5
6008,2017-05-05,2017-05-05,1,3,56.54981,-3.41397,56.54919,56.55019,-3.4148,-3.41257,6.66,15.46,SNPP,0,0,1
6009,2017-05-05,2017-05-05,1,2,51.60716,-3.77936,51.60708,51.60725,-3.78276,-3.77596,12.25,21.45,SNPP,0,0,1
6010,2017-05-06,2017-05-06,1,1,56.74001,-5.79108,56.74001,56.74001,-5.79108,-5.79108,0.68,0.68,SNPP,0,1,1
6011,2017-05-06,2017-05-06,1,4,51.08735,-0.8722,51.08593,51.08879,-0.87632,-0.86806,36.24,101.12,SNPP,0,0,1
6012,2017-05-06,2017-05-06,1,1,54.08775,-6.53712,54.08775,54.08775,-6.53712,-6.53712,2.09,2.09,SNPP,0,0,1
6013,2017-05-06,2017-05-06,1,1,52.25814,-4.01211,52.25814,52.25814,-4.01211,-4.01211,2.95,2.95,SNPP,0,0,1
6014,2017-05-06,2017-05-06,1,2,54.5617,-6.93042,54.56146,54.56195,-6.93355,-6.92728,6.79,13.58,SNPP,0,0,1
6015,2017-05-07,2017-05-07,1,1,54.13581,-5.90911,54.13581,54.13581,-5.90911,-5.90911,2.74,2.74,SNPP,0,1,1
6016,2017-05-07,2017-05-08,2,29,54.34244,-7.20869,54.32513,54.36191,-7.24066,-7.18162,30.36,295.09,SNPP,5,3,2
6017,2017-05-07,2017-05-08,2,5,56.59851,-5.01745,56.59313,56.60122,-5.02697,-5.01255,16.4,46.84,SNPP,0,0,2
6018,2017-05-07,2017-05-07,1,1,54.1546,-7.61279,54.1546,54.1546,-7.61279,-7.61279,3.43,3.43,SNPP,0,0,1
6019,2017-05-07,2017-05-07,1,1,54.21461,-6.05154,54.21461,54.21461,-6.05154,-6.05154,1.75,1.75,SNPP,0,0,1
6020,2017-05-07,2017-05-07,1,2,54.3388,-7.27572,54.33709,54.34051,-7.27635,-7.27508,4.34,6.25,SNPP,0,0,1
6021,2017-05-07,2017-05-07,1,1,56.4777,-3.35024,56.4777,56.4777,-3.35024,-3.35024,2.23,2.23,SNPP,0,0,1
6022,2017-05-08,2017-05-08,1,4,54.2278,-7.81416,54.22478,54.23092,-7.81591,-7.81182,2.71,5.29,SNPP,0,4,1
6023,2017-05-08,2017-05-08,1,3,54.64942,-7.00406,54.64753,54.65094,-7.00636,-7.00103,3.12,5.22,SNPP,0,3,1
6024,2017-05-08,2017-05-08,1,1,54.69097,-6.8986,54.69097,54.69097,-6.8986,-6.8986,0.75,0.75,SNPP,0,1,1
6025,2017-05-08,2017-05-08,1,2,51.41598,-3.49434,51.41539,51.41657,-3.49508,-3.4936,2.3,3.3,SNPP,0,2,1
6026,2017-05-08,2017-05-08,1,2,55.84212,-3.24991,55.84089,55.84334,-3.25317,-3.24666,18.02,33.48,SNPP,0,0,1
6027,2017-05-08,2017-05-08,1,5,57.99827,-4.81323,57.99549,58.00134,-4.81814,-4.80802,5.02,20.22,SNPP,0,0,1
6028,2017-05-08,2017-05-08,1,1,54.28639,-7.21733,54.28639,54.28639,-7.21733,-7.21733,1.34,1.34,SNPP,0,0,1
6029,2017-05-08,2017-05-09,2,9,54.29696,-7.34044,54.28868,54.30759,-7.35882,-7.33235,19.66,98.62,SNPP,0,0,2
6030,2017-05-08,2017-05-09,2,4,55.63353,-3.6958,55.63142,55.63559,-3.69639,-3.69445,15.07,36.86,SNPP,0,0,2
6031,2017-05-09,2017-05-09,1,4,55.62242,-4.18353,55.62026,55.6237,-4.18566,-4.18121,7.59,17.18,SNPP,0,2,1
6032,2017-05-09,2017-05-09,1,3,54.45326,-7.31676,54.45312,54.45336,-7.3186,-7.31566,2.64,4.99,SNPP,0,1,1
6033,2017-05-09,2017-05-09,1,1,51.3239,-2.16247,51.3239,51.3239,-2.16247,-2.16247,2.79,2.79,SNPP,0,0,1
6034,2017-05-09,2017-05-09,1,1,51.33331,-2.8529,51.33331,51.33331,-2.8529,-2.8529,1.94,1.94,SNPP,0,0,1
6035,2017-05-09,2017-05-09,1,1,51.3714,-2.09323,51.3714,51.3714,-2.09323,-2.09323,3.67,3.67,SNPP,0,0,1
6036,2017-05-09,2017-05-09,1,2,51.4888,-2.20752,51.48715,51.49044,-2.20825,-2.20679,4.68,7.52,SNPP,0,0,1
6037,2017-05-09,2017-05-09,1,1,51.73141,-3.16255,51.73141,51.73141,-3.16255,-3.16255,4.95,4.95,SNPP,0,0,1
6038,2017-05-09,2017-05-09,1,1,53.26575,-3.68605,53.26575,53.26575,-3.68605,-3.68605,1.45,1.45,SNPP,0,0,1
6039,2017-05-09,2017-05-09,1,1,54.63474,-7.13438,54.63474,54.63474,-7.13438,-7.13438,5.67,5.67,SNPP,0,0,1
6040,2017-05-09,2017-05-09,1,1,54.66164,-7.7384,54.66164,54.66164,-7.7384,-7.7384,1.69,1.69,SNPP,0,0,1
6041,2017-05-09,2017-05-09,1,1,54.72577,-6.44676,54.72577,54.72577,-6.44676,-6.44676,1.83,1.83,SNPP,0,0,1
6042,2017-05-09,2017-05-09,1,1,55.84965,-3.3713,55.84965,55.84965,-3.3713,-3.3713,2.83,2.83,SNPP,0,0,1
6043,2017-05-09,2017-05-09,1,1,56.41642,-2.9639,56.41642,56.41642,-2.9639,-2.9639,2.24,2.24,SNPP,0,0,1
6044,2017-05-09,2017-05-09,1,1,57.49016,-3.05234,57.49016,57.49016,-3.05234,-3.05234,1.13,1.13,SNPP,0,0,1
6045,2017-05-09,2017-05-10,2,17,54.65231,-7.21673,54.64414,54.6629,-7.23278,-7.2069,51.79,217.51,SNPP,1,9,2
6046,2017-05-09,2017-05-09,1,1,57.52237,-4.229,57.52237,57.52237,-4.229,-4.229,4.78,4.78,SNPP,0,0,1
6047,2017-05-10,2017-05-10,1,1,51.45495,-3.21804,51.45495,51.45495,-3.21804,-3.21804,0.3,0.3,SNPP,0,1,1
6048,2017-05-10,2017-05-10,1,1,52.69858,-0.4305,52.69858,52.69858,-0.4305,-0.4305,0.89,0.89,SNPP,0,0,1
6049,2017-05-10,2017-05-10,1,1,52.81109,-0.19971,52.81109,52.81109,-0.19971,-0.19971,1.37,1.37,SNPP,0,0,1
6050,2017-05-10,2017-05-11,2,2,54.0774,-6.0912,54.07685,54.07795,-6.09376,-6.08864,3.8,6.63,SNPP,0,0,2
6051,2017-05-10,2017-05-10,1,1,54.20277,-6.13356,54.20277,54.20277,-6.13356,-6.13356,1.85,1.85,SNPP,0,0,1
6052,2017-05-10,2017-05-11,2,6,54.52615,-7.34668,54.52358,54.52814,-7.35282,-7.337,15.23,55.21,SNPP,2,0,2
6053,2017-05-11,2017-05-11,1,2,51.96237,-0.72672,51.96075,51.964,-0.72741,-0.72602,0.45,0.9,SNPP,0,2,1
6054,2017-05-11,2017-05-11,1,1,53.91415,-1.82648,53.91415,53.91415,-1.82648,-1.82648,0.63,0.63,SNPP,0,1,1
6055,2017-05-11,2017-05-11,1,1,51.62223,-3.63111,51.62223,51.62223,-3.63111,-3.63111,1.27,1.27,SNPP,0,1,1
6056,2017-05-11,2017-05-11,1,2,51.63162,-3.42994,51.62996,51.63329,-3.43051,-3.42937,1.26,2.52,SNPP,0,2,1
6057,2017-05-11,2017-05-11,1,1,52.75711,0.19623,52.75711,52.75711,0.19623,0.19623,2.15,2.15,SNPP,0,0,1
6058,2017-05-11,2017-05-11,1,1,56.45533,-3.39626,56.45533,56.45533,-3.39626,-3.39626,2.52,2.52,SNPP,0,0,1
6059,2017-05-11,2017-05-11,1,1,53.28134,-2.78842,53.28134,53.28134,-2.78842,-2.78842,1.89,1.89,SNPP,0,0,1
6060,2017-05-11,2017-05-11,1,2,54.42986,-7.93594,54.42802,54.4317,-7.9398,-7.93208,9.92,12.09,SNPP,1,0,1
6061,2017-05-12,2017-05-12,1,1,55.9455,-4.45099,55.9455,55.9455,-4.45099,-4.45099,0.53,0.53,SNPP,0,1,1
6062,2017-05-14,2017-05-14,1,1,53.73845,-2.24541,53.73845,53.73845,-2.24541,-2.24541,4.35,4.35,SNPP,0,0,1
6063,2017-05-15,2017-05-15,1,1,57.41498,-4.21775,57.41498,57.41498,-4.21775,-4.21775,4.05,4.05,SNPP,0,1,1
6064,2017-05-18,2017-05-18,1,1,54.41048,-6.92755,54.41048,54.41048,-6.92755,-6.92755,0.38,0.38,SNPP,0,1,1
6065,2017-05-18,2017-05-18,1,1,51.94188,-1.68794,51.94188,51.94188,-1.68794,-1.68794,0.61,0.61,SNPP,0,1,1
6066,2017-05-18,2017-05-18,1,1,51.7403,0.02346,51.7403,51.7403,0.02346,0.02346,1.81,1.81,SNPP,0,1,1
6067,2017-05-18,2017-05-18,1,1,56.54566,-3.41282,56.54566,56.54566,-3.41282,-3.41282,1.0,1.0,SNPP,0,0,1
6068,2017-05-19,2017-05-19,1,1,54.59058,-5.69347,54.59058,54.59058,-5.69347,-5.69347,0.93,0.93,SNPP,0,1,1
6069,2017-05-19,2017-05-19,1,1,54.89376,-6.21937,54.89376,54.89376,-6.21937,-6.21937,2.2,2.2,SNPP,0,0,1
6070,2017-05-21,2017-05-21,1,1,51.40084,0.5484,51.40084,51.40084,0.5484,0.5484,0.89,0.89,SNPP,0,1,1
6071,2017-05-22,2017-05-22,1,1,51.00784,-0.90112,51.00784,51.00784,-0.90112,-0.90112,0.92,0.92,SNPP,0,1,1
6072,2017-05-22,2017-05-22,1,1,51.07779,0.62337,51.07779,51.07779,0.62337,0.62337,3.24,3.24,SNPP,0,0,1
6073,2017-05-22,2017-05-22,1,1,51.75252,0.02394,51.75252,51.75252,0.02394,0.02394,2.34,2.34,SNPP,0,0,1
6074,2017-05-22,2017-05-22,1,1,50.61758,-3.81197,50.61758,50.61758,-3.81197,-3.81197,2.1,2.1,SNPP,0,0,1
6075,2017-05-22,2017-05-22,1,2,51.93704,0.93048,51.93697,51.93711,0.92751,0.93345,4.54,6.78,SNPP,0,0,1
6076,2017-05-24,2017-05-26,2,4,55.28333,-2.16801,55.27923,55.28932,-2.17172,-2.16586,5.62,16.63,SNPP,0,0,3
6077,2017-05-25,2017-05-25,1,2,50.83048,-1.19422,50.8298,50.83115,-1.1956,-1.19284,2.83,5.48,SNPP,0,0,1
6078,2017-05-25,2017-05-25,1,3,50.88462,-1.07818,50.87918,50.88898,-1.07999,-1.07592,6.01,9.49,SNPP,0,0,1
6079,2017-05-25,2017-05-25,1,1,51.14626,1.23666,51.14626,51.14626,1.23666,1.23666,3.47,3.47,SNPP,0,0,1
6080,2017-05-25,2017-05-25,1,1,51.37571,-2.08623,51.37571,51.37571,-2.08623,-2.08623,3.98,3.98,SNPP,0,0,1
6081,2017-05-25,2017-05-25,1,1,51.41198,-0.67721,51.41198,51.41198,-0.67721,-0.67721,2.35,2.35,SNPP,0,0,1
6082,2017-05-25,2017-05-25,1,3,51.59802,-1.70578,51.59662,51.59989,-1.70858,-1.70162,2.71,6.39,SNPP,0,0,1
6083,2017-05-25,2017-05-25,1,1,51.60562,-1.40279,51.60562,51.60562,-1.40279,-1.40279,4.01,4.01,SNPP,0,0,1
6084,2017-05-25,2017-05-25,1,1,51.60948,0.485,51.60948,51.60948,0.485,0.485,2.5,2.5,SNPP,0,0,1
6085,2017-05-25,2017-05-25,1,2,51.7269,-1.91807,51.72526,51.72854,-1.91879,-1.91735,4.26,8.13,SNPP,0,0,1
6086,2017-05-25,2017-05-25,1,1,52.72668,-2.56086,52.72668,52.72668,-2.56086,-2.56086,4.75,4.75,SNPP,0,0,1
6087,2017-05-25,2017-05-25,1,1,52.73668,-2.70767,52.73668,52.73668,-2.70767,-2.70767,6.96,6.96,SNPP,0,0,1
6088,2017-05-25,2017-05-25,1,1,53.26921,-3.68325,53.26921,53.26921,-3.68325,-3.68325,3.2,3.2,SNPP,0,0,1
6089,2017-05-25,2017-05-25,1,4,53.7736,-2.81046,53.76978,53.77955,-2.81442,-2.80705,6.01,15.92,SNPP,0,0,1
6090,2017-05-25,2017-05-25,1,1,53.86816,-2.76677,53.86816,53.86816,-2.76677,-2.76677,2.59,2.59,SNPP,0,0,1
6091,2017-05-26,2017-05-26,1,4,53.87472,-2.83942,53.8743,53.87514,-2.84679,-2.83466,1.36,4.59,SNPP,0,4,1
6092,2017-05-26,2017-05-26,1,2,53.11223,-2.42122,53.11198,53.11248,-2.42134,-2.42111,0.36,0.67,SNPP,0,2,1
6093,2017-05-26,2017-05-26,1,1,50.93728,-3.2898,50.93728,50.93728,-3.2898,-3.2898,2.35,2.35,SNPP,0,0,1
6094,2017-05-26,2017-05-26,1,1,51.52503,0.26751,51.52503,51.52503,0.26751,0.26751,1.11,1.11,SNPP,0,0,1
6095,2017-05-26,2017-05-26,1,1,51.63203,0.20684,51.63203,51.63203,0.20684,0.20684,1.31,1.31,SNPP,0,0,1
6096,2017-05-26,2017-05-26,1,1,51.6641,0.3326,51.6641,51.6641,0.3326,0.3326,1.74,1.74,SNPP,0,0,1
6097,2017-05-26,2017-05-26,1,1,51.95047,-0.82292,51.95047,51.95047,-0.82292,-0.82292,2.93,2.93,SNPP,0,0,1
6098,2017-05-26,2017-05-26,1,1,56.20325,-3.02347,56.20325,56.20325,-3.02347,-3.02347,4.11,4.11,SNPP,0,0,1
6099,2017-05-26,2017-05-26,1,1,56.52216,-2.69226,56.52216,56.52216,-2.69226,-2.69226,2.03,2.03,SNPP,0,0,1
6100,2017-05-26,2017-05-26,1,1,56.65173,-2.9689,56.65173,56.65173,-2.9689,-2.9689,1.28,1.28,SNPP,0,0,1
6101,2017-05-26,2017-05-26,1,2,54.97636,-2.19952,54.97631,54.97641,-2.20369,-2.19534,6.81,13.62,SNPP,0,0,1
6102,2017-05-27,2017-05-27,1,1,51.77631,-0.105,51.77631,51.77631,-0.105,-0.105,0.23,0.23,SNPP,0,1,1
6103,2017-05-27,2017-05-27,1,1,52.04458,-1.17828,52.04458,52.04458,-1.17828,-1.17828,0.48,0.48,SNPP,0,1,1
6104,2017-05-27,2017-05-27,1,2,53.14233,-4.14484,53.14062,53.14404,-4.14544,-4.14424,1.21,2.42,SNPP,0,2,1
6105,2017-05-27,2017-05-27,1,1,53.24031,-2.1485,53.24031,53.24031,-2.1485,-2.1485,0.27,0.27,SNPP,0,1,1
6106,2017-05-27,2017-05-27,1,1,53.51204,-2.62025,53.51204,53.51204,-2.62025,-2.62025,0.24,0.24,SNPP,0,1,1
6107,2017-05-27,2017-05-27,1,1,54.33843,-5.93546,54.33843,54.33843,-5.93546,-5.93546,0.54,0.54,SNPP,0,1,1
6108,2017-05-27,2017-05-27,1,1,55.86688,-3.4322,55.86688,55.86688,-3.4322,-3.4322,1.84,1.84,SNPP,0,1,1
6109,2017-05-30,2017-05-30,1,1,54.44052,-6.57385,54.44052,54.44052,-6.57385,-6.57385,0.53,0.53,SNPP,0,1,1
6110,2017-05-31,2017-05-31,1,1,52.76115,0.44362,52.76115,52.76115,0.44362,0.44362,1.51,1.51,SNPP,0,0,1
6111,2017-05-31,2017-05-31,1,1,53.80682,-1.43168,53.80682,53.80682,-1.43168,-1.43168,1.66,1.66,SNPP,0,0,1
6112,2017-06-01,2017-06-01,1,1,50.73357,-1.85871,50.73357,50.73357,-1.85871,-1.85871,3.75,3.75,SNPP,0,0,1
6113,2017-06-01,2017-06-01,1,1,51.61682,0.94465,51.61682,51.61682,0.94465,0.94465,4.96,4.96,SNPP,0,0,1
6114,2017-06-02,2017-06-02,1,1,51.49699,-0.48455,51.49699,51.49699,-0.48455,-0.48455,0.4,0.4,SNPP,0,1,1
6115,2017-06-02,2017-06-02,1,1,52.16016,0.02634,52.16016,52.16016,0.02634,0.02634,0.33,0.33,SNPP,0,1,1
6116,2017-06-02,2017-06-02,1,1,52.85413,1.45771,52.85413,52.85413,1.45771,1.45771,0.41,0.41,SNPP,0,1,1
6117,2017-06-03,2017-06-03,1,2,51.17546,-2.90826,51.17529,51.17564,-2.90872,-2.90779,6.24,8.8,SNPP,0,2,1
6118,2017-06-04,2017-06-04,1,5,52.88616,-2.85878,52.88501,52.88772,-2.86181,-2.856,6.51,14.99,SNPP,0,5,1
6119,2017-06-05,2017-06-05,1,1,53.80773,-0.39304,53.80773,53.80773,-0.39304,-0.39304,0.62,0.62,SNPP,0,1,1
6120,2017-06-07,2017-06-07,1,1,51.26294,0.99503,51.26294,51.26294,0.99503,0.99503,0.28,0.28,SNPP,0,1,1
6121,2017-06-07,2017-06-07,1,1,51.47596,0.2146,51.47596,51.47596,0.2146,0.2146,0.6,0.6,SNPP,0,1,1
6122,2017-06-07,2017-06-07,1,1,51.68525,-0.13517,51.68525,51.68525,-0.13517,-0.13517,0.66,0.66,SNPP,0,1,1
6123,2017-06-09,2017-06-09,1,2,51.44264,-1.74654,51.44226,51.44301,-1.74949,-1.74358,5.1,9.6,SNPP,0,0,1
6124,2017-06-09,2017-06-09,1,1,52.52568,-2.40448,52.52568,52.52568,-2.40448,-2.40448,5.51,5.51,SNPP,0,0,1
6125,2017-06-09,2017-06-09,1,1,53.77409,-2.54956,53.77409,53.77409,-2.54956,-2.54956,1.4,1.4,SNPP,0,0,1
6126,2017-06-09,2017-06-09,1,1,55.42195,-1.7275,55.42195,55.42195,-1.7275,-1.7275,2.52,2.52,SNPP,0,0,1
6127,2017-06-10,2017-06-10,1,1,50.84128,-0.7091,50.84128,50.84128,-0.7091,-0.7091,2.41,2.41,SNPP,0,0,1
6128,2017-06-12,2017-06-12,1,1,52.43888,-0.79223,52.43888,52.43888,-0.79223,-0.79223,0.31,0.31,SNPP,0,1,1
6129,2017-06-12,2017-06-12,1,1,53.22885,-0.29442,53.22885,53.22885,-0.29442,-0.29442,0.52,0.52,SNPP,0,1,1
6130,2017-06-13,2017-06-13,1,1,51.60826,0.25902,51.60826,51.60826,0.25902,0.25902,0.29,0.29,SNPP,0,1,1
6131,2017-06-13,2017-06-13,1,1,50.76823,-1.80499,50.76823,50.76823,-1.80499,-1.80499,2.64,2.64,SNPP,0,0,1
6132,2017-06-14,2017-06-14,1,3,51.51351,-0.21731,51.51207,51.51615,-0.21863,-0.21559,3.64,7.27,SNPP,0,3,1
6133,2017-06-15,2017-06-15,1,2,54.61052,-1.20064,54.60978,54.61126,-1.20363,-1.19766,0.77,1.39,SNPP,0,2,1
6134,2017-06-15,2017-06-15,1,1,52.18619,-3.31526,52.18619,52.18619,-3.31526,-3.31526,2.28,2.28,SNPP,0,0,1
6135,2017-06-15,2017-06-15,1,1,53.0003,-2.06402,53.0003,53.0003,-2.06402,-2.06402,3.6,3.6,SNPP,0,0,1
6136,2017-06-16,2017-06-18,2,2,52.88382,-1.6358,52.88312,52.88451,-1.63649,-1.63512,1.54,2.21,SNPP,0,2,3
6137,2017-06-16,2017-06-16,1,1,50.90477,-1.23099,50.90477,50.90477,-1.23099,-1.23099,3.35,3.35,SNPP,0,0,1
6138,2017-06-17,2017-06-17,1,1,50.98334,-3.31583,50.98334,50.98334,-3.31583,-3.31583,0.47,0.47,SNPP,0,1,1
6139,2017-06-17,2017-06-17,1,1,51.39,-2.89439,51.39,51.39,-2.89439,-2.89439,0.31,0.31,SNPP,0,1,1
6140,2017-06-17,2017-06-17,1,1,50.77448,-0.82978,50.77448,50.77448,-0.82978,-0.82978,4.94,4.94,SNPP,0,0,1
6141,2017-06-17,2017-06-17,1,1,51.77891,-0.17468,51.77891,51.77891,-0.17468,-0.17468,4.74,4.74,SNPP,0,0,1
6142,2017-06-18,2017-06-18,1,1,54.89413,-1.76224,54.89413,54.89413,-1.76224,-1.76224,0.71,0.71,SNPP,0,1,1
6143,2017-06-18,2017-06-18,1,1,51.11275,-2.50453,51.11275,51.11275,-2.50453,-2.50453,0.2,0.2,SNPP,0,1,1
6144,2017-06-18,2017-06-18,1,1,51.99547,-0.65515,51.99547,51.99547,-0.65515,-0.65515,0.79,0.79,SNPP,0,1,1
6145,2017-06-18,2017-06-18,1,1,53.76426,-0.75354,53.76426,53.76426,-0.75354,-0.75354,5.03,5.03,SNPP,0,0,1
6146,2017-06-19,2017-06-19,1,1,53.68357,-1.09137,53.68357,53.68357,-1.09137,-1.09137,0.45,0.45,SNPP,0,1,1
6147,2017-06-19,2017-06-20,2,4,52.115,-0.3264,52.11311,52.11631,-0.3289,-0.32423,7.62,14.45,SNPP,0,1,2
6148,2017-06-19,2017-06-19,1,1,50.75435,-3.64143,50.75435,50.75435,-3.64143,-3.64143,2.23,2.23,SNPP,0,0,1
6149,2017-06-19,2017-06-19,1,1,51.78315,0.04168,51.78315,51.78315,0.04168,0.04168,2.46,2.46,SNPP,0,0,1
6150,2017-06-20,2017-06-20,1,1,52.6133,0.24846,52.6133,52.6133,0.24846,0.24846,1.33,1.33,SNPP,0,1,1
6151,2017-06-20,2017-06-20,1,1,51.27368,-1.94763,51.27368,51.27368,-1.94763,-1.94763,3.15,3.15,SNPP,0,0,1
6152,2017-06-20,2017-06-20,1,1,51.51088,-2.37794,51.51088,51.51088,-2.37794,-2.37794,2.41,2.41,SNPP,0,0,1
6153,2017-06-20,2017-06-20,1,1,53.32076,-3.26936,53.32076,53.32076,-3.26936,-3.26936,2.28,2.28,SNPP,0,0,1
6154,2017-06-21,2017-06-21,1,2,50.30934,-5.22207,50.30761,50.31106,-5.2229,-5.22124,1.58,3.16,SNPP,0,2,1
6155,2017-06-21,2017-06-21,1,1,51.14106,-0.26416,51.14106,51.14106,-0.26416,-0.26416,1.05,1.05,SNPP,0,0,1
6156,2017-06-21,2017-06-21,1,1,51.41013,-0.78857,51.41013,51.41013,-0.78857,-0.78857,3.03,3.03,SNPP,0,0,1
6157,2017-06-22,2017-06-24,2,4,51.50662,0.44654,51.50503,51.50931,0.44346,0.44985,1.31,3.71,SNPP,0,4,3
6158,2017-06-23,2017-06-23,1,1,52.04363,0.50918,52.04363,52.04363,0.50918,0.50918,0.27,0.27,SNPP,0,1,1
6159,2017-06-26,2017-06-26,1,3,51.11294,-0.10177,51.11079,51.11496,-0.10369,-0.10078,7.7,21.25,SNPP,0,3,1
6160,2017-06-26,2017-06-26,1,2,51.55914,-2.37058,51.5577,51.56057,-2.37101,-2.37015,1.33,2.03,SNPP,0,2,1
6161,2017-06-26,2017-06-26,1,1,54.60456,-1.17407,54.60456,54.60456,-1.17407,-1.17407,3.86,3.86,SNPP,0,1,1
6162,2017-06-26,2017-06-26,1,2,51.17978,-0.0226,51.17891,51.18066,-0.02594,-0.01925,1.74,3.03,SNPP,0,2,1
6163,2017-06-26,2017-06-26,1,1,51.51484,0.18052,51.51484,51.51484,0.18052,0.18052,6.67,6.67,SNPP,0,0,1
6164,2017-06-26,2017-06-26,1,1,51.52489,0.26917,51.52489,51.52489,0.26917,0.26917,2.2,2.2,SNPP,0,0,1
6165,2017-07-01,2017-07-01,1,1,53.55766,-2.85483,53.55766,53.55766,-2.85483,-2.85483,1.26,1.26,SNPP,0,0,1
6166,2017-07-02,2017-07-02,1,2,52.57876,-2.68074,52.57814,52.57938,-2.68086,-2.68063,1.13,1.99,SNPP,0,2,1
6167,2017-07-02,2017-07-02,1,2,52.67232,-1.7437,52.67163,52.67301,-1.74701,-1.74038,3.08,6.16,SNPP,0,2,1
6168,2017-07-02,2017-07-02,1,1,52.18391,-3.31809,52.18391,52.18391,-3.31809,-3.31809,1.65,1.65,SNPP,0,0,1
6169,2017-07-02,2017-07-02,1,1,52.90969,-1.34553,52.90969,52.90969,-1.34553,-1.34553,2.75,2.75,SNPP,0,0,1
6170,2017-07-02,2017-07-02,1,1,53.49286,-2.07221,53.49286,53.49286,-2.07221,-2.07221,2.75,2.75,SNPP,0,0,1
6171,2017-07-03,2017-07-03,1,2,52.08622,-0.63806,52.08458,52.08785,-0.63882,-0.63729,2.15,2.81,SNPP,0,2,1
6172,2017-07-04,2017-07-04,1,1,51.14641,-0.13966,51.14641,51.14641,-0.13966,-0.13966,0.33,0.33,SNPP,0,1,1
6173,2017-07-04,2017-07-04,1,1,51.43819,-1.9737,51.43819,51.43819,-1.9737,-1.9737,0.48,0.48,SNPP,0,1,1
6174,2017-07-05,2017-07-07,2,5,51.50671,0.44639,51.50499,51.50802,0.4442,0.4487,1.74,5.02,SNPP,0,5,3
6175,2017-07-05,2017-07-05,1,1,51.05745,0.3157,51.05745,51.05745,0.3157,0.3157,2.49,2.49,SNPP,0,0,1
6176,2017-07-05,2017-07-05,1,1,52.15896,-1.66168,52.15896,52.15896,-1.66168,-1.66168,3.38,3.38,SNPP,0,0,1
6177,2017-07-07,2017-07-07,1,1,51.31126,0.84424,51.31126,51.31126,0.84424,0.84424,2.01,2.01,SNPP,0,0,1
6178,2017-07-07,2017-07-07,1,1,51.66197,-0.35381,51.66197,51.66197,-0.35381,-0.35381,1.51,1.51,SNPP,0,0,1
6179,2017-07-07,2017-07-07,1,2,51.94378,-0.42848,51.94263,51.94493,-0.43201,-0.42494,6.49,12.05,SNPP,0,0,1
6180,2017-07-07,2017-07-07,1,1,52.46132,0.47713,52.46132,52.46132,0.47713,0.47713,3.88,3.88,SNPP,0,0,1
6181,2017-07-09,2017-07-09,1,1,53.41705,-1.05709,53.41705,53.41705,-1.05709,-1.05709,0.67,0.67,SNPP,0,1,1
6182,2017-07-09,2017-07-09,1,1,54.48333,-6.757,54.48333,54.48333,-6.757,-6.757,1.73,1.73,SNPP,0,1,1
6183,2017-07-10,2017-07-10,1,1,51.23137,1.20203,51.23137,51.23137,1.20203,1.20203,1.2,1.2,SNPP,0,1,1
6184,2017-07-10,2017-07-10,1,1,51.16946,-1.19573,51.16946,51.16946,-1.19573,-1.19573,3.21,3.21,SNPP,0,0,1
6185,2017-07-11,2017-07-11,1,2,51.50673,0.44456,51.5046,51.50886,0.44411,0.44501,1.25,2.45,SNPP,0,2,1
6186,2017-07-11,2017-07-11,1,1,52.0334,1.16269,52.0334,52.0334,1.16269,1.16269,2.73,2.73,SNPP,0,1,1
6187,2017-07-11,2017-07-11,1,1,52.60933,-0.23387,52.60933,52.60933,-0.23387,-0.23387,0.6,0.6,SNPP,0,1,1
6188,2017-07-12,2017-07-12,1,4,54.842,-5.85792,54.84093,54.84357,-5.86221,-5.85515,1.11,3.33,SNPP,0,4,1
6189,2017-07-12,2017-07-12,1,13,54.85775,-6.2618,54.84774,54.86554,-6.27626,-6.24548,2.85,20.14,SNPP,0,13,1
6190,2017-07-12,2017-07-12,1,2,54.85346,-6.36498,54.85321,54.85372,-6.36529,-6.36467,0.97,1.73,SNPP,0,2,1
6191,2017-07-12,2017-07-12,1,2,54.85566,-6.32252,54.85456,54.85677,-6.32257,-6.32247,0.7,1.15,SNPP,0,2,1
6192,2017-07-12,2017-07-12,1,14,54.85728,-5.82707,54.84938,54.86209,-5.84561,-5.79896,2.45,18.4,SNPP,0,14,1
6193,2017-07-12,2017-07-12,1,2,54.89354,-6.2143,54.89253,54.89455,-6.21447,-6.21412,1.81,3.13,SNPP,0,2,1
6194,2017-07-12,2017-07-12,1,3,54.99251,-6.32714,54.99111,54.99438,-6.32895,-6.32533,1.08,2.77,SNPP,0,3,1
6195,2017-07-12,2017-07-12,1,2,55.00098,-6.50506,55.0004,55.00155,-6.50621,-6.5039,2.16,3.9,SNPP,0,2,1
6196,2017-07-12,2017-07-12,1,2,55.07455,-6.5076,55.07453,55.07457,-6.51035,-6.50486,1.47,2.28,SNPP,0,2,1
6197,2017-07-12,2017-07-12,1,2,55.12974,-6.5565,55.129,55.13048,-6.55824,-6.55476,1.2,2.34,SNPP,0,2,1
6198,2017-07-12,2017-07-12,1,7,55.14371,-6.6587,55.13712,55.15233,-6.66467,-6.65435,1.63,8.31,SNPP,0,7,1
6199,2017-07-12,2017-07-12,1,4,55.14871,-6.76734,55.14694,55.15055,-6.77002,-6.76416,1.39,3.72,SNPP,0,4,1
6200,2017-07-12,2017-07-12,1,3,54.25964,-5.84906,54.25901,54.26017,-5.85308,-5.84536,1.8,4.2,SNPP,0,3,1
6201,2017-07-12,2017-07-12,1,2,54.40269,-5.89714,54.40262,54.40277,-5.89886,-5.89541,2.73,4.33,SNPP,0,2,1
6202,2017-07-12,2017-07-12,1,8,54.42334,-6.45433,54.41957,54.42689,-6.46686,-6.44537,8.16,28.48,SNPP,0,8,1
6203,2017-07-12,2017-07-12,1,3,54.42368,-6.41687,54.42325,54.42437,-6.42087,-6.41482,1.93,3.37,SNPP,0,3,1
6204,2017-07-12,2017-07-12,1,2,54.46162,-5.44388,54.46143,54.46181,-5.44564,-5.44212,1.11,2.04,SNPP,0,2,1
6205,2017-07-12,2017-07-12,1,2,54.47977,-6.0374,54.47892,54.48062,-6.03939,-6.03541,0.84,1.47,SNPP,0,2,1
6206,2017-07-12,2017-07-12,1,1,54.49095,-7.07094,54.49095,54.49095,-7.07094,-7.07094,1.0,1.0,SNPP,0,1,1
6207,2017-07-12,2017-07-12,1,8,54.5012,-6.75695,54.49831,54.50499,-6.7659,-6.74773,2.89,12.64,SNPP,0,8,1
6208,2017-07-12,2017-07-12,1,3,54.50284,-6.05691,54.50065,54.50665,-6.06088,-6.05108,2.05,4.07,SNPP,0,3,1
6209,2017-07-12,2017-07-12,1,2,54.50078,-5.78596,54.50076,54.5008,-5.78786,-5.78405,1.96,3.19,SNPP,0,2,1
6210,2017-07-12,2017-07-12,1,5,54.51783,-6.02574,54.51308,54.52413,-6.02782,-6.02278,2.61,7.3,SNPP,0,5,1
6211,2017-07-12,2017-07-12,1,5,54.53115,-6.07944,54.52566,54.5346,-6.08478,-6.07461,1.35,5.09,SNPP,0,5,1
6212,2017-07-12,2017-07-12,1,17,54.55507,-5.99319,54.54161,54.57049,-6.01034,-5.96738,2.57,24.58,SNPP,0,17,1
6213,2017-07-12,2017-07-12,1,3,54.54551,-5.93798,54.54481,54.5467,-5.94001,-5.93432,0.98,2.28,SNPP,0,3,1
6214,2017-07-12,2017-07-12,1,10,54.57048,-5.88054,54.56049,54.57602,-5.89951,-5.85851,2.55,16.06,SNPP,0,10,1
6215,2017-07-12,2017-07-12,1,11,54.5891,-5.68621,54.57767,54.60281,-5.70233,-5.6601,2.35,16.53,SNPP,0,11,1
6216,2017-07-12,2017-07-12,1,36,54.60779,-5.9544,54.5796,54.63107,-5.98577,-5.92146,5.58,50.7,SNPP,0,36,1
6217,2017-07-12,2017-07-12,1,2,54.58084,-5.84601,54.58009,54.58158,-5.84623,-5.84579,0.47,0.81,SNPP,0,2,1
6218,2017-07-12,2017-07-12,1,6,54.5897,-5.80774,54.58741,54.59285,-5.82632,-5.79328,2.22,7.42,SNPP,0,6,1
6219,2017-07-12,2017-07-12,1,8,54.59948,-5.88222,54.58922,54.61021,-5.89603,-5.87005,2.95,10.81,SNPP,0,8,1
6220,2017-07-12,2017-07-12,1,2,54.60972,-5.53072,54.60966,54.60978,-5.53225,-5.5292,2.43,4.83,SNPP,0,2,1
6221,2017-07-12,2017-07-12,1,2,54.62703,-5.68179,54.62651,54.62755,-5.68195,-5.68164,0.73,1.45,SNPP,0,2,1
6222,2017-07-12,2017-07-12,1,6,54.6412,-5.54186,54.63644,54.6445,-5.54407,-5.54022,0.96,4.92,SNPP,0,6,1
6223,2017-07-12,2017-07-12,1,4,54.64209,-5.659,54.64051,54.64501,-5.66309,-5.65502,1.45,3.7,SNPP,0,4,1
6224,2017-07-12,2017-07-13,2,10,54.65054,-5.69265,54.64661,54.6539,-5.69737,-5.6847,11.33,57.01,SNPP,0,10,2
6225,2017-07-12,2017-07-12,1,3,54.65489,-6.75151,54.65354,54.65669,-6.75346,-6.74905,1.23,3.36,SNPP,0,3,1
6226,2017-07-12,2017-07-12,1,3,54.662,-5.63485,54.66151,54.66249,-5.63621,-5.63411,1.61,4.23,SNPP,0,3,1
6227,2017-07-12,2017-07-12,1,15,54.67618,-5.91896,54.66198,54.68904,-5.93765,-5.90385,2.53,19.38,SNPP,0,15,1
6228,2017-07-12,2017-07-12,1,4,54.70604,-6.18054,54.70237,54.70929,-6.18486,-6.17711,3.26,8.09,SNPP,0,4,1
6229,2017-07-12,2017-07-12,1,2,54.7081,-6.2226,54.70803,54.70816,-6.22327,-6.22192,3.53,4.51,SNPP,0,2,1
6230,2017-07-12,2017-07-12,1,11,54.72325,-5.81241,54.71451,54.72774,-5.82127,-5.80085,3.06,18.21,SNPP,0,11,1
6231,2017-07-12,2017-07-12,1,3,54.72202,-6.20287,54.72127,54.72248,-6.20638,-6.20023,1.45,3.55,SNPP,0,3,1
6232,2017-07-12,2017-07-12,1,2,54.7461,-6.60232,54.74594,54.74627,-6.604,-6.60065,1.26,2.4,SNPP,0,2,1
6233,2017-07-12,2017-07-12,1,4,54.75781,-6.00966,54.75289,54.762,-6.01572,-6.00408,1.38,3.3,SNPP,0,4,1
6234,2017-07-12,2017-07-12,1,3,54.774,-5.75172,54.77161,54.77562,-5.75387,-5.74932,1.47,3.45,SNPP,0,3,1
6235,2017-07-12,2017-07-12,1,2,54.81108,-6.70564,54.81035,54.81181,-6.70759,-6.70368,0.91,1.41,SNPP,0,2,1
6236,2017-07-12,2017-07-12,1,2,54.64434,-5.91936,54.64368,54.64499,-5.91983,-5.9189,0.71,1.32,SNPP,0,2,1
6237,2017-07-12,2017-07-12,1,1,54.67896,-6.0097,54.67896,54.67896,-6.0097,-6.0097,0.63,0.63,SNPP,0,1,1
6238,2017-07-12,2017-07-12,1,1,54.6963,-5.86979,54.6963,54.6963,-5.86979,-5.86979,1.0,1.0,SNPP,0,1,1
6239,2017-07-12,2017-07-12,1,1,54.75159,-6.32044,54.75159,54.75159,-6.32044,-6.32044,0.47,0.47,SNPP,0,1,1
6240,2017-07-12,2017-07-12,1,1,54.75546,-5.70562,54.75546,54.75546,-5.70562,-5.70562,1.0,1.0,SNPP,0,1,1
6241,2017-07-12,2017-07-12,1,1,54.77662,-6.55407,54.77662,54.77662,-6.55407,-6.55407,0.74,0.74,SNPP,0,1,1
6242,2017-07-12,2017-07-12,1,2,54.79797,-5.88152,54.79633,54.79961,-5.88247,-5.88058,0.85,1.38,SNPP,0,2,1
6243,2017-07-12,2017-07-12,1,1,54.80809,-6.21526,54.80809,54.80809,-6.21526,-6.21526,1.12,1.12,SNPP,0,1,1
6244,2017-07-12,2017-07-12,1,1,54.82644,-5.80986,54.82644,54.82644,-5.80986,-5.80986,1.09,1.09,SNPP,0,1,1
6245,2017-07-12,2017-07-12,1,1,54.89086,-6.35084,54.89086,54.89086,-6.35084,-6.35084,0.73,0.73,SNPP,0,1,1
6246,2017-07-12,2017-07-12,1,1,54.90028,-7.10103,54.90028,54.90028,-7.10103,-7.10103,0.72,0.72,SNPP,0,1,1
6247,2017-07-12,2017-07-12,1,1,54.95836,-7.35032,54.95836,54.95836,-7.35032,-7.35032,0.91,0.91,SNPP,0,1,1
6248,2017-07-12,2017-07-12,1,2,54.99908,-7.29952,54.99856,54.9996,-7.30249,-7.29655,0.66,1.24,SNPP,0,2,1
6249,2017-07-12,2017-07-12,1,1,55.0473,-6.49874,55.0473,55.0473,-6.49874,-6.49874,0.62,0.62,SNPP,0,1,1
6250,2017-07-12,2017-07-12,1,1,55.05215,-6.94679,55.05215,55.05215,-6.94679,-6.94679,0.5,0.5,SNPP,0,1,1
6251,2017-07-12,2017-07-12,1,2,55.1232,-6.46873,55.12157,55.12483,-6.46963,-6.46783,0.71,1.21,SNPP,0,2,1
6252,2017-07-12,2017-07-12,1,1,55.15299,-6.40539,55.15299,55.15299,-6.40539,-6.40539,0.91,0.91,SNPP,0,1,1
6253,2017-07-12,2017-07-12,1,2,55.2084,-6.5219,55.20677,55.21003,-6.5228,-6.52101,0.79,1.45,SNPP,0,2,1
6254,2017-07-12,2017-07-12,1,1,54.40096,-5.65076,54.40096,54.40096,-5.65076,-5.65076,0.6,0.6,SNPP,0,1,1
6255,2017-07-12,2017-07-12,1,1,54.4514,-6.33251,54.4514,54.4514,-6.33251,-6.33251,0.62,0.62,SNPP,0,1,1
6256,2017-07-12,2017-07-12,1,1,54.46104,-6.28691,54.46104,54.46104,-6.28691,-6.28691,0.69,0.69,SNPP,0,1,1
6257,2017-07-12,2017-07-12,1,1,54.48934,-6.0946,54.48934,54.48934,-6.0946,-6.0946,1.02,1.02,SNPP,0,1,1
6258,2017-07-12,2017-07-12,1,1,54.53214,-5.82525,54.53214,54.53214,-5.82525,-5.82525,0.66,0.66,SNPP,0,1,1
6259,2017-07-12,2017-07-12,1,1,54.54198,-6.04513,54.54198,54.54198,-6.04513,-6.04513,0.45,0.45,SNPP,0,1,1
6260,2017-07-12,2017-07-12,1,1,54.63484,-6.74418,54.63484,54.63484,-6.74418,-6.74418,0.54,0.54,SNPP,0,1,1
6261,2017-07-12,2017-07-12,1,1,54.6764,-6.59546,54.6764,54.6764,-6.59546,-6.59546,0.5,0.5,SNPP,0,1,1
6262,2017-07-12,2017-07-12,1,1,54.79426,-6.73045,54.79426,54.79426,-6.73045,-6.73045,0.34,0.34,SNPP,0,1,1
6263,2017-07-12,2017-07-12,1,1,54.85678,-7.40391,54.85678,54.85678,-7.40391,-7.40391,0.45,0.45,SNPP,0,1,1
6264,2017-07-12,2017-07-12,1,1,51.59047,-0.6993,51.59047,51.59047,-0.6993,-0.6993,2.92,2.92,SNPP,0,0,1
6265,2017-07-12,2017-07-12,1,1,51.63032,0.21035,51.63032,51.63032,0.21035,0.21035,1.9,1.9,SNPP,0,0,1
6266,2017-07-12,2017-07-12,1,2,51.8067,-1.29216,51.80625,51.80716,-1.29491,-1.2894,4.11,8.02,SNPP,0,0,1
6267,2017-07-12,2017-07-12,1,1,52.08776,-1.67292,52.08776,52.08776,-1.67292,-1.67292,5.01,5.01,SNPP,0,0,1
6268,2017-07-12,2017-07-12,1,1,52.67764,-2.28963,52.67764,52.67764,-2.28963,-2.28963,3.37,3.37,SNPP,0,0,1
6269,2017-07-12,2017-07-12,1,2,54.81918,-2.89696,54.81756,54.8208,-2.89777,-2.89615,4.79,8.29,SNPP,0,0,1
6270,2017-07-12,2017-07-12,1,1,55.28989,-4.55679,55.28989,55.28989,-4.55679,-4.55679,2.14,2.14,SNPP,0,0,1
6271,2017-07-14,2017-07-14,1,1,50.43433,-4.04357,50.43433,50.43433,-4.04357,-4.04357,0.59,0.59,SNPP,0,1,1
6272,2017-07-14,2017-07-14,1,1,50.8584,-3.86318,50.8584,50.8584,-3.86318,-3.86318,1.44,1.44,SNPP,0,0,1
6273,2017-07-17,2017-07-17,1,3,53.22934,-0.49064,53.22824,53.23106,-0.49141,-0.49018,1.01,2.91,SNPP,0,3,1
6274,2017-07-17,2017-07-17,1,1,51.00528,-1.46082,51.00528,51.00528,-1.46082,-1.46082,2.45,2.45,SNPP,0,0,1
6275,2017-07-17,2017-07-17,1,1,51.6616,-0.3539,51.6616,51.6616,-0.3539,-0.3539,1.51,1.51,SNPP,0,0,1
6276,2017-07-17,2017-07-17,1,1,51.83687,-2.92792,51.83687,51.83687,-2.92792,-2.92792,1.34,1.34,SNPP,0,0,1
6277,2017-07-17,2017-07-17,1,1,51.93777,-0.06402,51.93777,51.93777,-0.06402,-0.06402,1.29,1.29,SNPP,0,0,1
6278,2017-07-17,2017-07-17,1,1,51.94449,0.31791,51.94449,51.94449,0.31791,0.31791,2.03,2.03,SNPP,0,0,1
6279,2017-07-17,2017-07-17,1,1,52.13103,-1.84101,52.13103,52.13103,-1.84101,-1.84101,2.58,2.58,SNPP,0,0,1
6280,2017-07-17,2017-07-17,1,1,52.50034,-1.48444,52.50034,52.50034,-1.48444,-1.48444,1.5,1.5,SNPP,0,0,1
6281,2017-07-17,2017-07-17,1,1,53.81874,-0.40814,53.81874,53.81874,-0.40814,-0.40814,5.06,5.06,SNPP,0,0,1
6282,2017-07-17,2017-07-17,1,1,56.20137,-3.02438,56.20137,56.20137,-3.02438,-3.02438,3.92,3.92,SNPP,0,0,1
6283,2017-07-18,2017-07-18,1,1,51.53225,-1.5744,51.53225,51.53225,-1.5744,-1.5744,3.87,3.87,SNPP,0,0,1
6284,2017-07-18,2017-07-18,1,1,51.63057,0.21195,51.63057,51.63057,0.21195,0.21195,5.08,5.08,SNPP,0,0,1
6285,2017-07-18,2017-07-18,1,1,52.06585,-0.63607,52.06585,52.06585,-0.63607,-0.63607,2.22,2.22,SNPP,0,0,1
6286,2017-07-18,2017-07-18,1,1,53.21999,-2.69739,53.21999,53.21999,-2.69739,-2.69739,1.73,1.73,SNPP,0,0,1
6287,2017-07-18,2017-07-18,1,1,56.37607,-3.24697,56.37607,56.37607,-3.24697,-3.24697,5.41,5.41,SNPP,0,0,1
6288,2017-07-18,2017-07-18,1,1,57.14846,-2.53635,57.14846,57.14846,-2.53635,-2.53635,3.87,3.87,SNPP,0,0,1
6289,2017-07-19,2017-07-19,1,1,53.02768,-2.04303,53.02768,53.02768,-2.04303,-2.04303,0.63,0.63,SNPP,0,1,1
6290,2017-07-19,2017-07-19,1,1,53.60768,-0.72354,53.60768,53.60768,-0.72354,-0.72354,9.14,9.14,SNPP,0,0,1
6291,2017-07-21,2017-07-21,1,1,51.50624,0.45014,51.50624,51.50624,0.45014,0.45014,0.81,0.81,SNPP,0,1,1
6292,2017-07-22,2017-07-22,1,1,53.3634,-2.71816,53.3634,53.3634,-2.71816,-2.71816,3.26,3.26,SNPP,0,1,1
6293,2017-07-23,2017-07-23,1,1,49.91105,-6.30625,49.91105,49.91105,-6.30625,-6.30625,0.81,0.81,SNPP,0,1,1
6294,2017-07-23,2017-07-23,1,1,52.80265,-1.07028,52.80265,52.80265,-1.07028,-1.07028,2.6,2.6,SNPP,0,0,1
6295,2017-07-24,2017-07-24,1,1,52.66257,0.58653,52.66257,52.66257,0.58653,0.58653,1.12,1.12,SNPP,0,1,1
6296,2017-07-24,2017-07-24,1,1,57.69533,-4.16346,57.69533,57.69533,-4.16346,-4.16346,5.74,5.74,SNPP,0,0,1
6297,2017-07-25,2017-07-25,1,1,51.53244,-1.57564,51.53244,51.53244,-1.57564,-1.57564,0.63,0.63,SNPP,0,1,1
6298,2017-07-25,2017-07-25,1,1,52.85442,1.45755,52.85442,52.85442,1.45755,1.45755,0.26,0.26,SNPP,0,1,1
6299,2017-07-25,2017-07-25,1,1,53.41095,-1.10647,53.41095,53.41095,-1.10647,-1.10647,2.07,2.07,SNPP,0,0,1
6300,2017-07-26,2017-07-26,1,1,51.76692,0.6481,51.76692,51.76692,0.6481,0.6481,0.62,0.62,SNPP,0,1,1
6301,2017-07-26,2017-07-26,1,1,53.4993,-1.13259,53.4993,53.4993,-1.13259,-1.13259,1.48,1.48,SNPP,0,1,1
6302,2017-07-27,2017-07-27,1,1,52.89336,-2.743,52.89336,52.89336,-2.743,-2.743,1.26,1.26,SNPP,0,1,1
6303,2017-07-27,2017-07-27,1,1,51.63052,0.2172,51.63052,51.63052,0.2172,0.2172,2.61,2.61,SNPP,0,0,1
6304,2017-07-27,2017-07-27,1,1,51.93621,-0.06567,51.93621,51.93621,-0.06567,-0.06567,4.16,4.16,SNPP,0,0,1
6305,2017-07-27,2017-07-27,1,1,53.62794,-1.83534,53.62794,53.62794,-1.83534,-1.83534,2.28,2.28,SNPP,0,0,1
6306,2017-07-27,2017-07-27,1,1,54.18666,-7.64002,54.18666,54.18666,-7.64002,-7.64002,2.38,2.38,SNPP,0,0,1
6307,2017-07-27,2017-07-27,1,1,57.37345,-2.34737,57.37345,57.37345,-2.34737,-2.34737,2.58,2.58,SNPP,0,0,1
6308,2017-07-29,2017-07-29,1,1,51.17558,-2.91059,51.17558,51.17558,-2.91059,-2.91059,1.25,1.25,SNPP,0,1,1
6309,2017-07-29,2017-07-29,1,1,51.21788,-2.92205,51.21788,51.21788,-2.92205,-2.92205,0.61,0.61,SNPP,0,1,1
6310,2017-08-01,2017-08-01,1,1,53.68399,-1.0931,53.68399,53.68399,-1.0931,-1.0931,0.36,0.36,SNPP,0,1,1
6311,2017-08-01,2017-08-01,1,1,53.57597,-1.43315,53.57597,53.57597,-1.43315,-1.43315,1.73,1.73,SNPP,0,0,1
6312,2017-08-03,2017-08-03,1,1,54.92678,-2.95781,54.92678,54.92678,-2.95781,-2.95781,2.21,2.21,SNPP,0,0,1
6313,2017-08-05,2017-08-05,1,1,56.72531,-2.63172,56.72531,56.72531,-2.63172,-2.63172,0.6,0.6,SNPP,0,1,1
6314,2017-08-05,2017-08-05,1,1,51.31257,-3.00719,51.31257,51.31257,-3.00719,-3.00719,3.51,3.51,SNPP,0,1,1
6315,2017-08-06,2017-08-06,1,2,51.50778,0.44734,51.50742,51.50813,0.44414,0.45054,0.79,1.28,SNPP,0,2,1
6316,2017-08-06,2017-08-06,1,1,53.3215,-4.38748,53.3215,53.3215,-4.38748,-4.38748,0.49,0.49,SNPP,0,1,1
6317,2017-08-06,2017-08-06,1,1,53.73149,-1.35111,53.73149,53.73149,-1.35111,-1.35111,0.93,0.93,SNPP,0,1,1
6318,2017-08-08,2017-08-08,1,1,50.82049,-0.71523,50.82049,50.82049,-0.71523,-0.71523,3.68,3.68,SNPP,0,1,1
6319,2017-08-09,2017-08-09,1,1,51.26158,0.99706,51.26158,51.26158,0.99706,0.99706,0.58,0.58,SNPP,0,1,1
6320,2017-08-10,2017-08-10,1,1,54.81113,-3.13082,54.81113,54.81113,-3.13082,-3.13082,0.48,0.48,SNPP,0,1,1
6321,2017-08-10,2017-08-11,2,2,51.66446,-0.64089,51.66375,51.66516,-0.64208,-0.6397,1.94,2.79,SNPP,0,0,2
6322,2017-08-11,2017-08-11,1,1,51.3067,0.32452,51.3067,51.3067,0.32452,0.32452,1.71,1.71,SNPP,0,0,1
6323,2017-08-12,2017-08-12,1,1,52.2175,-2.26021,52.2175,52.2175,-2.26021,-2.26021,0.95,0.95,SNPP,0,1,1
6324,2017-08-13,2017-08-13,1,1,51.5475,-0.43492,51.5475,51.5475,-0.43492,-0.43492,1.01,1.01,SNPP,0,1,1
6325,2017-08-13,2017-08-13,1,1,51.86601,-0.57143,51.86601,51.86601,-0.57143,-0.57143,0.67,0.67,SNPP,0,1,1
6326,2017-08-13,2017-08-13,1,1,51.64667,-1.78846,51.64667,51.64667,-1.78846,-1.78846,2.54,2.54,SNPP,0,0,1
6327,2017-08-13,2017-08-13,1,1,51.67324,-0.66086,51.67324,51.67324,-0.66086,-0.66086,2.06,2.06,SNPP,0,0,1
6328,2017-08-14,2017-08-14,1,2,52.30453,0.14196,52.30376,52.3053,0.1394,0.14451,1.02,1.77,SNPP,0,2,1
6329,2017-08-14,2017-08-14,1,1,52.41508,0.28449,52.41508,52.41508,0.28449,0.28449,1.18,1.18,SNPP,0,1,1
6330,2017-08-14,2017-08-14,1,1,51.29921,-1.65084,51.29921,51.29921,-1.65084,-1.65084,0.54,0.54,SNPP,0,1,1
6331,2017-08-14,2017-08-14,1,1,50.95328,0.85434,50.95328,50.95328,0.85434,0.85434,10.28,10.28,SNPP,0,0,1
6332,2017-08-14,2017-08-14,1,1,53.92788,-2.26896,53.92788,53.92788,-2.26896,-2.26896,2.21,2.21,SNPP,0,0,1
6333,2017-08-15,2017-08-15,1,2,51.09004,1.11864,51.0881,51.09198,1.11751,1.11976,2.16,4.32,SNPP,0,0,1
6334,2017-08-15,2017-08-15,1,1,51.9672,-2.7602,51.9672,51.9672,-2.7602,-2.7602,4.56,4.56,SNPP,0,0,1
6335,2017-08-15,2017-08-15,1,1,52.28862,0.99726,52.28862,52.28862,0.99726,0.99726,13.37,13.37,SNPP,0,0,1
6336,2017-08-15,2017-08-15,1,1,53.78629,-0.26335,53.78629,53.78629,-0.26335,-0.26335,3.07,3.07,SNPP,0,0,1
6337,2017-08-15,2017-08-15,1,1,53.22908,-0.22894,53.22908,53.22908,-0.22894,-0.22894,1.6,1.6,SNPP,0,0,1
6338,2017-08-15,2017-08-15,1,2,54.02374,-0.30772,54.02343,54.02404,-0.30958,-0.30585,6.34,12.22,SNPP,0,0,1
6339,2017-08-16,2017-08-16,1,1,51.05219,0.14174,51.05219,51.05219,0.14174,0.14174,0.25,0.25,SNPP,0,1,1
6340,2017-08-16,2017-08-16,1,4,51.26402,-1.23881,51.2614,51.26664,-1.24009,-1.23752,10.54,41.76,SNPP,1,0,1
6341,2017-08-17,2017-08-17,1,3,55.86855,-4.21572,55.8661,55.87003,-4.21732,-4.21422,11.32,25.3,SNPP,0,3,1
6342,2017-08-17,2017-08-17,1,1,52.38179,-0.15523,52.38179,52.38179,-0.15523,-0.15523,2.61,2.61,SNPP,0,0,1
6343,2017-08-17,2017-08-17,1,1,50.7985,-4.2793,50.7985,50.7985,-4.2793,-4.2793,8.2,8.2,SNPP,0,0,1
6344,2017-08-17,2017-08-17,1,1,51.93484,-0.06503,51.93484,51.93484,-0.06503,-0.06503,2.24,2.24,SNPP,0,0,1
6345,2017-08-17,2017-08-17,1,1,54.27158,-7.48613,54.27158,54.27158,-7.48613,-7.48613,4.79,4.79,SNPP,0,0,1
6346,2017-08-18,2017-08-18,1,1,52.94225,-0.65794,52.94225,52.94225,-0.65794,-0.65794,0.34,0.34,SNPP,0,1,1
6347,2017-08-18,2017-08-18,1,1,53.07618,-2.3288,53.07618,53.07618,-2.3288,-2.3288,1.6,1.6,SNPP,0,0,1
6348,2017-08-19,2017-08-19,1,1,53.7586,-0.33091,53.7586,53.7586,-0.33091,-0.33091,0.91,0.91,SNPP,0,1,1
6349,2017-08-19,2017-08-19,1,1,51.10402,0.85458,51.10402,51.10402,0.85458,0.85458,0.43,0.43,SNPP,0,1,1
6350,2017-08-19,2017-08-19,1,1,52.75623,1.35192,52.75623,52.75623,1.35192,1.35192,1.96,1.96,SNPP,0,0,1
6351,2017-08-20,2017-08-20,1,3,51.58743,0.46252,51.58589,51.58941,0.45936,0.46522,2.05,5.35,SNPP,0,3,1
6352,2017-08-20,2017-08-20,1,1,50.90567,-2.25879,50.90567,50.90567,-2.25879,-2.25879,0.93,0.93,SNPP,0,1,1
6353,2017-08-20,2017-08-20,1,1,53.77955,-2.40523,53.77955,53.77955,-2.40523,-2.40523,0.28,0.28,SNPP,0,1,1
6354,2017-08-20,2017-08-20,1,1,53.84084,-2.96894,53.84084,53.84084,-2.96894,-2.96894,0.28,0.28,SNPP,0,1,1
6355,2017-08-20,2017-08-20,1,2,53.95312,-0.4746,53.95097,53.95526,-0.4754,-0.47381,1.73,2.69,SNPP,0,2,1
6356,2017-08-20,2017-08-20,1,2,55.92514,-3.11614,55.92465,55.92562,-3.11909,-3.11319,1.52,2.78,SNPP,0,2,1
6357,2017-08-20,2017-08-20,1,2,53.45764,-2.98706,53.45668,53.4586,-2.98837,-2.98574,2.01,3.97,SNPP,0,2,1
6358,2017-08-21,2017-08-21,1,1,52.65226,0.07858,52.65226,52.65226,0.07858,0.07858,0.21,0.21,SNPP,0,1,1
6359,2017-08-23,2017-08-23,1,1,51.50884,0.44813,51.50884,51.50884,0.44813,0.44813,0.66,0.66,SNPP,0,1,1
6360,2017-08-23,2017-08-23,1,1,53.10429,-2.47386,53.10429,53.10429,-2.47386,-2.47386,3.43,3.43,SNPP,0,0,1
6361,2017-08-24,2017-08-24,1,2,51.85847,0.33229,51.85723,51.85971,0.33149,0.33309,0.6,0.99,SNPP,0,2,1
6362,2017-08-24,2017-08-24,1,1,52.45835,0.03353,52.45835,52.45835,0.03353,0.03353,1.37,1.37,SNPP,0,0,1
6363,2017-08-24,2017-08-24,1,1,52.88313,-3.23668,52.88313,52.88313,-3.23668,-3.23668,7.74,7.74,SNPP,0,0,1
6364,2017-08-24,2017-08-24,1,1,52.94772,-0.85397,52.94772,52.94772,-0.85397,-0.85397,8.84,8.84,SNPP,0,0,1
6365,2017-08-25,2017-08-25,1,1,53.53175,-2.49165,53.53175,53.53175,-2.49165,-2.49165,0.45,0.45,SNPP,0,1,1
6366,2017-08-26,2017-08-26,1,1,51.28777,0.98803,51.28777,51.28777,0.98803,0.98803,0.57,0.57,SNPP,0,1,1
6367,2017-08-27,2017-08-27,1,2,52.02711,1.27869,52.02704,52.02718,1.27862,1.27876,1.13,1.88,SNPP,0,2,1
6368,2017-08-27,2017-08-27,1,2,53.70406,0.05846,53.7015,53.70661,0.05581,0.06112,1.54,3.08,SNPP,0,2,1
6369,2017-08-27,2017-08-27,1,1,51.66679,-1.98902,51.66679,51.66679,-1.98902,-1.98902,3.31,3.31,SNPP,0,0,1
6370,2017-08-27,2017-08-27,1,1,51.0802,-0.0461,51.0802,51.0802,-0.0461,-0.0461,1.66,1.66,SNPP,0,0,1
6371,2017-08-28,2017-08-28,1,4,51.50481,-1.2893,51.50269,51.50628,-1.29186,-1.28741,13.65,26.97,SNPP,0,4,1
6372,2017-08-28,2017-08-28,1,2,52.25488,0.82567,52.25404,52.25571,0.82523,0.82611,1.46,2.09,SNPP,0,2,1
6373,2017-08-28,2017-08-28,1,2,50.29056,-5.11832,50.28816,50.29296,-5.12493,-5.1117,2.81,5.6,SNPP,0,0,1
6374,2017-08-28,2017-08-28,1,2,50.28984,-5.19754,50.28821,50.29147,-5.19819,-5.1969,2.42,4.15,SNPP,0,0,1
6375,2017-08-28,2017-08-28,1,1,50.35357,-4.89919,50.35357,50.35357,-4.89919,-4.89919,6.04,6.04,SNPP,0,0,1
6376,2017-08-28,2017-08-28,1,1,50.39106,-4.59692,50.39106,50.39106,-4.59692,-4.59692,3.04,3.04,SNPP,0,0,1
6377,2017-08-28,2017-08-28,1,1,53.47434,-0.84033,53.47434,53.47434,-0.84033,-0.84033,3.67,3.67,SNPP,0,0,1
6378,2017-08-29,2017-08-29,1,1,53.5025,-0.81473,53.5025,53.5025,-0.81473,-0.81473,1.78,1.78,SNPP,0,1,1
6379,2017-08-29,2017-08-29,1,2,52.71563,-0.67088,52.71528,52.71598,-0.67112,-0.67063,0.71,1.13,SNPP,0,2,1
6380,2017-08-29,2017-08-29,1,1,50.76195,-0.79736,50.76195,50.76195,-0.79736,-0.79736,1.72,1.72,SNPP,0,0,1
6381,2017-08-29,2017-08-29,1,2,50.8628,-1.90001,50.85904,50.86657,-1.90135,-1.89867,8.99,11.46,SNPP,0,0,1
6382,2017-08-31,2017-08-31,1,1,51.8597,-2.33554,51.8597,51.8597,-2.33554,-2.33554,0.31,0.31,SNPP,0,1,1
6383,2017-08-31,2017-08-31,1,1,52.46248,0.47641,52.46248,52.46248,0.47641,0.47641,0.82,0.82,SNPP,0,1,1
6384,2017-08-31,2017-09-01,2,5,52.63272,-0.15004,52.6314,52.63466,-0.15392,-0.14536,1.9,7.58,SNPP,0,5,2
6385,2017-08-31,2017-08-31,1,1,53.87188,-2.84166,53.87188,53.87188,-2.84166,-2.84166,1.3,1.3,SNPP,0,1,1
6386,2017-08-31,2017-08-31,1,1,56.37072,-3.26923,56.37072,56.37072,-3.26923,-3.26923,4.44,4.44,SNPP,0,0,1
6387,2017-08-31,2017-09-01,2,3,50.94581,-1.03754,50.9444,50.94846,-1.04116,-1.03296,7.74,15.11,SNPP,1,0,2
6388,2017-08-31,2017-08-31,1,3,51.48425,-1.75226,51.48352,51.48553,-1.75504,-1.74959,6.88,15.06,SNPP,1,0,1
6389,2017-09-01,2017-09-01,1,1,51.49626,-0.52905,51.49626,51.49626,-0.52905,-0.52905,0.64,0.64,SNPP,0,1,1
6390,2017-09-01,2017-09-02,2,8,53.33083,-0.98848,53.32706,53.33472,-0.99371,-0.98135,26.25,72.71,SNPP,0,8,2
6391,2017-09-01,2017-09-01,1,2,52.36442,-3.31446,52.36239,52.36645,-3.31495,-3.31398,10.23,13.46,SNPP,0,0,1
6392,2017-09-02,2017-09-02,1,2,54.57965,-0.93336,54.57957,54.57973,-0.93383,-0.93289,0.65,1.2,SNPP,0,2,1
6393,2017-09-02,2017-09-02,1,2,52.45756,-2.58395,52.45708,52.45805,-2.58495,-2.58295,0.87,1.65,SNPP,0,2,1
6394,2017-09-02,2017-09-02,1,1,52.78616,1.26241,52.78616,52.78616,1.26241,1.26241,2.01,2.01,SNPP,0,1,1
6395,2017-09-03,2017-09-03,1,1,51.88948,0.08968,51.88948,51.88948,0.08968,0.08968,0.81,0.81,SNPP,0,1,1
6396,2017-09-03,2017-09-03,1,2,51.96204,-0.07801,51.96131,51.96277,-0.08017,-0.07584,1.72,3.23,SNPP,0,2,1
6397,2017-09-05,2017-09-05,1,1,52.46294,0.47454,52.46294,52.46294,0.47454,0.47454,0.62,0.62,SNPP,0,1,1
6398,2017-09-06,2017-09-06,1,1,51.50708,0.44889,51.50708,51.50708,0.44889,0.44889,0.24,0.24,SNPP,0,1,1
6399,2017-09-08,2017-09-08,1,1,54.23784,-5.86917,54.23784,54.23784,-5.86917,-5.86917,1.17,1.17,SNPP,0,1,1
6400,2017-09-09,2017-09-09,1,2,52.8643,-1.30062,52.86419,52.86441,-1.30188,-1.29935,0.76,1.28,SNPP,0,2,1
6401,2017-09-09,2017-09-09,1,1,51.5266,-2.27033,51.5266,51.5266,-2.27033,-2.27033,3.45,3.45,SNPP,0,0,1
6402,2017-09-09,2017-09-09,1,1,54.84406,-4.91807,54.84406,54.84406,-4.91807,-4.91807,9.54,9.54,SNPP,0,0,1
6403,2017-09-10,2017-09-11,2,2,51.50922,0.5671,51.50887,51.50956,0.56531,0.56888,1.0,1.58,SNPP,0,2,2
6404,2017-09-11,2017-09-11,1,2,52.78,1.54225,52.779,52.78099,1.54137,1.54313,0.99,1.39,SNPP,0,2,1
6405,2017-09-12,2017-09-12,1,3,54.63491,-1.59393,54.63352,54.636,-1.59871,-1.59009,2.03,4.99,SNPP,0,3,1
6406,2017-09-12,2017-09-12,1,2,52.0757,-2.00523,52.07358,52.07783,-2.00529,-2.00517,1.15,1.53,SNPP,0,2,1
6407,2017-09-13,2017-09-13,1,2,51.35536,-0.47368,51.35467,51.35606,-0.47414,-0.47321,4.35,8.08,SNPP,0,0,1
6408,2017-09-14,2017-09-14,1,1,50.9538,-0.09346,50.9538,50.9538,-0.09346,-0.09346,0.37,0.37,SNPP,0,1,1
6409,2017-09-14,2017-09-14,1,4,51.32121,0.89931,51.31856,51.3237,0.89812,0.90043,4.67,13.52,SNPP,0,4,1
6410,2017-09-14,2017-09-14,1,1,51.96107,0.50794,51.96107,51.96107,0.50794,0.50794,1.49,1.49,SNPP,0,1,1
6411,2017-09-15,2017-09-15,1,1,51.5055,0.44808,51.5055,51.5055,0.44808,0.44808,0.86,0.86,SNPP,0,1,1
6412,2017-09-16,2017-09-16,1,1,51.31447,-2.2473,51.31447,51.31447,-2.2473,-2.2473,0.46,0.46,SNPP,0,1,1
6413,2017-09-16,2017-09-16,1,1,52.12991,-2.05782,52.12991,52.12991,-2.05782,-2.05782,0.51,0.51,SNPP,0,1,1
6414,2017-09-16,2017-09-16,1,1,52.13002,-1.10308,52.13002,52.13002,-1.10308,-1.10308,0.88,0.88,SNPP,0,1,1
6415,2017-09-18,2017-09-18,1,2,51.57326,-2.05254,51.57217,51.57434,-2.05281,-2.05227,2.69,3.72,SNPP,0,2,1
6416,2017-09-18,2017-09-18,1,1,53.68507,-1.09193,53.68507,53.68507,-1.09193,-1.09193,0.73,0.73,SNPP,0,1,1
6417,2017-09-18,2017-09-18,1,3,51.78283,1.0969,51.78119,51.78517,1.09589,1.09798,10.52,22.49,SNPP,0,0,1
6418,2017-09-18,2017-09-18,1,2,52.46226,0.47446,52.46177,52.46274,0.47418,0.47475,5.36,9.56,SNPP,0,0,1
6419,2017-09-19,2017-09-20,2,2,51.08357,-1.91786,51.0823,51.08484,-1.91807,-1.91766,2.32,4.13,SNPP,0,1,2
6420,2017-09-19,2017-09-19,1,1,53.90096,-1.11053,53.90096,53.90096,-1.11053,-1.11053,1.66,1.66,SNPP,0,0,1
6421,2017-09-20,2017-09-22,2,3,52.10598,0.42433,52.10536,52.10649,0.42202,0.42706,2.07,4.37,SNPP,0,3,3
6422,2017-09-22,2017-09-22,1,2,52.83344,-2.65744,52.83164,52.83525,-2.65826,-2.65663,1.1,2.17,SNPP,0,2,1
6423,2017-09-22,2017-09-22,1,1,51.7789,0.24823,51.7789,51.7789,0.24823,0.24823,0.62,0.62,SNPP,0,1,1
6424,2017-09-22,2017-09-22,1,2,52.46223,0.4781,52.46022,52.46424,0.47747,0.47874,5.69,8.8,SNPP,0,0,1
6425,2017-09-22,2017-09-22,1,2,53.60898,-0.72253,53.60884,53.60912,-0.72267,-0.72239,4.85,8.21,SNPP,0,0,1
6426,2017-09-23,2017-09-23,1,1,52.79365,-2.51533,52.79365,52.79365,-2.51533,-2.51533,0.62,0.62,SNPP,0,1,1
6427,2017-09-23,2017-09-23,1,2,52.81201,-2.49678,52.81125,52.81277,-2.49922,-2.49434,0.65,1.3,SNPP,0,2,1
6428,2017-09-24,2017-09-24,1,1,52.23827,0.77219,52.23827,52.23827,0.77219,0.77219,3.36,3.36,SNPP,0,0,1
6429,2017-09-26,2017-09-26,1,1,51.72666,-0.08782,51.72666,51.72666,-0.08782,-0.08782,2.37,2.37,SNPP,0,0,1
6430,2017-09-28,2017-09-28,1,1,52.46373,0.47379,52.46373,52.46373,0.47379,0.47379,1.71,1.71,SNPP,0,0,1
6431,2017-09-30,2017-09-30,1,1,51.67188,-0.65654,51.67188,51.67188,-0.65654,-0.65654,1.3,1.3,SNPP,0,0,1
6432,2017-10-03,2017-10-03,1,1,54.36857,-1.06438,54.36857,54.36857,-1.06438,-1.06438,7.26,7.26,SNPP,0,0,1
6433,2017-10-05,2017-10-05,1,1,51.23274,1.20416,51.23274,51.23274,1.20416,1.20416,2.72,2.72,SNPP,0,0,1
6434,2017-10-05,2017-10-05,1,1,53.34803,-3.31797,53.34803,53.34803,-3.31797,-3.31797,2.01,2.01,SNPP,0,0,1
6435,2017-10-05,2017-10-05,1,1,56.80627,-2.80951,56.80627,56.80627,-2.80951,-2.80951,2.37,2.37,SNPP,0,0,1
6436,2017-10-06,2017-10-06,1,2,51.45832,0.51062,51.45781,51.45882,0.50981,0.51144,1.47,2.24,SNPP,0,2,1
6437,2017-10-06,2017-10-06,1,1,53.73531,-1.54233,53.73531,53.73531,-1.54233,-1.54233,1.61,1.61,SNPP,0,0,1
6438,2017-10-06,2017-10-06,1,1,54.37732,-1.241,54.37732,54.37732,-1.241,-1.241,4.21,4.21,SNPP,0,0,1
6439,2017-10-07,2017-10-07,1,1,51.18391,-2.84494,51.18391,51.18391,-2.84494,-2.84494,1.01,1.01,SNPP,0,1,1
6440,2017-10-08,2017-10-08,1,1,52.63491,0.24167,52.63491,52.63491,0.24167,0.24167,0.4,0.4,SNPP,0,1,1
6441,2017-10-08,2017-10-08,1,1,50.76277,0.2864,50.76277,50.76277,0.2864,0.2864,0.83,0.83,SNPP,0,1,1
6442,2017-10-08,2017-10-08,1,1,51.63653,-1.41435,51.63653,51.63653,-1.41435,-1.41435,0.42,0.42,SNPP,0,1,1
6443,2017-10-08,2017-10-08,1,1,53.73985,-2.4857,53.73985,53.73985,-2.4857,-2.4857,1.01,1.01,SNPP,0,1,1
6444,2017-10-08,2017-10-08,1,1,54.33292,-1.10804,54.33292,54.33292,-1.10804,-1.10804,2.94,2.94,SNPP,0,0,1
6445,2017-10-08,2017-10-08,1,1,54.34026,-0.91234,54.34026,54.34026,-0.91234,-0.91234,3.57,3.57,SNPP,0,0,1
6446,2017-10-08,2017-10-08,1,1,54.49531,-1.05327,54.49531,54.49531,-1.05327,-1.05327,3.7,3.7,SNPP,0,0,1
6447,2017-10-09,2017-10-09,1,1,54.4007,-0.61061,54.4007,54.4007,-0.61061,-0.61061,3.64,3.64,SNPP,0,0,1
6448,2017-10-12,2017-10-12,1,2,52.64406,-1.51678,52.64323,52.6449,-1.5172,-1.51636,5.71,9.55,SNPP,0,0,1
6449,2017-10-13,2017-10-13,1,1,51.81084,0.77881,51.81084,51.81084,0.77881,0.77881,0.57,0.57,SNPP,0,1,1
6450,2017-10-15,2017-10-15,1,2,51.35352,0.7635,51.35322,51.35381,0.76252,0.76448,0.59,1.17,SNPP,0,2,1
6451,2017-10-15,2017-10-15,1,1,53.43199,-1.66083,53.43199,53.43199,-1.66083,-1.66083,3.67,3.67,SNPP,0,0,1
6452,2017-10-15,2017-10-15,1,1,51.63093,0.21675,51.63093,51.63093,0.21675,0.21675,2.17,2.17,SNPP,0,0,1
6453,2017-10-15,2017-10-15,1,1,51.67405,-0.65858,51.67405,51.67405,-0.65858,-0.65858,3.99,3.99,SNPP,0,0,1
6454,2017-10-15,2017-10-15,1,1,53.41264,-1.68791,53.41264,53.41264,-1.68791,-1.68791,4.04,4.04,SNPP,0,0,1
6455,2017-10-15,2017-10-15,1,1,54.36285,-0.78431,54.36285,54.36285,-0.78431,-0.78431,1.96,1.96,SNPP,0,0,1
6456,2017-10-15,2017-10-15,1,2,54.37234,-0.7132,54.37053,54.37415,-0.71375,-0.71264,5.12,10.24,SNPP,0,0,1
6457,2017-10-16,2017-10-16,1,1,54.30387,-1.11751,54.30387,54.30387,-1.11751,-1.11751,3.71,3.71,SNPP,0,0,1
6458,2017-10-17,2017-10-17,1,3,52.46081,0.4762,52.4604,52.4616,0.47447,0.47735,2.35,4.83,SNPP,0,3,1
6459,2017-10-18,2017-10-18,1,1,52.26853,-2.72729,52.26853,52.26853,-2.72729,-2.72729,0.54,0.54,SNPP,0,1,1
6460,2017-10-18,2017-10-18,1,1,54.40101,-0.99078,54.40101,54.40101,-0.99078,-0.99078,3.34,3.34,SNPP,0,0,1
6461,2017-10-25,2017-10-25,1,1,51.69482,0.00774,51.69482,51.69482,0.00774,0.00774,4.31,4.31,SNPP,0,0,1
6462,2017-10-26,2017-10-26,1,2,51.6355,0.23372,51.6354,51.63559,0.23118,0.23626,0.78,1.18,SNPP,0,2,1
6463,2017-10-26,2017-10-26,1,2,56.85924,-2.73743,56.8584,56.86007,-2.73849,-2.73637,2.67,4.34,SNPP,0,0,1
6464,2017-10-27,2017-10-28,2,4,52.36858,-0.19372,52.36626,52.37004,-0.19698,-0.19054,2.36,4.59,SNPP,0,4,2
6465,2017-10-27,2017-10-27,1,2,52.46162,0.47734,52.46161,52.46163,0.47649,0.4782,1.86,2.88,SNPP,0,2,1
6466,2017-10-27,2017-10-27,1,1,51.75044,-0.84393,51.75044,51.75044,-0.84393,-0.84393,2.17,2.17,SNPP,0,0,1
6467,2017-10-27,2017-10-27,1,1,53.5186,-1.80687,53.5186,53.5186,-1.80687,-1.80687,2.65,2.65,SNPP,0,0,1
6468,2017-10-27,2017-10-27,1,1,54.50671,-1.03544,54.50671,54.50671,-1.03544,-1.03544,2.35,2.35,SNPP,0,0,1
6469,2017-10-27,2017-10-27,1,2,56.9482,-2.82951,56.94659,56.94982,-2.83039,-2.82863,8.81,17.62,SNPP,0,0,1
6470,2017-10-28,2017-10-28,1,1,52.22202,-1.01014,52.22202,52.22202,-1.01014,-1.01014,0.58,0.58,SNPP,0,1,1
6471,2017-10-28,2017-10-28,1,1,52.46268,-2.34778,52.46268,52.46268,-2.34778,-2.34778,0.31,0.31,SNPP,0,1,1
6472,2017-10-28,2017-10-28,1,1,52.70811,-2.58648,52.70811,52.70811,-2.58648,-2.58648,0.48,0.48,SNPP,0,1,1
6473,2017-10-29,2017-10-29,1,1,53.98019,-2.37467,53.98019,53.98019,-2.37467,-2.37467,0.46,0.46,SNPP,0,1,1
6474,2017-10-29,2017-10-29,1,1,54.81966,-7.47062,54.81966,54.81966,-7.47062,-7.47062,0.62,0.62,SNPP,0,1,1
6475,2017-10-29,2017-10-29,1,1,54.11276,-1.69943,54.11276,54.11276,-1.69943,-1.69943,3.25,3.25,SNPP,0,0,1
6476,2017-10-29,2017-10-29,1,1,54.34734,-1.86123,54.34734,54.34734,-1.86123,-1.86123,8.92,8.92,SNPP,0,0,1
6477,2017-10-29,2017-10-29,1,1,54.50076,-1.97913,54.50076,54.50076,-1.97913,-1.97913,2.98,2.98,SNPP,0,0,1
6478,2017-10-29,2017-10-29,1,2,56.45716,-3.76752,56.45697,56.45734,-3.76769,-3.76736,3.86,6.96,SNPP,0,0,1
6479,2017-10-30,2017-10-30,1,1,52.10649,-3.56573,52.10649,52.10649,-3.56573,-3.56573,0.64,0.64,SNPP,0,1,1
6480,2017-10-30,2017-10-30,1,1,52.31927,-1.18566,52.31927,52.31927,-1.18566,-1.18566,12.3,12.3,SNPP,0,0,1
6481,2017-10-30,2017-10-30,1,1,54.43131,-1.95241,54.43131,54.43131,-1.95241,-1.95241,2.49,2.49,SNPP,0,0,1
6482,2017-11-02,2017-11-02,1,2,52.3609,-1.36226,52.35997,52.36184,-1.36236,-1.36216,0.78,1.54,SNPP,0,2,1
6483,2017-11-02,2017-11-02,1,2,54.1039,-1.73794,54.10327,54.10452,-1.73886,-1.73702,2.85,4.59,SNPP,0,0,1
6484,2017-11-02,2017-11-02,1,1,54.24064,-1.77475,54.24064,54.24064,-1.77475,-1.77475,3.26,3.26,SNPP,0,0,1
6485,2017-11-02,2017-11-02,1,1,54.91539,-1.9496,54.91539,54.91539,-1.9496,-1.9496,3.33,3.33,SNPP,0,0,1
6486,2017-11-03,2017-11-03,1,1,52.46146,0.47834,52.46146,52.46146,0.47834,0.47834,5.59,5.59,SNPP,0,0,1
6487,2017-11-04,2017-11-06,3,3,52.86269,-2.21991,52.86089,52.86395,-2.22221,-2.21784,2.46,4.42,SNPP,0,2,3
6488,2017-11-04,2017-11-04,1,1,54.92905,-2.11359,54.92905,54.92905,-2.11359,-2.11359,3.31,3.31,SNPP,0,0,1
6489,2017-11-04,2017-11-04,1,2,56.83751,-2.78122,56.83718,56.83784,-2.78127,-2.78118,3.86,6.08,SNPP,0,0,1
6490,2017-11-05,2017-11-05,1,2,57.60562,-1.89334,57.60329,57.60795,-1.89372,-1.89297,2.14,2.77,SNPP,0,2,1
6491,2017-11-05,2017-11-05,1,1,52.31395,1.4442,52.31395,52.31395,1.4442,1.4442,0.93,0.93,SNPP,0,1,1
6492,2017-11-05,2017-11-05,1,1,52.31598,0.70499,52.31598,52.31598,0.70499,0.70499,0.92,0.92,SNPP,0,1,1
6493,2017-11-05,2017-11-05,1,4,52.34018,-2.30466,52.33807,52.34257,-2.30653,-2.30347,2.31,6.68,SNPP,0,4,1
6494,2017-11-05,2017-11-05,1,1,52.65539,-1.57662,52.65539,52.65539,-1.57662,-1.57662,0.85,0.85,SNPP,0,1,1
6495,2017-11-05,2017-11-05,1,1,52.66167,-1.72948,52.66167,52.66167,-1.72948,-1.72948,1.99,1.99,SNPP,0,1,1
6496,2017-11-05,2017-11-05,1,1,52.921,-0.10309,52.921,52.921,-0.10309,-0.10309,2.85,2.85,SNPP,0,1,1
6497,2017-11-05,2017-11-05,1,2,53.01252,-0.38798,53.01135,53.01368,-0.38903,-0.38694,1.02,1.65,SNPP,0,2,1
6498,2017-11-05,2017-11-05,1,2,53.03008,-2.37235,53.02957,53.03058,-2.37243,-2.37228,6.78,9.56,SNPP,0,1,1
6499,2017-11-05,2017-11-05,1,1,53.15688,-0.18434,53.15688,53.15688,-0.18434,-0.18434,0.9,0.9,SNPP,0,1,1
6500,2017-11-05,2017-11-05,1,1,53.32499,-1.18169,53.32499,53.32499,-1.18169,-1.18169,0.8,0.8,SNPP,0,1,1
6501,2017-11-05,2017-11-05,1,1,53.68332,-2.70051,53.68332,53.68332,-2.70051,-2.70051,0.76,0.76,SNPP,0,1,1
6502,2017-11-05,2017-11-05,1,1,53.73905,-2.77268,53.73905,53.73905,-2.77268,-2.77268,0.68,0.68,SNPP,0,1,1
6503,2017-11-05,2017-11-05,1,1,53.74052,-2.51546,53.74052,53.74052,-2.51546,-2.51546,0.36,0.36,SNPP,0,1,1
6504,2017-11-05,2017-11-05,1,1,53.74853,-1.90045,53.74853,53.74853,-1.90045,-1.90045,1.21,1.21,SNPP,0,1,1
6505,2017-11-05,2017-11-05,1,1,53.87394,-2.84295,53.87394,53.87394,-2.84295,-2.84295,1.39,1.39,SNPP,0,1,1
6506,2017-11-05,2017-11-05,1,2,54.2234,-0.54836,54.22227,54.22454,-0.5486,-0.54812,1.31,2.02,SNPP,0,2,1
6507,2017-11-05,2017-11-05,1,1,54.89305,-1.76798,54.89305,54.89305,-1.76798,-1.76798,0.66,0.66,SNPP,0,1,1
6508,2017-11-05,2017-11-05,1,2,50.88244,-0.01026,50.88187,50.88301,-0.01098,-0.00953,1.91,3.18,SNPP,0,2,1
6509,2017-11-05,2017-11-05,1,2,51.11265,0.9267,51.11252,51.11278,0.92361,0.92979,1.81,3.0,SNPP,0,2,1
6510,2017-11-05,2017-11-05,1,1,51.2314,-2.95738,51.2314,51.2314,-2.95738,-2.95738,1.4,1.4,SNPP,0,1,1
6511,2017-11-05,2017-11-05,1,3,51.3114,1.14889,51.30923,51.31305,1.14778,1.15009,1.12,3.22,SNPP,0,3,1
6512,2017-11-05,2017-11-05,1,4,51.50878,-1.07075,51.50695,51.51026,-1.07205,-1.06955,1.52,5.24,SNPP,0,4,1
6513,2017-11-05,2017-11-05,1,2,51.52779,-2.49083,51.52774,51.52784,-2.49118,-2.49048,1.01,1.44,SNPP,0,2,1
6514,2017-11-05,2017-11-05,1,1,57.87712,-4.03515,57.87712,57.87712,-4.03515,-4.03515,0.98,0.98,SNPP,0,1,1
6515,2017-11-05,2017-11-05,1,1,53.19404,-1.21362,53.19404,53.19404,-1.21362,-1.21362,0.64,0.64,SNPP,0,1,1
6516,2017-11-05,2017-11-05,1,4,53.5076,-0.5858,53.50672,53.50848,-0.58841,-0.5832,1.94,5.03,SNPP,0,4,1
6517,2017-11-05,2017-11-05,1,1,53.52656,-2.61752,53.52656,53.52656,-2.61752,-2.61752,0.9,0.9,SNPP,0,1,1
6518,2017-11-05,2017-11-05,1,1,53.54313,-1.49086,53.54313,53.54313,-1.49086,-1.49086,0.28,0.28,SNPP,0,1,1
6519,2017-11-05,2017-11-05,1,1,53.55646,-1.42066,53.55646,53.55646,-1.42066,-1.42066,0.78,0.78,SNPP,0,1,1
6520,2017-11-05,2017-11-05,1,1,53.63226,-1.65203,53.63226,53.63226,-1.65203,-1.65203,0.99,0.99,SNPP,0,1,1
6521,2017-11-05,2017-11-05,1,1,53.71525,-2.31328,53.71525,53.71525,-2.31328,-2.31328,1.16,1.16,SNPP,0,1,1
6522,2017-11-05,2017-11-05,1,1,53.73564,-1.54429,53.73564,53.73564,-1.54429,-1.54429,0.33,0.33,SNPP,0,1,1
6523,2017-11-05,2017-11-05,1,2,54.68998,-1.71434,54.68924,54.69073,-1.71598,-1.71269,1.32,2.33,SNPP,0,2,1
6524,2017-11-05,2017-11-05,1,1,51.23115,-0.28615,51.23115,51.23115,-0.28615,-0.28615,0.47,0.47,SNPP,0,1,1
6525,2017-11-05,2017-11-05,1,2,51.25216,-0.036,51.24955,51.25477,-0.03814,-0.03387,1.03,2.06,SNPP,0,2,1
6526,2017-11-05,2017-11-05,1,1,51.60654,-3.03044,51.60654,51.60654,-3.03044,-3.03044,0.62,0.62,SNPP,0,1,1
6527,2017-11-05,2017-11-05,1,2,51.62558,0.65996,51.62298,51.62817,0.65764,0.66228,1.31,2.12,SNPP,0,2,1
6528,2017-11-05,2017-11-05,1,2,51.65142,-0.73129,51.65103,51.65181,-0.73163,-0.73095,0.88,1.43,SNPP,0,2,1
6529,2017-11-05,2017-11-05,1,2,51.9922,-1.49052,51.99143,51.99297,-1.4927,-1.48835,0.79,1.32,SNPP,0,2,1
6530,2017-11-05,2017-11-05,1,1,52.33992,-0.99995,52.33992,52.33992,-0.99995,-0.99995,1.43,1.43,SNPP,0,1,1
6531,2017-11-05,2017-11-05,1,1,52.48949,-1.43792,52.48949,52.48949,-1.43792,-1.43792,0.68,0.68,SNPP,0,1,1
6532,2017-11-05,2017-11-05,1,2,52.95378,-2.0085,52.95311,52.95445,-2.01075,-2.00626,0.87,1.51,SNPP,0,2,1
6533,2017-11-05,2017-11-05,1,1,53.00418,-1.99106,53.00418,53.00418,-1.99106,-1.99106,1.0,1.0,SNPP,0,1,1
6534,2017-11-05,2017-11-05,1,3,54.7974,-1.92929,54.79392,54.80014,-1.93932,-1.92139,6.27,16.44,SNPP,0,0,1
6535,2017-11-05,2017-11-05,1,1,55.89082,-2.60521,55.89082,55.89082,-2.60521,-2.60521,5.28,5.28,SNPP,0,0,1
6536,2017-11-06,2017-11-06,1,1,52.51338,-2.15103,52.51338,52.51338,-2.15103,-2.15103,0.54,0.54,SNPP,0,1,1
6537,2017-11-06,2017-11-06,1,3,52.68069,-2.05158,52.68053,52.68078,-2.05179,-2.05118,1.71,4.01,SNPP,0,3,1
6538,2017-11-06,2017-11-06,1,3,52.77967,-1.98419,52.77755,52.78302,-1.98494,-1.98282,1.86,3.3,SNPP,0,3,1
6539,2017-11-06,2017-11-06,1,4,53.0153,-0.78008,53.01361,53.01773,-0.78121,-0.7782,4.04,6.55,SNPP,0,3,1
6540,2017-11-06,2017-11-06,1,1,53.02745,-2.9683,53.02745,53.02745,-2.9683,-2.9683,0.44,0.44,SNPP,0,1,1
6541,2017-11-06,2017-11-06,1,4,53.06625,-0.7772,53.06598,53.06666,-0.77988,-0.77478,1.41,3.95,SNPP,0,4,1
6542,2017-11-06,2017-11-06,1,1,53.23283,-2.82651,53.23283,53.23283,-2.82651,-2.82651,0.67,0.67,SNPP,0,1,1
6543,2017-11-06,2017-11-06,1,3,53.35249,-1.03354,53.35048,53.35453,-1.03498,-1.03136,2.08,4.4,SNPP,0,3,1
6544,2017-11-06,2017-11-06,1,2,53.35604,-1.29831,53.35576,53.35631,-1.29898,-1.29764,0.86,1.6,SNPP,0,2,1
6545,2017-11-06,2017-11-06,1,1,53.37904,-0.31409,53.37904,53.37904,-0.31409,-0.31409,0.4,0.4,SNPP,0,1,1
6546,2017-11-06,2017-11-06,1,3,53.41402,-1.60767,53.41339,53.41498,-1.60807,-1.60741,0.64,1.73,SNPP,0,3,1
6547,2017-11-06,2017-11-06,1,3,53.42684,-1.62613,53.42623,53.42749,-1.62754,-1.62427,1.03,2.54,SNPP,0,3,1
6548,2017-11-06,2017-11-06,1,2,53.44664,-2.22516,53.44614,53.44714,-2.22679,-2.22354,0.79,1.21,SNPP,0,2,1
6549,2017-11-06,2017-11-06,1,2,53.58298,-1.71918,53.58207,53.5839,-1.71967,-1.71869,0.79,1.2,SNPP,0,2,1
6550,2017-11-06,2017-11-06,1,1,53.62898,-2.25988,53.62898,53.62898,-2.25988,-2.25988,0.39,0.39,SNPP,0,1,1
6551,2017-11-06,2017-11-06,1,1,53.65495,-0.58244,53.65495,53.65495,-0.58244,-0.58244,0.52,0.52,SNPP,0,1,1
6552,2017-11-06,2017-11-06,1,2,53.80105,-0.29236,53.80038,53.80172,-0.29309,-0.29162,1.27,2.0,SNPP,0,2,1
6553,2017-11-06,2017-11-06,1,2,53.86512,-1.83025,53.86447,53.86577,-1.83078,-1.82972,0.39,0.74,SNPP,0,2,1
6554,2017-11-06,2017-11-06,1,2,51.19892,1.35709,51.19873,51.1991,1.35591,1.35827,0.8,1.06,SNPP,0,2,1
6555,2017-11-06,2017-11-06,1,2,51.5373,-3.63656,51.53575,51.53885,-3.63725,-3.63586,1.12,1.84,SNPP,0,2,1
6556,2017-11-06,2017-11-06,1,1,51.63961,-2.91844,51.63961,51.63961,-2.91844,-2.91844,0.98,0.98,SNPP,0,1,1
6557,2017-11-06,2017-11-06,1,1,51.85727,-0.61575,51.85727,51.85727,-0.61575,-0.61575,0.59,0.59,SNPP,0,1,1
6558,2017-11-06,2017-11-06,1,1,54.86438,-1.71573,54.86438,54.86438,-1.71573,-1.71573,1.52,1.52,SNPP,0,1,1
6559,2017-11-06,2017-11-06,1,2,53.30468,-3.46516,53.30274,53.30661,-3.46716,-3.46315,1.76,3.18,SNPP,0,2,1
6560,2017-11-06,2017-11-06,1,1,53.34159,-2.16885,53.34159,53.34159,-2.16885,-2.16885,0.94,0.94,SNPP,0,1,1
6561,2017-11-06,2017-11-06,1,1,53.49107,-2.61073,53.49107,53.49107,-2.61073,-2.61073,0.98,0.98,SNPP,0,1,1
6562,2017-11-06,2017-11-06,1,1,53.52536,-2.26289,53.52536,53.52536,-2.26289,-2.26289,1.14,1.14,SNPP,0,1,1
6563,2017-11-06,2017-11-06,1,1,51.35657,-0.47321,51.35657,51.35657,-0.47321,-0.47321,3.84,3.84,SNPP,0,0,1
6564,2017-11-06,2017-11-06,1,1,51.60876,0.48421,51.60876,51.60876,0.48421,0.48421,1.7,1.7,SNPP,0,0,1
6565,2017-11-06,2017-11-06,1,1,51.93705,0.93098,51.93705,51.93705,0.93098,0.93098,6.56,6.56,SNPP,0,0,1
6566,2017-11-06,2017-11-06,1,1,54.46724,-1.00957,54.46724,54.46724,-1.00957,-1.00957,6.54,6.54,SNPP,0,0,1
6567,2017-11-06,2017-11-06,1,1,55.87801,-2.61853,55.87801,55.87801,-2.61853,-2.61853,3.79,3.79,SNPP,0,0,1
6568,2017-11-08,2017-11-08,1,2,54.56412,-1.084,54.5625,54.56573,-1.08479,-1.08322,1.04,1.9,SNPP,0,2,1
6569,2017-11-10,2017-11-10,1,1,54.82869,-1.82182,54.82869,54.82869,-1.82182,-1.82182,1.43,1.43,SNPP,0,1,1
6570,2017-11-10,2017-11-10,1,1,53.9009,-1.78571,53.9009,53.9009,-1.78571,-1.78571,1.76,1.76,SNPP,0,0,1
6571,2017-11-10,2017-11-10,1,1,54.31763,-1.05519,54.31763,54.31763,-1.05519,-1.05519,2.33,2.33,SNPP,0,0,1
6572,2017-11-10,2017-11-10,1,2,54.33634,-1.09369,54.33551,54.33717,-1.09628,-1.0911,2.1,4.2,SNPP,0,0,1
6573,2017-11-10,2017-11-10,1,1,54.69402,-1.88213,54.69402,54.69402,-1.88213,-1.88213,3.57,3.57,SNPP,0,0,1
6574,2017-11-10,2017-11-10,1,1,51.93801,-0.06414,51.93801,51.93801,-0.06414,-0.06414,2.36,2.36,SNPP,0,0,1
6575,2017-11-11,2017-11-11,1,2,54.40919,-1.0374,54.40759,54.41079,-1.04719,-1.0276,9.91,14.47,SNPP,0,0,1
6576,2017-11-11,2017-11-11,1,1,54.20911,-1.82845,54.20911,54.20911,-1.82845,-1.82845,2.71,2.71,SNPP,0,0,1
6577,2017-11-11,2017-11-11,1,1,54.34274,-0.93389,54.34274,54.34274,-0.93389,-0.93389,7.0,7.0,SNPP,0,0,1
6578,2017-11-11,2017-11-11,1,1,54.36726,-1.98789,54.36726,54.36726,-1.98789,-1.98789,2.98,2.98,SNPP,0,0,1
6579,2017-11-11,2017-11-11,1,1,54.44324,-1.02555,54.44324,54.44324,-1.02555,-1.02555,4.52,4.52,SNPP,0,0,1
6580,2017-11-11,2017-11-11,1,1,54.48449,-0.95195,54.48449,54.48449,-0.95195,-0.95195,1.76,1.76,SNPP,0,0,1
6581,2017-11-11,2017-11-11,1,1,54.50777,-0.96697,54.50777,54.50777,-0.96697,-0.96697,4.83,4.83,SNPP,0,0,1
6582,2017-11-11,2017-11-11,1,2,55.46034,-2.07552,55.45975,55.46093,-2.07588,-2.07517,4.45,8.63,SNPP,0,0,1
6583,2017-11-12,2017-11-12,1,2,54.34739,-1.91922,54.34464,54.35014,-1.92379,-1.91464,8.27,10.39,SNPP,0,0,1
6584,2017-11-13,2017-11-13,1,1,54.51926,-6.76272,54.51926,54.51926,-6.76272,-6.76272,1.78,1.78,SNPP,0,1,1
6585,2017-11-16,2017-11-16,1,2,57.29585,-2.1364,57.29563,57.29607,-2.13698,-2.13583,4.53,8.29,SNPP,0,0,1
6586,2017-11-16,2017-11-16,1,1,50.64076,-2.22069,50.64076,50.64076,-2.22069,-2.22069,6.49,6.49,SNPP,0,0,1
6587,2017-11-17,2017-11-17,1,2,52.00154,-0.3217,52.00108,52.00199,-0.32201,-0.32139,0.71,1.42,SNPP,0,2,1
6588,2017-11-17,2017-11-18,2,7,52.39033,0.2983,52.38715,52.39267,0.29491,0.30296,3.9,13.14,SNPP,0,7,2
6589,2017-11-17,2017-11-17,1,1,53.35071,-1.30161,53.35071,53.35071,-1.30161,-1.30161,0.75,0.75,SNPP,0,1,1
6590,2017-11-17,2017-11-17,1,1,51.55308,-0.90764,51.55308,51.55308,-0.90764,-0.90764,2.22,2.22,SNPP,0,0,1
6591,2017-11-18,2017-11-18,1,1,53.33717,-1.02322,53.33717,53.33717,-1.02322,-1.02322,7.62,7.62,SNPP,0,1,1
6592,2017-11-18,2017-11-18,1,2,50.47316,-3.59999,50.47149,50.47483,-3.60077,-3.59921,1.38,2.76,SNPP,0,2,1
6593,2017-11-19,2017-11-19,1,1,57.12235,-2.27732,57.12235,57.12235,-2.27732,-2.27732,1.47,1.47,SNPP,0,1,1
6594,2017-11-19,2017-11-19,1,2,53.42062,-2.39528,53.42002,53.42123,-2.39585,-2.39471,1.12,2.02,SNPP,0,2,1
6595,2017-11-19,2017-11-19,1,1,54.17023,-1.75247,54.17023,54.17023,-1.75247,-1.75247,2.28,2.28,SNPP,0,0,1
6596,2017-11-19,2017-11-19,1,1,54.3415,-0.9166,54.3415,54.3415,-0.9166,-0.9166,2.22,2.22,SNPP,0,0,1
6597,2017-11-19,2017-11-19,1,1,54.36559,-0.74172,54.36559,54.36559,-0.74172,-0.74172,3.45,3.45,SNPP,0,0,1
6598,2017-11-19,2017-11-19,1,1,56.89082,-2.76538,56.89082,56.89082,-2.76538,-2.76538,4.62,4.62,SNPP,0,0,1
6599,2017-11-23,2017-11-23,1,1,54.61007,-1.19978,54.61007,54.61007,-1.19978,-1.19978,1.27,1.27,SNPP,0,1,1
6600,2017-11-23,2017-11-23,1,2,51.35578,-0.4734,51.35457,51.357,-0.47516,-0.47163,3.17,5.32,SNPP,0,0,1
6601,2017-11-25,2017-11-25,1,1,51.57363,0.626,51.57363,51.57363,0.626,0.626,0.61,0.61,SNPP,0,1,1
6602,2017-11-26,2017-11-26,1,1,53.87287,-2.83715,53.87287,53.87287,-2.83715,-2.83715,0.78,0.78,SNPP,0,1,1
6603,2017-11-27,2017-11-27,1,1,55.50463,-2.19987,55.50463,55.50463,-2.19987,-2.19987,3.18,3.18,SNPP,0,0,1
6604,2017-11-28,2017-11-28,1,3,52.75375,0.47446,52.75175,52.755,0.4731,0.47524,1.4,3.07,SNPP,0,3,1
6605,2017-11-28,2017-11-28,1,1,52.76273,-2.41866,52.76273,52.76273,-2.41866,-2.41866,1.55,1.55,SNPP,0,1,1
6606,2017-11-28,2017-11-28,1,1,51.90805,-0.79365,51.90805,51.90805,-0.79365,-0.79365,2.04,2.04,SNPP,0,0,1
6607,2017-11-28,2017-11-28,1,1,53.55625,-1.41921,53.55625,53.55625,-1.41921,-1.41921,3.28,3.28,SNPP,0,0,1
6608,2017-11-29,2017-11-29,1,1,50.47447,-3.61044,50.47447,50.47447,-3.61044,-3.61044,2.19,2.19,SNPP,0,1,1
6609,2017-11-30,2017-11-30,1,2,54.10192,-3.18611,54.10018,54.10367,-3.18674,-3.18548,1.65,3.3,SNPP,0,2,1
6610,2017-11-30,2017-11-30,1,1,54.22169,-3.14455,54.22169,54.22169,-3.14455,-3.14455,3.34,3.34,SNPP,0,0,1
6611,2017-12-01,2017-12-01,1,2,54.20854,-6.35348,54.20756,54.20953,-6.35579,-6.35117,2.09,3.46,SNPP,0,2,1
6612,2017-12-08,2017-12-08,1,1,51.01231,-0.20352,51.01231,51.01231,-0.20352,-0.20352,3.37,3.37,SNPP,0,0,1
6613,2017-12-08,2017-12-08,1,1,51.41042,-0.79317,51.41042,51.41042,-0.79317,-0.79317,3.14,3.14,SNPP,0,0,1
6614,2017-12-08,2017-12-08,1,1,52.0303,0.88583,52.0303,52.0303,0.88583,0.88583,1.77,1.77,SNPP,0,0,1
6615,2017-12-08,2017-12-08,1,1,54.19987,-1.22352,54.19987,54.19987,-1.22352,-1.22352,2.59,2.59,SNPP,0,0,1
6616,2017-12-08,2017-12-08,1,1,54.24741,-1.75912,54.24741,54.24741,-1.75912,-1.75912,2.36,2.36,SNPP,0,0,1
6617,2017-12-08,2017-12-08,1,2,54.36887,-0.59594,54.36594,54.3718,-0.60036,-0.59152,5.68,10.55,SNPP,0,0,1
6618,2017-12-09,2017-12-09,1,1,53.73064,-0.42004,53.73064,53.73064,-0.42004,-0.42004,1.56,1.56,SNPP,0,1,1
6619,2017-12-09,2017-12-09,1,1,51.1407,-0.1695,51.1407,51.1407,-0.1695,-0.1695,2.08,2.08,SNPP,0,0,1
6620,2017-12-11,2017-12-11,1,1,54.19688,-1.82169,54.19688,54.19688,-1.82169,-1.82169,7.12,7.12,SNPP,0,0,1
6621,2017-12-11,2017-12-11,1,1,54.69398,-1.93423,54.69398,54.69398,-1.93423,-1.93423,5.51,5.51,SNPP,0,0,1
6622,2017-12-11,2017-12-11,1,1,54.23241,-1.77043,54.23241,54.23241,-1.77043,-1.77043,7.06,7.06,SNPP,0,0,1
6623,2017-12-12,2017-12-12,1,1,54.16044,-1.7451,54.16044,54.16044,-1.7451,-1.7451,3.52,3.52,SNPP,0,0,1
6624,2017-12-14,2017-12-14,1,1,51.51008,0.56638,51.51008,51.51008,0.56638,0.56638,1.18,1.18,SNPP,0,0,1
6625,2017-12-16,2017-12-16,1,1,50.618,-1.98199,50.618,50.618,-1.98199,-1.98199,1.23,1.23,SNPP,0,1,1
6626,2017-12-18,2017-12-18,1,1,50.79009,0.04477,50.79009,50.79009,0.04477,0.04477,5.0,5.0,SNPP,0,0,1
6627,2017-12-28,2017-12-28,1,1,56.69563,-3.46944,56.69563,56.69563,-3.46944,-3.46944,2.47,2.47,SNPP,0,0,1
6628,2017-12-28,2017-12-28,1,1,56.84702,-2.86975,56.84702,56.84702,-2.86975,-2.86975,3.13,3.13,SNPP,0,0,1
6629,2017-12-28,2017-12-28,1,1,53.23989,-2.13541,53.23989,53.23989,-2.13541,-2.13541,3.44,3.44,SNPP,0,0,1
6630,2017-12-31,2017-12-31,1,1,54.23972,-5.87087,54.23972,54.23972,-5.87087,-5.87087,1.34,1.34,SNPP,0,1,1
6631,2018-01-04,2018-01-04,1,1,53.78033,-0.59153,53.78033,53.78033,-0.59153,-0.59153,0.74,0.74,SNPP,0,1,1
6632,2018-01-05,2018-01-05,1,1,51.35634,-0.47676,51.35634,51.35634,-0.47676,-0.47676,2.82,2.82,SNPP,0,0,1
6633,2018-01-07,2018-01-07,1,1,52.13934,-0.33018,52.13934,52.13934,-0.33018,-0.33018,0.68,0.68,SNPP,0,1,1
6634,2018-01-08,2018-01-08,1,1,53.89685,-0.84619,53.89685,53.89685,-0.84619,-0.84619,1.22,1.22,SNPP,0,1,1
6635,2018-01-08,2018-01-08,1,1,52.39133,-1.40393,52.39133,52.39133,-1.40393,-1.40393,0.53,0.53,SNPP,0,1,1
6636,2018-01-17,2018-01-17,1,1,51.35533,-0.47404,51.35533,51.35533,-0.47404,-0.47404,1.69,1.69,SNPP,0,0,1
6637,2018-01-17,2018-01-17,1,2,57.05014,-2.183,57.05005,57.05022,-2.18578,-2.18023,4.35,7.59,SNPP,0,0,1
6638,2018-01-19,2018-01-19,1,1,53.28062,-2.78999,53.28062,53.28062,-2.78999,-2.78999,1.03,1.03,SNPP,0,1,1
6639,2018-01-27,2018-01-27,1,1,53.52611,-2.31641,53.52611,53.52611,-2.31641,-2.31641,0.51,0.51,SNPP,0,1,1
6640,2018-01-30,2018-01-30,1,1,51.52584,0.27056,51.52584,51.52584,0.27056,0.27056,0.9,0.9,SNPP,0,1,1
6641,2018-01-31,2018-01-31,1,3,56.99916,-2.82373,56.99545,57.00271,-2.82877,-2.82103,13.25,28.51,SNPP,0,0,1
6642,2018-01-31,2018-01-31,1,1,57.33181,-3.03894,57.33181,57.33181,-3.03894,-3.03894,2.21,2.21,SNPP,0,0,1
6643,2018-02-01,2018-02-01,1,1,54.56698,-1.16131,54.56698,54.56698,-1.16131,-1.16131,0.7,0.7,SNPP,0,1,1
6644,2018-02-02,2018-02-02,1,1,51.14406,-3.09806,51.14406,51.14406,-3.09806,-3.09806,0.43,0.43,SNPP,0,1,1
6645,2018-02-04,2018-02-04,1,1,50.69463,-1.40498,50.69463,50.69463,-1.40498,-1.40498,0.83,0.83,SNPP,0,1,1
6646,2018-02-04,2018-02-04,1,1,53.42486,-0.86543,53.42486,53.42486,-0.86543,-0.86543,3.24,3.24,SNPP,0,0,1
6647,2018-02-05,2018-02-05,1,1,50.69012,-2.0603,50.69012,50.69012,-2.0603,-2.0603,2.3,2.3,SNPP,0,0,1
6648,2018-02-07,2018-02-07,1,2,51.02066,-0.58454,51.02041,51.02092,-0.58515,-0.58393,3.62,7.11,SNPP,0,0,1
6649,2018-02-07,2018-02-07,1,1,51.5812,0.90578,51.5812,51.5812,0.90578,0.90578,6.17,6.17,SNPP,0,0,1
6650,2018-02-11,2018-02-11,1,1,53.59629,-1.53113,53.59629,53.59629,-1.53113,-1.53113,0.62,0.62,SNPP,0,1,1
6651,2018-02-13,2018-02-13,1,2,51.54338,-0.36062,51.54172,51.54504,-0.36122,-0.36001,0.92,1.84,SNPP,0,2,1
6652,2018-02-13,2018-02-13,1,2,52.03466,1.39856,52.03424,52.03509,1.3958,1.40132,1.47,2.94,SNPP,0,2,1
6653,2018-02-16,2018-02-16,1,1,50.99236,0.33957,50.99236,50.99236,0.33957,0.33957,0.64,0.64,SNPP,0,1,1
6654,2018-02-16,2018-02-16,1,1,57.40213,-3.19695,57.40213,57.40213,-3.19695,-3.19695,1.49,1.49,SNPP,0,0,1
6655,2018-02-17,2018-02-17,1,3,57.34617,-3.7144,57.34172,57.34932,-3.716,-3.71227,6.16,13.63,SNPP,0,0,1
6656,2018-02-18,2018-02-18,1,1,51.42852,0.43276,51.42852,51.42852,0.43276,0.43276,0.69,0.69,SNPP,0,1,1
6657,2018-02-21,2018-02-21,1,1,50.65839,-4.10155,50.65839,50.65839,-4.10155,-4.10155,2.61,2.61,SNPP,0,0,1
6658,2018-02-21,2018-02-21,1,1,50.95885,-4.46747,50.95885,50.95885,-4.46747,-4.46747,4.27,4.27,SNPP,0,0,1
6659,2018-02-21,2018-02-21,1,1,56.73711,-2.52565,56.73711,56.73711,-2.52565,-2.52565,2.61,2.61,SNPP,0,0,1
6660,2018-02-22,2018-02-22,1,1,54.1012,-3.18349,54.1012,54.1012,-3.18349,-3.18349,0.42,0.42,SNPP,0,1,1
6661,2018-02-22,2018-02-22,1,1,56.93301,-2.84402,56.93301,56.93301,-2.84402,-2.84402,5.91,5.91,SNPP,0,0,1
6662,2018-02-22,2018-02-22,1,1,57.16793,-2.99154,57.16793,57.16793,-2.99154,-2.99154,3.01,3.01,SNPP,0,0,1
6663,2018-02-22,2018-02-22,1,1,57.46228,-3.62194,57.46228,57.46228,-3.62194,-3.62194,5.16,5.16,SNPP,0,0,1
6664,2018-02-23,2018-02-23,1,1,51.50601,0.44949,51.50601,51.50601,0.44949,0.44949,0.62,0.62,SNPP,0,1,1
6665,2018-02-23,2018-02-23,1,1,53.65473,-2.30686,53.65473,53.65473,-2.30686,-2.30686,0.65,0.65,SNPP,0,1,1
6666,2018-02-23,2018-02-25,2,3,54.86537,-2.22077,54.85556,54.87566,-2.22391,-2.21758,5.06,11.33,SNPP,0,0,3
6667,2018-02-23,2018-02-23,1,2,50.90778,-1.71526,50.90687,50.90868,-1.71579,-1.71473,4.56,8.44,SNPP,0,0,1
6668,2018-02-23,2018-02-23,1,1,51.57728,-3.40802,51.57728,51.57728,-3.40802,-3.40802,2.68,2.68,SNPP,0,0,1
6669,2018-02-23,2018-02-23,1,1,56.45998,-3.78916,56.45998,56.45998,-3.78916,-3.78916,4.52,4.52,SNPP,0,0,1
6670,2018-02-23,2018-02-23,1,1,56.51977,-3.81802,56.51977,56.51977,-3.81802,-3.81802,5.43,5.43,SNPP,0,0,1
6671,2018-02-23,2018-02-23,1,1,57.41194,-3.19991,57.41194,57.41194,-3.19991,-3.19991,1.88,1.88,SNPP,0,0,1
6672,2018-02-23,2018-02-23,1,1,58.14914,-3.89271,58.14914,58.14914,-3.89271,-3.89271,2.6,2.6,SNPP,0,0,1
6673,2018-02-24,2018-02-24,1,2,52.78426,-4.11106,52.78326,52.78525,-4.11137,-4.11076,15.21,30.37,SNPP,0,0,1
6674,2018-02-24,2018-02-24,1,1,53.89058,-1.82435,53.89058,53.89058,-1.82435,-1.82435,1.87,1.87,SNPP,0,0,1
6675,2018-02-24,2018-02-25,2,4,54.34588,-1.86606,54.34498,54.34697,-1.8795,-1.8564,6.66,20.48,SNPP,0,0,2
6676,2018-02-24,2018-02-24,1,1,54.35228,-1.9498,54.35228,54.35228,-1.9498,-1.9498,7.71,7.71,SNPP,0,0,1
6677,2018-02-24,2018-02-24,1,4,52.13286,-3.86588,52.1278,52.13794,-3.87723,-3.85428,9.36,33.14,SNPP,0,0,1
6678,2018-02-24,2018-02-25,2,5,52.94056,-3.37066,52.93873,52.94268,-3.37691,-3.3651,9.88,28.99,SNPP,0,0,2
6679,2018-02-24,2018-02-24,1,1,53.84904,-2.01525,53.84904,53.84904,-2.01525,-2.01525,2.23,2.23,SNPP,0,0,1
6680,2018-02-24,2018-02-24,1,2,54.06214,-1.79396,54.06189,54.06238,-1.79769,-1.79024,5.95,11.42,SNPP,0,0,1
6681,2018-02-24,2018-02-24,1,1,54.17785,-1.77393,54.17785,54.17785,-1.77393,-1.77393,7.02,7.02,SNPP,0,0,1
6682,2018-02-24,2018-02-24,1,1,54.36926,-0.75021,54.36926,54.36926,-0.75021,-0.75021,2.11,2.11,SNPP,0,0,1
6683,2018-02-24,2018-02-24,1,1,54.37195,-0.78429,54.37195,54.37195,-0.78429,-0.78429,2.92,2.92,SNPP,0,0,1
6684,2018-02-24,2018-02-24,1,2,54.3765,-0.81046,54.37512,54.37788,-0.81104,-0.80988,4.23,8.41,SNPP,0,0,1
6685,2018-02-24,2018-02-24,1,1,54.47378,-0.84157,54.47378,54.47378,-0.84157,-0.84157,3.53,3.53,SNPP,0,0,1
6686,2018-02-24,2018-02-24,1,1,54.87045,-2.09485,54.87045,54.87045,-2.09485,-2.09485,3.38,3.38,SNPP,0,0,1
6687,2018-02-24,2018-02-24,1,1,56.65928,-3.80857,56.65928,56.65928,-3.80857,-3.80857,4.08,4.08,SNPP,0,0,1
6688,2018-02-24,2018-02-24,1,1,56.78931,-2.8118,56.78931,56.78931,-2.8118,-2.8118,7.42,7.42,SNPP,0,0,1
6689,2018-02-24,2018-02-24,1,1,56.79044,-2.99542,56.79044,56.79044,-2.99542,-2.99542,3.1,3.1,SNPP,0,0,1
6690,2018-02-24,2018-02-24,1,1,56.8233,-2.8258,56.8233,56.8233,-2.8258,-2.8258,5.25,5.25,SNPP,0,0,1
6691,2018-02-25,2018-02-25,1,1,52.14657,-3.88519,52.14657,52.14657,-3.88519,-3.88519,1.05,1.05,SNPP,0,1,1
6692,2018-02-25,2018-02-25,1,2,54.03424,-2.64612,54.03308,54.03539,-2.64932,-2.64291,3.38,6.76,SNPP,0,0,1
6693,2018-02-25,2018-02-25,1,1,54.11312,-1.96268,54.11312,54.11312,-1.96268,-1.96268,6.82,6.82,SNPP,0,0,1
6694,2018-02-25,2018-02-25,1,3,54.17097,-1.7974,54.17009,54.17211,-1.80149,-1.79494,5.1,11.92,SNPP,0,0,1
6695,2018-02-25,2018-02-25,1,1,54.38551,-1.03698,54.38551,54.38551,-1.03698,-1.03698,1.29,1.29,SNPP,0,0,1
6696,2018-02-25,2018-02-25,1,1,54.40484,-2.10563,54.40484,54.40484,-2.10563,-2.10563,3.32,3.32,SNPP,0,0,1
6697,2018-02-25,2018-02-25,1,1,54.40947,-0.96604,54.40947,54.40947,-0.96604,-0.96604,6.06,6.06,SNPP,0,0,1
6698,2018-02-25,2018-02-25,1,2,54.90648,-2.40194,54.90632,54.90665,-2.40231,-2.40157,4.7,7.7,SNPP,0,0,1
6699,2018-02-25,2018-02-25,1,1,51.99448,-4.86226,51.99448,51.99448,-4.86226,-4.86226,11.67,11.67,SNPP,0,0,1
6700,2018-02-25,2018-02-25,1,1,53.49093,-1.73673,53.49093,53.49093,-1.73673,-1.73673,3.96,3.96,SNPP,0,0,1
6701,2018-02-25,2018-02-25,1,1,53.8855,-1.79778,53.8855,53.8855,-1.79778,-1.79778,5.85,5.85,SNPP,0,0,1
6702,2018-02-25,2018-02-25,1,1,54.36044,-1.08976,54.36044,54.36044,-1.08976,-1.08976,2.68,2.68,SNPP,0,0,1
6703,2018-02-25,2018-02-25,1,1,54.36391,-1.24952,54.36391,54.36391,-1.24952,-1.24952,2.97,2.97,SNPP,0,0,1
6704,2018-02-25,2018-02-25,1,1,54.36422,-1.99923,54.36422,54.36422,-1.99923,-1.99923,3.91,3.91,SNPP,0,0,1
6705,2018-02-25,2018-02-25,1,1,54.49391,-0.90015,54.49391,54.49391,-0.90015,-0.90015,2.89,2.89,SNPP,0,0,1
6706,2018-02-25,2018-02-25,1,2,54.5001,-1.05635,54.49821,54.50198,-1.05692,-1.05577,9.01,11.5,SNPP,0,0,1
6707,2018-02-25,2018-02-25,1,1,54.5127,-0.98717,54.5127,54.5127,-0.98717,-0.98717,3.53,3.53,SNPP,0,0,1
6708,2018-02-25,2018-02-25,1,2,54.75994,-1.95408,54.75913,54.76076,-1.95454,-1.95363,6.26,11.92,SNPP,0,0,1
6709,2018-02-25,2018-02-25,1,2,54.7957,-2.07329,54.79388,54.79752,-2.07388,-2.0727,4.18,8.15,SNPP,0,0,1
6710,2018-02-25,2018-02-25,1,1,55.17423,-2.05888,55.17423,55.17423,-2.05888,-2.05888,15.89,15.89,SNPP,0,0,1
6711,2018-02-25,2018-02-25,1,2,55.60091,-3.1622,55.60078,55.60104,-3.16273,-3.16167,6.08,11.02,SNPP,0,0,1
6712,2018-02-25,2018-02-25,1,1,55.86316,-2.68751,55.86316,55.86316,-2.68751,-2.68751,1.81,1.81,SNPP,0,0,1
6713,2018-02-25,2018-02-25,1,2,55.88337,-2.59194,55.88247,55.88427,-2.59253,-2.59135,13.67,25.64,SNPP,0,0,1
6714,2018-02-25,2018-02-25,1,1,55.88641,-3.26825,55.88641,55.88641,-3.26825,-3.26825,2.11,2.11,SNPP,0,0,1
6715,2018-02-25,2018-02-25,1,2,57.39238,-3.86928,57.39059,57.39418,-3.8699,-3.86865,2.94,5.88,SNPP,0,0,1
6716,2018-02-25,2018-02-25,1,2,57.48001,-3.91721,57.47822,57.4818,-3.91781,-3.91662,3.33,6.66,SNPP,0,0,1
6717,2018-02-25,2018-02-25,1,1,58.19116,-3.86091,58.19116,58.19116,-3.86091,-3.86091,6.75,6.75,SNPP,0,0,1
6718,2018-02-26,2018-02-26,1,17,51.83885,-3.74327,51.82242,51.85242,-3.75437,-3.73349,11.04,40.94,SNPP,0,16,1
6719,2018-02-26,2018-02-26,1,11,51.83089,-3.84236,51.8266,51.83589,-3.85591,-3.82012,5.86,28.89,SNPP,0,11,1
6720,2018-02-26,2018-02-26,1,2,53.39581,-1.93734,53.39474,53.39688,-1.93865,-1.93603,11.26,20.67,SNPP,0,0,1
6721,2018-02-26,2018-02-26,1,1,50.63927,-4.76466,50.63927,50.63927,-4.76466,-4.76466,2.01,2.01,SNPP,0,0,1
6722,2018-02-26,2018-02-26,1,1,51.35489,-0.47275,51.35489,51.35489,-0.47275,-0.47275,2.54,2.54,SNPP,0,0,1
6723,2018-02-26,2018-02-26,1,1,51.56119,-2.6212,51.56119,51.56119,-2.6212,-2.6212,1.4,1.4,SNPP,0,0,1
6724,2018-02-26,2018-02-26,1,1,51.66214,-1.08209,51.66214,51.66214,-1.08209,-1.08209,2.2,2.2,SNPP,0,0,1
6725,2018-02-26,2018-02-26,1,1,56.68612,-3.57345,56.68612,56.68612,-3.57345,-3.57345,2.0,2.0,SNPP,0,0,1
6726,2018-02-26,2018-02-26,1,1,57.22524,-3.39642,57.22524,57.22524,-3.39642,-3.39642,3.89,3.89,SNPP,0,0,1
6727,2018-02-26,2018-02-26,1,1,57.87402,-4.14849,57.87402,57.87402,-4.14849,-4.14849,6.45,6.45,SNPP,0,0,1
6728,2018-02-27,2018-02-27,1,2,51.95662,-4.73586,51.95557,51.95766,-4.74156,-4.73015,0.89,1.41,SNPP,0,2,1
6729,2018-02-27,2018-02-27,1,1,50.02704,-5.15767,50.02704,50.02704,-5.15767,-5.15767,6.86,6.86,SNPP,0,0,1
6730,2018-02-27,2018-02-27,1,1,50.46797,-4.08807,50.46797,50.46797,-4.08807,-4.08807,19.09,19.09,SNPP,0,0,1
6731,2018-02-27,2018-02-27,1,1,52.23775,-2.49181,52.23775,52.23775,-2.49181,-2.49181,2.24,2.24,SNPP,0,0,1
6732,2018-02-27,2018-02-27,1,1,52.83189,1.47557,52.83189,52.83189,1.47557,1.47557,2.07,2.07,SNPP,0,0,1
6733,2018-02-28,2018-02-28,1,2,56.59056,-5.1695,56.58801,56.59312,-5.17431,-5.16469,1.22,2.01,SNPP,0,2,1
6734,2018-02-28,2018-02-28,1,2,57.44448,-6.06978,57.44334,57.44561,-6.07052,-6.06904,1.47,2.11,SNPP,0,2,1
6735,2018-02-28,2018-02-28,1,1,57.45761,-6.0416,57.45761,57.45761,-6.0416,-6.0416,0.72,0.72,SNPP,0,1,1
6736,2018-02-28,2018-02-28,1,2,57.50354,-6.71048,57.50326,57.50382,-6.71202,-6.70893,0.92,1.63,SNPP,0,2,1
6737,2018-02-28,2018-02-28,1,3,51.21702,-3.55216,51.21616,51.21813,-3.55715,-3.54965,8.81,25.13,SNPP,0,0,1
6738,2018-02-28,2018-02-28,1,1,50.5672,-3.85849,50.5672,50.5672,-3.85849,-3.85849,1.86,1.86,SNPP,0,0,1
6739,2018-02-28,2018-02-28,1,1,50.61527,-4.76415,50.61527,50.61527,-4.76415,-4.76415,9.89,9.89,SNPP,0,0,1
6740,2018-02-28,2018-02-28,1,2,51.5907,-3.41888,51.58816,51.59325,-3.42191,-3.41586,5.22,8.06,SNPP,0,0,1
6741,2018-03-01,2018-03-01,1,8,57.62467,-6.32648,57.62079,57.62881,-6.33453,-6.32042,51.18,139.29,SNPP,0,0,1
6742,2018-03-01,2018-03-01,1,2,57.51689,-6.26201,57.51515,57.51863,-6.26639,-6.25763,22.44,37.87,SNPP,0,0,1
6743,2018-03-01,2018-03-01,1,3,57.61117,-6.23189,57.61063,57.61171,-6.23895,-6.22485,8.47,23.33,SNPP,0,0,1
6744,2018-03-02,2018-03-02,1,5,57.37783,-6.44815,57.37332,57.38264,-6.45002,-6.44387,1.62,4.99,SNPP,0,5,1
6745,2018-03-02,2018-03-02,1,9,57.43872,-6.36631,57.43368,57.44325,-6.37694,-6.35331,7.58,42.35,SNPP,0,9,1
6746,2018-03-02,2018-03-02,1,6,57.50797,-6.32468,57.5049,57.51028,-6.33078,-6.31688,9.03,28.51,SNPP,2,6,1
6747,2018-03-02,2018-03-02,1,3,57.53059,-6.30584,57.5304,57.53077,-6.31234,-6.29927,2.92,7.0,SNPP,0,3,1
6748,2018-03-03,2018-03-03,1,1,57.40331,-6.37284,57.40331,57.40331,-6.37284,-6.37284,6.47,6.47,SNPP,0,0,1
6749,2018-03-03,2018-03-03,1,12,57.42421,-6.42175,57.415,57.43356,-6.4432,-6.40023,11.36,111.11,SNPP,0,0,1
6750,2018-03-03,2018-03-03,1,1,57.43239,-6.48215,57.43239,57.43239,-6.48215,-6.48215,5.04,5.04,SNPP,0,0,1
6751,2018-03-03,2018-03-03,1,2,57.44074,-6.4426,57.43916,57.44232,-6.44633,-6.43886,6.79,13.58,SNPP,0,0,1
6752,2018-03-03,2018-03-03,1,2,57.45618,-6.39618,57.45375,57.4586,-6.40033,-6.39204,4.14,8.28,SNPP,0,0,1
6753,2018-03-03,2018-03-03,1,2,57.4681,-6.61482,57.46799,57.4682,-6.61591,-6.61373,5.38,9.09,SNPP,0,0,1
6754,2018-03-08,2018-03-08,1,1,53.49432,-0.99996,53.49432,53.49432,-0.99996,-0.99996,1.16,1.16,SNPP,0,1,1
6755,2018-03-09,2018-03-09,1,3,54.61425,-1.19574,54.61283,54.61551,-1.20016,-1.19243,7.1,15.34,SNPP,0,2,1
6756,2018-03-09,2018-03-09,1,2,56.43536,-3.37699,56.43368,56.43705,-3.37808,-3.3759,3.2,6.4,SNPP,0,2,1
6757,2018-03-09,2018-03-09,1,1,51.47761,0.38183,51.47761,51.47761,0.38183,0.38183,0.65,0.65,SNPP,0,1,1
6758,2018-03-09,2018-03-09,1,1,51.5056,0.44885,51.5056,51.5056,0.44885,0.44885,0.73,0.73,SNPP,0,1,1
6759,2018-03-09,2018-03-09,1,2,53.4212,-2.39114,53.42087,53.42152,-2.39206,-2.39022,2.24,3.21,SNPP,0,2,1
6760,2018-03-14,2018-03-14,1,1,54.16225,-1.76102,54.16225,54.16225,-1.76102,-1.76102,5.9,5.9,SNPP,0,0,1
6761,2018-03-17,2018-03-17,1,1,53.48503,-2.43461,53.48503,53.48503,-2.43461,-2.43461,3.14,3.14,SNPP,0,0,1
6762,2018-03-17,2018-03-17,1,2,57.35374,-6.37312,57.3517,57.35578,-6.37358,-6.37267,2.8,5.6,SNPP,0,0,1
6763,2018-03-17,2018-03-17,1,1,58.06385,-6.68196,58.06385,58.06385,-6.68196,-6.68196,4.59,4.59,SNPP,0,0,1
6764,2018-03-18,2018-03-18,1,1,58.0556,-6.46022,58.0556,58.0556,-6.46022,-6.46022,2.04,2.04,SNPP,0,1,1
6765,2018-03-18,2018-03-18,1,1,57.06651,-5.31756,57.06651,57.06651,-5.31756,-5.31756,3.42,3.42,SNPP,0,1,1
6766,2018-03-18,2018-03-18,1,1,60.286,-1.46561,60.286,60.286,-1.46561,-1.46561,3.75,3.75,SNPP,0,0,1
6767,2018-03-18,2018-03-18,1,3,60.2992,-1.42336,60.29776,60.30017,-1.42888,-1.42029,12.83,35.05,SNPP,0,0,1
6768,2018-03-18,2018-03-18,1,2,60.3094,-1.32874,60.30835,60.31046,-1.32894,-1.32853,4.25,7.43,SNPP,0,0,1
6769,2018-03-19,2018-03-19,1,1,60.27623,-1.58087,60.27623,60.27623,-1.58087,-1.58087,0.98,0.98,SNPP,0,1,1
6770,2018-03-19,2018-03-19,1,1,54.93672,-4.49403,54.93672,54.93672,-4.49403,-4.49403,3.83,3.83,SNPP,0,0,1
6771,2018-03-19,2018-03-19,1,5,56.60254,-5.651,56.60083,56.605,-5.65596,-5.64664,36.45,92.51,SNPP,0,0,1
6772,2018-03-19,2018-03-19,1,7,57.81591,-5.51514,57.81119,57.82455,-5.52567,-5.50613,5.08,27.43,SNPP,0,0,1
6773,2018-03-19,2018-03-19,1,3,54.42245,-7.4678,54.42099,54.42427,-7.47102,-7.46316,3.57,10.51,SNPP,0,0,1
6774,2018-03-19,2018-03-19,1,3,54.43144,-7.28955,54.4302,54.43259,-7.29405,-7.28432,21.86,51.93,SNPP,0,0,1
6775,2018-03-19,2018-03-19,1,1,54.79015,-7.31321,54.79015,54.79015,-7.31321,-7.31321,3.03,3.03,SNPP,0,0,1
6776,2018-03-19,2018-03-19,1,1,55.44411,-3.96731,55.44411,55.44411,-3.96731,-3.96731,5.14,5.14,SNPP,0,0,1
6777,2018-03-19,2018-03-20,2,2,57.31012,-3.85926,57.3101,57.31013,-3.85939,-3.85914,3.64,6.21,SNPP,0,0,2
6778,2018-03-19,2018-03-19,1,1,57.40285,-6.7291,57.40285,57.40285,-6.7291,-6.7291,13.52,13.52,SNPP,0,0,1
6779,2018-03-19,2018-03-19,1,1,57.60979,-7.21442,57.60979,57.60979,-7.21442,-7.21442,7.77,7.77,SNPP,0,0,1
6780,2018-03-19,2018-03-19,1,1,58.05576,-6.42884,58.05576,58.05576,-6.42884,-6.42884,1.83,1.83,SNPP,0,0,1
6781,2018-03-19,2018-03-19,1,1,58.26275,-4.94726,58.26275,58.26275,-4.94726,-4.94726,5.4,5.4,SNPP,0,0,1
6782,2018-03-19,2018-03-19,1,1,58.26561,-4.97688,58.26561,58.26561,-4.97688,-4.97688,2.12,2.12,SNPP,0,0,1
6783,2018-03-19,2018-03-19,1,2,54.99526,-7.14661,54.99403,54.99648,-7.14722,-7.146,10.48,19.71,SNPP,0,0,1
6784,2018-03-20,2018-03-20,1,6,57.5045,-6.44824,57.50045,57.50768,-6.45208,-6.44334,3.9,15.22,SNPP,0,5,1
6785,2018-03-20,2018-03-20,1,4,57.4156,-3.80889,57.40973,57.4197,-3.81983,-3.8,8.21,28.82,SNPP,0,0,1
6786,2018-03-20,2018-03-20,1,6,51.97285,-4.73758,51.9656,51.97712,-4.74272,-4.72321,19.44,45.48,SNPP,0,0,1
6787,2018-03-20,2018-03-20,1,1,54.2324,-3.29534,54.2324,54.2324,-3.29534,-3.29534,4.49,4.49,SNPP,0,0,1
6788,2018-03-20,2018-03-20,1,6,54.86652,-4.26482,54.86227,54.87016,-4.26825,-4.26008,9.41,35.84,SNPP,0,0,1
6789,2018-03-20,2018-03-20,1,1,55.28162,-3.70379,55.28162,55.28162,-3.70379,-3.70379,3.71,3.71,SNPP,0,0,1
6790,2018-03-20,2018-03-22,2,2,55.52262,-2.03712,55.52246,55.52277,-2.03826,-2.03598,4.89,9.36,SNPP,0,0,3
6791,2018-03-20,2018-03-20,1,1,55.92477,-2.49271,55.92477,55.92477,-2.49271,-2.49271,3.38,3.38,SNPP,0,0,1
6792,2018-03-20,2018-03-20,1,1,57.42878,-3.58816,57.42878,57.42878,-3.58816,-3.58816,4.44,4.44,SNPP,0,0,1
6793,2018-03-20,2018-03-20,1,1,57.44217,-3.0007,57.44217,57.44217,-3.0007,-3.0007,3.3,3.3,SNPP,0,0,1
6794,2018-03-20,2018-03-20,1,3,57.45382,-3.99209,57.453,57.45517,-3.99715,-3.98409,13.3,38.19,SNPP,0,0,1
6795,2018-03-20,2018-03-20,1,1,57.56583,-3.33699,57.56583,57.56583,-3.33699,-3.33699,2.2,2.2,SNPP,0,0,1
6796,2018-03-20,2018-03-20,1,1,57.79375,-5.32669,57.79375,57.79375,-5.32669,-5.32669,4.61,4.61,SNPP,0,0,1
6797,2018-03-20,2018-03-20,1,2,54.7963,-7.3813,54.79483,54.79778,-7.3816,-7.38101,6.73,11.7,SNPP,0,0,1
6798,2018-03-20,2018-03-20,1,1,54.97662,-4.87059,54.97662,54.97662,-4.87059,-4.87059,8.84,8.84,SNPP,0,0,1
6799,2018-03-20,2018-03-20,1,1,57.31713,-3.93579,57.31713,57.31713,-3.93579,-3.93579,3.25,3.25,SNPP,0,0,1
6800,2018-03-20,2018-03-20,1,1,57.33096,-4.17901,57.33096,57.33096,-4.17901,-4.17901,2.45,2.45,SNPP,0,0,1
6801,2018-03-20,2018-03-20,1,2,57.40537,-3.48652,57.40525,57.40549,-3.4884,-3.48465,6.56,12.01,SNPP,0,0,1
6802,2018-03-20,2018-03-20,1,2,57.43784,-5.46466,57.43734,57.43833,-5.46501,-5.46432,6.75,12.37,SNPP,0,0,1
6803,2018-03-20,2018-03-20,1,1,57.47832,-4.60757,57.47832,57.47832,-4.60757,-4.60757,16.14,16.14,SNPP,0,0,1
6804,2018-03-20,2018-03-20,1,3,57.49486,-6.71514,57.49266,57.49877,-6.71551,-6.71449,6.18,16.4,SNPP,0,0,1
6805,2018-03-20,2018-03-20,1,2,57.54421,-4.67168,57.54294,57.54547,-4.6725,-4.67085,4.88,8.15,SNPP,0,0,1
6806,2018-03-20,2018-03-20,1,1,57.56116,-6.35229,57.56116,57.56116,-6.35229,-6.35229,2.7,2.7,SNPP,0,0,1
6807,2018-03-20,2018-03-20,1,3,58.2567,-3.51818,58.25412,58.26139,-3.52065,-3.51637,8.73,21.44,SNPP,0,0,1
6808,2018-03-21,2018-03-21,1,1,51.78731,-0.02778,51.78731,51.78731,-0.02778,-0.02778,4.0,4.0,SNPP,0,0,1
6809,2018-03-22,2018-03-22,1,1,53.47486,-2.66548,53.47486,53.47486,-2.66548,-2.66548,0.79,0.79,SNPP,0,1,1
6810,2018-03-22,2018-03-22,1,2,54.24954,-1.80925,54.24911,54.24998,-1.80931,-1.80919,5.67,11.09,SNPP,0,0,1
6811,2018-03-22,2018-03-22,1,1,54.33652,-1.15141,54.33652,54.33652,-1.15141,-1.15141,2.26,2.26,SNPP,0,0,1
6812,2018-03-22,2018-03-22,1,1,54.42804,-0.91643,54.42804,54.42804,-0.91643,-0.91643,4.42,4.42,SNPP,0,0,1
6813,2018-03-22,2018-03-22,1,1,54.49191,-0.8546,54.49191,54.49191,-0.8546,-0.8546,4.04,4.04,SNPP,0,0,1
6814,2018-03-22,2018-03-22,1,1,54.50776,-1.02618,54.50776,54.50776,-1.02618,-1.02618,1.35,1.35,SNPP,0,0,1
6815,2018-03-22,2018-03-22,1,1,56.91605,-2.7803,56.91605,56.91605,-2.7803,-2.7803,4.3,4.3,SNPP,0,0,1
6816,2018-03-24,2018-03-26,2,2,57.3696,-3.42578,57.36591,57.3733,-3.43381,-3.41775,4.38,6.83,SNPP,0,0,3
6817,2018-03-24,2018-03-24,1,1,56.88128,-2.63673,56.88128,56.88128,-2.63673,-2.63673,3.49,3.49,SNPP,0,0,1
6818,2018-03-25,2018-03-25,1,2,53.42294,-2.3941,53.42204,53.42384,-2.39428,-2.39392,1.53,2.21,SNPP,0,2,1
6819,2018-03-25,2018-03-25,1,1,54.22609,-1.83501,54.22609,54.22609,-1.83501,-1.83501,4.37,4.37,SNPP,0,0,1
6820,2018-03-25,2018-03-25,1,1,54.24366,-1.81471,54.24366,54.24366,-1.81471,-1.81471,6.69,6.69,SNPP,0,0,1
6821,2018-03-25,2018-03-25,1,2,54.4062,-0.81504,54.40565,54.40676,-0.81507,-0.81501,6.87,12.37,SNPP,0,0,1
6822,2018-03-25,2018-03-25,1,1,55.50892,-2.09331,55.50892,55.50892,-2.09331,-2.09331,3.77,3.77,SNPP,0,0,1
6823,2018-03-25,2018-03-25,1,2,57.3791,-3.75362,57.37583,57.38237,-3.75539,-3.75184,14.49,18.04,SNPP,0,0,1
6824,2018-03-25,2018-03-25,1,1,53.78774,-2.02941,53.78774,53.78774,-2.02941,-2.02941,1.32,1.32,SNPP,0,0,1
6825,2018-03-25,2018-03-25,1,2,53.98642,-2.51177,53.98546,53.98737,-2.51263,-2.51091,3.38,5.42,SNPP,0,0,1
6826,2018-03-25,2018-03-25,1,1,54.33654,-1.87206,54.33654,54.33654,-1.87206,-1.87206,1.64,1.64,SNPP,0,0,1
6827,2018-03-25,2018-03-25,1,1,54.37451,-0.81953,54.37451,54.37451,-0.81953,-0.81953,2.3,2.3,SNPP,0,0,1
6828,2018-03-25,2018-03-26,2,2,54.41075,-1.02438,54.40995,54.41154,-1.03476,-1.014,4.57,7.7,SNPP,0,0,2
6829,2018-03-25,2018-03-25,1,1,54.61465,-1.92459,54.61465,54.61465,-1.92459,-1.92459,4.61,4.61,SNPP,0,0,1
6830,2018-03-25,2018-03-25,1,1,54.91516,-2.52201,54.91516,54.91516,-2.52201,-2.52201,1.81,1.81,SNPP,0,0,1
6831,2018-03-25,2018-03-25,1,1,56.54368,-3.15433,56.54368,56.54368,-3.15433,-3.15433,1.92,1.92,SNPP,0,0,1
6832,2018-03-25,2018-03-25,1,1,56.80436,-3.08185,56.80436,56.80436,-3.08185,-3.08185,4.38,4.38,SNPP,0,0,1
6833,2018-03-25,2018-03-25,1,1,56.91185,-2.81852,56.91185,56.91185,-2.81852,-2.81852,3.39,3.39,SNPP,0,0,1
6834,2018-03-25,2018-03-25,1,1,57.36327,-3.76519,57.36327,57.36327,-3.76519,-3.76519,2.2,2.2,SNPP,0,0,1
6835,2018-03-25,2018-03-25,1,1,52.7776,-3.98875,52.7776,52.7776,-3.98875,-3.98875,9.41,9.41,SNPP,0,0,1
6836,2018-03-26,2018-03-26,1,1,53.41781,-1.6823,53.41781,53.41781,-1.6823,-1.6823,3.46,3.46,SNPP,0,0,1
6837,2018-03-26,2018-03-26,1,1,53.81451,-2.0954,53.81451,53.81451,-2.0954,-2.0954,4.73,4.73,SNPP,0,0,1
6838,2018-03-26,2018-03-26,1,1,53.96217,-1.776,53.96217,53.96217,-1.776,-1.776,3.94,3.94,SNPP,0,0,1
6839,2018-03-26,2018-03-26,1,2,54.0626,-1.77548,54.06217,54.06302,-1.77631,-1.77464,3.66,5.8,SNPP,0,0,1
6840,2018-03-26,2018-03-26,1,2,54.23219,-2.02166,54.23006,54.23432,-2.02463,-2.01868,3.89,6.99,SNPP,0,0,1
6841,2018-03-26,2018-03-26,1,1,54.24718,-3.13033,54.24718,54.24718,-3.13033,-3.13033,1.76,1.76,SNPP,0,0,1
6842,2018-03-26,2018-03-26,1,1,54.32249,-0.86452,54.32249,54.32249,-0.86452,-0.86452,6.57,6.57,SNPP,0,0,1
6843,2018-03-26,2018-03-26,1,1,54.3605,-0.80136,54.3605,54.3605,-0.80136,-0.80136,2.37,2.37,SNPP,0,0,1
6844,2018-03-26,2018-03-26,1,1,54.36057,-1.24866,54.36057,54.36057,-1.24866,-1.24866,6.9,6.9,SNPP,0,0,1
6845,2018-03-26,2018-03-26,1,1,54.37709,-0.95204,54.37709,54.37709,-0.95204,-0.95204,2.18,2.18,SNPP,0,0,1
6846,2018-03-26,2018-03-26,1,2,54.37906,-1.1896,54.37781,54.38031,-1.19987,-1.17934,7.56,11.2,SNPP,0,0,1
6847,2018-03-26,2018-03-26,1,1,54.38176,-0.87011,54.38176,54.38176,-0.87011,-0.87011,4.23,4.23,SNPP,0,0,1
6848,2018-03-26,2018-03-26,1,2,54.38862,-1.0318,54.38346,54.39378,-1.03907,-1.02452,4.98,6.7,SNPP,0,0,1
6849,2018-03-26,2018-03-26,1,1,54.40307,-0.95229,54.40307,54.40307,-0.95229,-0.95229,2.31,2.31,SNPP,0,0,1
6850,2018-03-26,2018-03-26,1,2,54.40522,-1.15319,54.40501,54.40542,-1.15374,-1.15263,2.9,5.26,SNPP,0,0,1
6851,2018-03-26,2018-03-26,1,1,54.47022,-1.04907,54.47022,54.47022,-1.04907,-1.04907,1.69,1.69,SNPP,0,0,1
6852,2018-03-26,2018-03-26,1,3,54.83498,-2.18751,54.83104,54.83945,-2.19193,-2.18427,4.31,11.61,SNPP,0,0,1
6853,2018-03-26,2018-03-26,1,1,54.8638,-6.95281,54.8638,54.8638,-6.95281,-6.95281,2.93,2.93,SNPP,0,0,1
6854,2018-03-26,2018-03-26,1,1,55.77255,-2.51471,55.77255,55.77255,-2.51471,-2.51471,4.88,4.88,SNPP,0,0,1
6855,2018-03-26,2018-03-26,1,1,55.78741,-2.51642,55.78741,55.78741,-2.51642,-2.51642,4.04,4.04,SNPP,0,0,1
6856,2018-03-26,2018-03-26,1,1,55.81986,-2.59667,55.81986,55.81986,-2.59667,-2.59667,4.65,4.65,SNPP,0,0,1
6857,2018-03-26,2018-03-26,1,2,55.83348,-2.74665,55.83245,55.8345,-2.75105,-2.74225,8.72,11.3,SNPP,0,0,1
6858,2018-03-26,2018-03-26,1,1,56.85278,-2.82376,56.85278,56.85278,-2.82376,-2.82376,3.36,3.36,SNPP,0,0,1
6859,2018-03-26,2018-03-26,1,1,56.90223,-2.91828,56.90223,56.90223,-2.91828,-2.91828,2.5,2.5,SNPP,0,0,1
6860,2018-03-26,2018-03-26,1,1,56.92298,-3.02323,56.92298,56.92298,-3.02323,-3.02323,7.05,7.05,SNPP,0,0,1
6861,2018-03-26,2018-03-26,1,1,54.39977,-0.84396,54.39977,54.39977,-0.84396,-0.84396,4.24,4.24,SNPP,0,0,1
6862,2018-03-26,2018-03-26,1,1,55.43666,-3.74604,55.43666,55.43666,-3.74604,-3.74604,5.92,5.92,SNPP,0,0,1
6863,2018-03-29,2018-03-29,1,1,54.80563,-1.94309,54.80563,54.80563,-1.94309,-1.94309,2.83,2.83,SNPP,0,0,1
6864,2018-03-29,2018-03-29,1,1,55.68035,-2.98033,55.68035,55.68035,-2.98033,-2.98033,14.95,14.95,SNPP,0,0,1
6865,2018-03-31,2018-03-31,1,1,60.30672,-1.3353,60.30672,60.30672,-1.3353,-1.3353,2.89,2.89,SNPP,0,0,1
6866,2018-04-01,2018-04-01,1,1,54.84291,-5.78315,54.84291,54.84291,-5.78315,-5.78315,0.67,0.67,SNPP,0,1,1
6867,2018-04-01,2018-04-01,1,3,57.11119,-7.34881,57.11029,57.1121,-7.34941,-7.34844,1.6,3.75,SNPP,0,3,1
6868,2018-04-04,2018-04-04,1,4,57.03811,-6.38051,57.03496,57.04238,-6.38387,-6.37768,6.32,19.2,SNPP,0,0,1
6869,2018-04-05,2018-04-05,1,1,54.84322,-5.78713,54.84322,54.84322,-5.78713,-5.78713,1.07,1.07,SNPP,0,1,1
6870,2018-04-05,2018-04-05,1,1,51.26814,-0.94283,51.26814,51.26814,-0.94283,-0.94283,1.97,1.97,SNPP,0,0,1
6871,2018-04-05,2018-04-05,1,2,51.50356,-1.80135,51.50135,51.50578,-1.80347,-1.79923,3.99,7.98,SNPP,0,0,1
6872,2018-04-05,2018-04-05,1,1,51.72395,0.0019,51.72395,51.72395,0.0019,0.0019,43.59,43.59,SNPP,0,0,1
6873,2018-04-05,2018-04-05,1,1,51.73792,0.00175,51.73792,51.73792,0.00175,0.00175,1.28,1.28,SNPP,0,0,1
6874,2018-04-05,2018-04-05,1,1,52.44143,0.00487,52.44143,52.44143,0.00487,0.00487,1.84,1.84,SNPP,0,0,1
6875,2018-04-05,2018-04-05,1,1,52.55927,0.44088,52.55927,52.55927,0.44088,0.44088,47.4,47.4,SNPP,0,0,1
6876,2018-04-05,2018-04-05,1,2,57.51255,-7.15514,57.51183,57.51327,-7.15867,-7.1516,8.54,17.08,SNPP,0,0,1
6877,2018-04-09,2018-04-09,1,1,54.4812,-0.863,54.4812,54.4812,-0.863,-0.863,6.65,6.65,SNPP,0,0,1
6878,2018-04-09,2018-04-09,1,1,53.44036,-1.68193,53.44036,53.44036,-1.68193,-1.68193,7.6,7.6,SNPP,0,0,1
6879,2018-04-09,2018-04-09,1,1,54.47592,-0.98433,54.47592,54.47592,-0.98433,-0.98433,1.55,1.55,SNPP,0,0,1
6880,2018-04-09,2018-04-09,1,1,54.81724,-1.94975,54.81724,54.81724,-1.94975,-1.94975,2.79,2.79,SNPP,0,0,1
6881,2018-04-11,2018-04-11,1,1,56.62223,-2.5931,56.62223,56.62223,-2.5931,-2.5931,1.78,1.78,SNPP,0,0,1
6882,2018-04-11,2018-04-11,1,2,56.95907,-5.6449,56.9589,56.95924,-5.64518,-5.64461,9.69,17.3,SNPP,0,0,1
6883,2018-04-12,2018-04-12,1,1,56.84211,-3.05511,56.84211,56.84211,-3.05511,-3.05511,2.39,2.39,SNPP,0,0,1
6884,2018-04-12,2018-04-12,1,1,57.1588,-3.24452,57.1588,57.1588,-3.24452,-3.24452,3.84,3.84,SNPP,0,0,1
6885,2018-04-12,2018-04-12,1,2,57.17164,-3.2013,57.16899,57.17429,-3.203,-3.19959,6.04,9.64,SNPP,0,0,1
6886,2018-04-12,2018-04-12,1,2,56.97776,-5.69476,56.97691,56.9786,-5.69792,-5.6916,9.46,18.92,SNPP,0,0,1
6887,2018-04-12,2018-04-12,1,4,56.97926,-7.41359,56.97757,56.98122,-7.41727,-7.40944,24.14,43.84,SNPP,0,0,1
6888,2018-04-12,2018-04-12,1,1,57.44746,-3.57082,57.44746,57.44746,-3.57082,-3.57082,9.35,9.35,SNPP,0,0,1
6889,2018-04-12,2018-04-12,1,2,57.47165,-3.19126,57.47107,57.47223,-3.19354,-3.18899,8.56,13.1,SNPP,0,0,1
6890,2018-04-12,2018-04-12,1,2,56.44796,-6.92203,56.44574,56.45018,-6.92269,-6.92137,5.14,8.58,SNPP,0,0,1
6891,2018-04-12,2018-04-12,1,2,56.96456,-4.22821,56.96442,56.96469,-4.22942,-4.227,27.5,51.04,SNPP,0,0,1
6892,2018-04-12,2018-04-12,1,1,57.23509,-3.4194,57.23509,57.23509,-3.4194,-3.4194,1.24,1.24,SNPP,0,0,1
6893,2018-04-12,2018-04-12,1,2,58.07341,-6.62472,58.07135,58.07547,-6.62958,-6.61985,14.5,21.33,SNPP,0,0,1
6894,2018-04-14,2018-04-14,1,1,53.48479,-2.43937,53.48479,53.48479,-2.43937,-2.43937,2.74,2.74,SNPP,0,0,1
6895,2018-04-14,2018-04-14,1,1,57.39631,-3.88438,57.39631,57.39631,-3.88438,-3.88438,3.53,3.53,SNPP,0,0,1
6896,2018-04-15,2018-04-15,1,1,57.05355,-6.02635,57.05355,57.05355,-6.02635,-6.02635,1.07,1.07,SNPP,0,1,1
6897,2018-04-15,2018-04-15,1,7,57.84514,-5.39714,57.83981,57.85392,-5.40852,-5.38615,9.07,24.69,SNPP,0,2,1
6898,2018-04-15,2018-04-15,1,2,57.21628,-3.16774,57.21504,57.21753,-3.169,-3.16648,6.91,13.4,SNPP,0,0,1
6899,2018-04-15,2018-04-15,1,2,57.37807,-4.05852,57.37804,57.3781,-4.06094,-4.05609,4.31,7.46,SNPP,0,0,1
6900,2018-04-15,2018-04-15,1,1,57.38982,-3.9084,57.38982,57.38982,-3.9084,-3.9084,3.84,3.84,SNPP,0,0,1
6901,2018-04-15,2018-04-15,1,40,58.39977,-4.27788,58.37741,58.42393,-4.31937,-4.22513,74.6,333.49,SNPP,0,0,1
6902,2018-04-15,2018-04-15,1,4,57.05105,-5.98224,57.04754,57.05399,-5.98673,-5.97687,16.34,45.17,SNPP,0,0,1
6903,2018-04-15,2018-04-15,1,2,57.41928,-3.53178,57.41882,57.41974,-3.53498,-3.52859,4.76,7.75,SNPP,0,0,1
6904,2018-04-15,2018-04-15,1,1,57.26313,-6.4251,57.26313,57.26313,-6.4251,-6.4251,1.78,1.78,SNPP,0,0,1
6905,2018-04-15,2018-04-15,1,2,57.95937,-4.50366,57.9576,57.96114,-4.50586,-4.50145,3.74,4.66,SNPP,0,0,1
6906,2018-04-15,2018-04-15,1,1,58.15813,-3.74357,58.15813,58.15813,-3.74357,-3.74357,1.08,1.08,SNPP,0,0,1
6907,2018-04-15,2018-04-15,1,1,58.39166,-4.34864,58.39166,58.39166,-4.34864,-4.34864,8.85,8.85,SNPP,0,0,1
6908,2018-04-16,2018-04-16,1,4,52.75462,1.35501,52.7487,52.76309,1.34557,1.36934,6.19,19.02,SNPP,0,0,1
6909,2018-04-17,2018-04-20,4,9,58.55335,-4.11545,58.54372,58.56216,-4.13087,-4.10555,16.56,56.3,SNPP,1,1,4
6910,2018-04-18,2018-04-18,1,1,52.25496,1.32042,52.25496,52.25496,1.32042,1.32042,0.66,0.66,SNPP,0,1,1
6911,2018-04-18,2018-04-18,1,1,51.30937,0.75781,51.30937,51.30937,0.75781,0.75781,4.6,4.6,SNPP,0,0,1
6912,2018-04-18,2018-04-18,1,1,51.28817,1.28829,51.28817,51.28817,1.28829,1.28829,1.23,1.23,SNPP,0,0,1
6913,2018-04-18,2018-04-18,1,1,52.75367,1.42832,52.75367,52.75367,1.42832,1.42832,1.57,1.57,SNPP,0,0,1
6914,2018-04-19,2018-04-19,1,1,51.73633,-3.18099,51.73633,51.73633,-3.18099,-3.18099,0.54,0.54,SNPP,0,1,1
6915,2018-04-19,2018-04-19,1,1,50.46116,-4.46386,50.46116,50.46116,-4.46386,-4.46386,0.52,0.52,SNPP,0,1,1
6916,2018-04-19,2018-04-19,1,1,51.01184,-1.90998,51.01184,51.01184,-1.90998,-1.90998,2.87,2.87,SNPP,0,0,1
6917,2018-04-19,2018-04-19,1,1,50.8784,-1.81121,50.8784,50.8784,-1.81121,-1.81121,3.33,3.33,SNPP,0,0,1
6918,2018-04-19,2018-04-19,1,1,51.56101,-3.01987,51.56101,51.56101,-3.01987,-3.01987,1.95,1.95,SNPP,0,0,1
6919,2018-04-19,2018-04-19,1,1,51.7868,-3.67698,51.7868,51.7868,-3.67698,-3.67698,2.27,2.27,SNPP,0,0,1
6920,2018-04-19,2018-04-19,1,1,52.12567,-3.27944,52.12567,52.12567,-3.27944,-3.27944,5.07,5.07,SNPP,0,0,1
6921,2018-04-20,2018-04-20,1,1,51.23156,0.69579,51.23156,51.23156,0.69579,0.69579,2.88,2.88,SNPP,0,0,1
6922,2018-04-20,2018-04-20,1,1,51.51096,0.56674,51.51096,51.51096,0.56674,0.56674,0.63,0.63,SNPP,0,0,1
6923,2018-04-20,2018-04-20,1,1,51.67425,-3.2764,51.67425,51.67425,-3.2764,-3.2764,3.96,3.96,SNPP,0,0,1
6924,2018-04-20,2018-04-20,1,1,51.68357,-4.71818,51.68357,51.68357,-4.71818,-4.71818,1.59,1.59,SNPP,0,0,1
6925,2018-04-20,2018-04-20,1,2,51.74257,-3.58816,51.74214,51.743,-3.5909,-3.58542,2.03,4.06,SNPP,0,0,1
6926,2018-04-20,2018-04-20,1,1,51.74968,-3.56484,51.74968,51.74968,-3.56484,-3.56484,2.78,2.78,SNPP,0,0,1
6927,2018-04-20,2018-04-20,1,1,53.10526,-2.47176,53.10526,53.10526,-2.47176,-2.47176,3.62,3.62,SNPP,0,0,1
6928,2018-04-20,2018-04-20,1,1,53.74011,-0.06513,53.74011,53.74011,-0.06513,-0.06513,2.56,2.56,SNPP,0,0,1
6929,2018-04-21,2018-04-21,1,2,51.61561,-4.06765,51.61105,51.62017,-4.07368,-4.06161,0.65,1.12,SNPP,0,2,1
6930,2018-04-21,2018-04-21,1,1,51.60836,0.48403,51.60836,51.60836,0.48403,0.48403,1.75,1.75,SNPP,0,0,1
6931,2018-04-21,2018-04-21,1,2,51.60942,0.25745,51.60896,51.60987,0.25469,0.2602,2.95,4.94,SNPP,0,0,1
6932,2018-04-21,2018-04-21,1,12,51.82452,-3.73066,51.82001,51.82887,-3.73962,-3.7229,93.18,289.77,SNPP,0,0,1
6933,2018-04-21,2018-04-21,1,2,52.10498,-0.07404,52.10359,52.10637,-0.08238,-0.0657,4.8,7.23,SNPP,0,0,1
6934,2018-04-21,2018-04-21,1,1,52.13728,-0.68303,52.13728,52.13728,-0.68303,-0.68303,5.25,5.25,SNPP,0,0,1
6935,2018-04-21,2018-04-21,1,2,52.1764,0.29655,52.17315,52.17965,0.29514,0.29796,8.22,12.71,SNPP,0,0,1
6936,2018-04-21,2018-04-21,1,2,52.4455,-0.13172,52.44387,52.44713,-0.13245,-0.131,5.09,6.74,SNPP,0,0,1
6937,2018-04-21,2018-04-21,1,1,52.68199,-1.30894,52.68199,52.68199,-1.30894,-1.30894,2.49,2.49,SNPP,0,0,1
6938,2018-04-21,2018-04-21,1,3,52.77847,-1.02775,52.77703,52.78082,-1.02959,-1.0256,5.45,13.23,SNPP,0,0,1
6939,2018-04-21,2018-04-21,1,3,52.90254,-0.94974,52.90025,52.90581,-0.95165,-0.94747,6.37,16.57,SNPP,0,0,1
6940,2018-04-21,2018-04-21,1,1,52.92703,-1.04991,52.92703,52.92703,-1.04991,-1.04991,2.23,2.23,SNPP,0,0,1
6941,2018-04-21,2018-04-21,1,1,52.94941,-0.85703,52.94941,52.94941,-0.85703,-0.85703,5.72,5.72,SNPP,0,0,1
6942,2018-04-21,2018-04-21,1,1,52.98969,-1.08145,52.98969,52.98969,-1.08145,-1.08145,3.69,3.69,SNPP,0,0,1
6943,2018-04-21,2018-04-21,1,1,53.12827,-1.04342,53.12827,53.12827,-1.04342,-1.04342,9.08,9.08,SNPP,0,0,1
6944,2018-04-21,2018-04-21,1,1,53.155,-1.03129,53.155,53.155,-1.03129,-1.03129,2.05,2.05,SNPP,0,0,1
6945,2018-04-21,2018-04-21,1,1,53.17942,-1.19793,53.17942,53.17942,-1.19793,-1.19793,4.69,4.69,SNPP,0,0,1
6946,2018-04-21,2018-04-21,1,2,53.22396,-0.94624,53.22234,53.22559,-0.94701,-0.94548,1.8,3.6,SNPP,0,0,1
6947,2018-04-21,2018-04-21,1,1,53.23808,-1.25284,53.23808,53.23808,-1.25284,-1.25284,9.71,9.71,SNPP,0,0,1
6948,2018-04-21,2018-04-21,1,1,53.36832,-1.03613,53.36832,53.36832,-1.03613,-1.03613,4.31,4.31,SNPP,0,0,1
6949,2018-04-21,2018-04-21,1,1,55.58745,-5.67936,55.58745,55.58745,-5.67936,-5.67936,5.88,5.88,SNPP,0,0,1
6950,2018-04-21,2018-04-21,1,1,56.60343,-2.58277,56.60343,56.60343,-2.58277,-2.58277,5.29,5.29,SNPP,0,0,1
6951,2018-04-21,2018-04-21,1,1,57.15173,-2.17706,57.15173,57.15173,-2.17706,-2.17706,1.5,1.5,SNPP,0,0,1
6952,2018-04-21,2018-04-21,1,1,57.94759,-4.08842,57.94759,57.94759,-4.08842,-4.08842,3.62,3.62,SNPP,0,0,1
6953,2018-04-22,2018-04-22,1,1,50.83281,-1.17151,50.83281,50.83281,-1.17151,-1.17151,3.3,3.3,SNPP,0,0,1
6954,2018-04-23,2018-04-23,1,1,51.67315,-0.7231,51.67315,51.67315,-0.7231,-0.7231,0.38,0.38,SNPP,0,1,1
6955,2018-04-26,2018-04-26,1,1,54.51273,-6.5886,54.51273,54.51273,-6.5886,-6.5886,0.63,0.63,SNPP,0,1,1
6956,2018-04-26,2018-04-26,1,1,57.00229,-2.88497,57.00229,57.00229,-2.88497,-2.88497,14.89,14.89,SNPP,0,0,1
6957,2018-04-29,2018-04-29,1,1,55.77776,-2.8324,55.77776,55.77776,-2.8324,-2.8324,2.28,2.28,SNPP,0,0,1
6958,2018-05-02,2018-05-02,1,1,55.74405,-3.18574,55.74405,55.74405,-3.18574,-3.18574,3.53,3.53,SNPP,0,0,1
6959,2018-05-03,2018-05-03,1,1,53.97688,-1.66026,53.97688,53.97688,-1.66026,-1.66026,10.27,10.27,SNPP,0,0,1
6960,2018-05-05,2018-05-05,1,1,52.37091,0.43807,52.37091,52.37091,0.43807,0.43807,1.5,1.5,SNPP,0,0,1
6961,2018-05-05,2018-05-06,2,2,55.07342,-2.23952,55.07243,55.07442,-2.24014,-2.2389,4.29,7.11,SNPP,0,0,2
6962,2018-05-05,2018-05-05,1,1,53.28809,-3.19871,53.28809,53.28809,-3.19871,-3.19871,4.77,4.77,SNPP,0,0,1
6963,2018-05-05,2018-05-05,1,1,54.14856,-7.33603,54.14856,54.14856,-7.33603,-7.33603,3.07,3.07,SNPP,0,0,1
6964,2018-05-06,2018-05-06,1,1,53.78877,-1.72585,53.78877,53.78877,-1.72585,-1.72585,0.43,0.43,SNPP,0,1,1
6965,2018-05-06,2018-05-06,1,1,53.2564,-3.8308,53.2564,53.2564,-3.8308,-3.8308,0.66,0.66,SNPP,0,1,1
6966,2018-05-06,2018-05-06,1,1,50.15869,-5.18309,50.15869,50.15869,-5.18309,-5.18309,3.43,3.43,SNPP,0,0,1
6967,2018-05-06,2018-05-06,1,2,50.33125,-4.92946,50.33077,50.33173,-4.93221,-4.9267,4.88,7.19,SNPP,0,0,1
6968,2018-05-06,2018-05-06,1,1,50.35217,-3.6644,50.35217,50.35217,-3.6644,-3.6644,4.32,4.32,SNPP,0,0,1
6969,2018-05-06,2018-05-06,1,1,50.35806,-3.74879,50.35806,50.35806,-3.74879,-3.74879,1.99,1.99,SNPP,0,0,1
6970,2018-05-06,2018-05-06,1,2,50.80128,-4.3688,50.80082,50.80173,-4.37151,-4.36609,1.9,3.8,SNPP,0,0,1
6971,2018-05-06,2018-05-06,1,4,50.81828,-4.43415,50.81547,50.82109,-4.43824,-4.43005,4.49,15.26,SNPP,0,0,1
6972,2018-05-06,2018-05-06,1,1,51.59959,-3.70942,51.59959,51.59959,-3.70942,-3.70942,4.11,4.11,SNPP,0,0,1
6973,2018-05-06,2018-05-06,1,1,51.74952,-4.79397,51.74952,51.74952,-4.79397,-4.79397,2.71,2.71,SNPP,0,0,1
6974,2018-05-06,2018-05-06,1,4,51.81797,-4.92145,51.81621,51.82042,-4.92666,-4.91554,3.58,12.28,SNPP,0,0,1
6975,2018-05-06,2018-05-06,1,2,52.48517,-1.78332,52.48351,52.48683,-1.78393,-1.78272,3.7,5.36,SNPP,0,0,1
6976,2018-05-06,2018-05-06,1,1,53.1044,-2.47373,53.1044,53.1044,-2.47373,-2.47373,4.53,4.53,SNPP,0,0,1
6977,2018-05-06,2018-05-06,1,1,53.7758,-2.55142,53.7758,53.7758,-2.55142,-2.55142,2.58,2.58,SNPP,0,0,1
6978,2018-05-06,2018-05-06,1,1,56.2886,-2.81944,56.2886,56.2886,-2.81944,-2.81944,1.83,1.83,SNPP,0,0,1
6979,2018-05-07,2018-05-07,1,1,54.83128,-2.06529,54.83128,54.83128,-2.06529,-2.06529,0.57,0.57,SNPP,0,1,1
6980,2018-05-07,2018-05-07,1,2,50.84668,-0.74079,50.84503,50.84834,-0.74152,-0.74006,5.01,10.02,SNPP,0,0,1
6981,2018-05-07,2018-05-07,1,2,50.86076,-0.79238,50.86026,50.86125,-0.79518,-0.78957,7.08,9.86,SNPP,0,0,1
6982,2018-05-07,2018-05-07,1,1,50.86477,0.42573,50.86477,50.86477,0.42573,0.42573,4.38,4.38,SNPP,0,0,1
6983,2018-05-07,2018-05-07,1,1,50.88269,-1.08703,50.88269,50.88269,-1.08703,-1.08703,6.59,6.59,SNPP,0,0,1
6984,2018-05-07,2018-05-07,1,2,50.9316,0.2294,50.93113,50.93206,0.22666,0.23214,5.08,10.16,SNPP,0,0,1
6985,2018-05-07,2018-05-07,1,2,50.94522,-0.33248,50.94474,50.94571,-0.33525,-0.32972,6.43,12.29,SNPP,0,0,1
6986,2018-05-07,2018-05-07,1,1,51.08005,-0.06128,51.08005,51.08005,-0.06128,-0.06128,2.47,2.47,SNPP,0,0,1
6987,2018-05-07,2018-05-07,1,1,51.16846,0.80698,51.16846,51.16846,0.80698,0.80698,2.42,2.42,SNPP,0,0,1
6988,2018-05-07,2018-05-07,1,1,51.56438,0.38882,51.56438,51.56438,0.38882,0.38882,2.11,2.11,SNPP,0,0,1
6989,2018-05-07,2018-05-07,1,1,51.6075,0.25666,51.6075,51.6075,0.25666,0.25666,3.09,3.09,SNPP,0,0,1
6990,2018-05-07,2018-05-07,1,1,51.85514,-0.46488,51.85514,51.85514,-0.46488,-0.46488,3.95,3.95,SNPP,0,0,1
6991,2018-05-07,2018-05-07,1,3,51.98794,-0.47924,51.98404,51.99153,-0.48151,-0.47737,5.29,12.49,SNPP,0,0,1
6992,2018-05-07,2018-05-07,1,1,52.09675,-0.74246,52.09675,52.09675,-0.74246,-0.74246,4.33,4.33,SNPP,0,0,1
6993,2018-05-07,2018-05-07,1,4,52.10452,-0.07101,52.10208,52.10905,-0.08039,-0.05956,4.44,12.21,SNPP,0,0,1
6994,2018-05-07,2018-05-07,1,1,52.16179,-0.9184,52.16179,52.16179,-0.9184,-0.9184,3.48,3.48,SNPP,0,0,1
6995,2018-05-07,2018-05-07,1,1,52.26872,-0.4227,52.26872,52.26872,-0.4227,-0.4227,4.19,4.19,SNPP,0,0,1
6996,2018-05-07,2018-05-07,1,1,52.43494,0.50324,52.43494,52.43494,0.50324,0.50324,4.02,4.02,SNPP,0,0,1
6997,2018-05-07,2018-05-07,1,2,52.30516,-2.23377,52.30462,52.30571,-2.23671,-2.23083,5.54,9.04,SNPP,0,0,1
6998,2018-05-07,2018-05-07,1,1,52.8458,-1.68401,52.8458,52.8458,-1.68401,-1.68401,7.58,7.58,SNPP,0,0,1
6999,2018-05-07,2018-05-07,1,1,52.93404,-1.05816,52.93404,52.93404,-1.05816,-1.05816,2.03,2.03,SNPP,0,0,1
7000,2018-05-07,2018-05-07,1,2,53.19708,-1.0406,53.19659,53.19756,-1.04347,-1.03774,3.39,6.78,SNPP,0,0,1
7001,2018-05-07,2018-05-07,1,1,55.90226,-4.05753,55.90226,55.90226,-4.05753,-4.05753,3.35,3.35,SNPP,0,0,1
7002,2018-05-07,2018-05-07,1,5,54.50248,-7.09787,54.4978,54.50559,-7.1097,-7.08794,10.44,31.93,SNPP,1,0,1
7003,2018-05-08,2018-05-08,1,2,52.01096,-1.89011,52.00912,52.01279,-1.89142,-1.8888,5.44,10.88,SNPP,0,0,1
7004,2018-05-08,2018-05-08,1,1,54.35379,-0.48157,54.35379,54.35379,-0.48157,-0.48157,2.92,2.92,SNPP,0,0,1
7005,2018-05-09,2018-05-09,1,1,51.99342,-0.24872,51.99342,51.99342,-0.24872,-0.24872,0.52,0.52,SNPP,0,1,1
7006,2018-05-09,2018-05-09,1,1,52.20329,0.12089,52.20329,52.20329,0.12089,0.12089,1.2,1.2,SNPP,0,0,1
7007,2018-05-10,2018-05-10,1,1,51.26123,0.99513,51.26123,51.26123,0.99513,0.99513,0.4,0.4,SNPP,0,1,1
7008,2018-05-10,2018-05-10,1,1,52.27477,0.10618,52.27477,52.27477,0.10618,0.10618,1.96,1.96,SNPP,0,0,1
7009,2018-05-11,2018-05-11,1,1,51.26527,0.57766,51.26527,51.26527,0.57766,0.57766,3.24,3.24,SNPP,0,0,1
7010,2018-05-14,2018-05-14,1,1,52.3256,0.02237,52.3256,52.3256,0.02237,0.02237,0.62,0.62,SNPP,0,1,1
7011,2018-05-14,2018-05-14,1,1,52.65602,-2.00032,52.65602,52.65602,-2.00032,-2.00032,5.67,5.67,SNPP,0,0,1
7012,2018-05-15,2018-05-15,1,1,51.50557,0.44522,51.50557,51.50557,0.44522,0.44522,0.48,0.48,SNPP,0,1,1
7013,2018-05-15,2018-05-15,1,1,51.71136,-3.50166,51.71136,51.71136,-3.50166,-3.50166,4.31,4.31,SNPP,0,0,1
7014,2018-05-15,2018-05-15,1,1,53.81594,-0.20692,53.81594,53.81594,-0.20692,-0.20692,2.26,2.26,SNPP,0,0,1
7015,2018-05-16,2018-05-16,1,8,54.99356,-6.4321,54.9882,54.99893,-6.43721,-6.42697,5.55,35.4,SNPP,0,0,1
7016,2018-05-17,2018-05-17,1,3,53.51848,-2.56601,53.51701,53.52084,-2.56691,-2.56433,1.1,2.76,SNPP,0,3,1
7017,2018-05-17,2018-05-17,1,1,51.04412,-2.78727,51.04412,51.04412,-2.78727,-2.78727,6.31,6.31,SNPP,0,0,1
7018,2018-05-17,2018-05-17,1,1,52.81783,0.04079,52.81783,52.81783,0.04079,0.04079,1.09,1.09,SNPP,0,0,1
7019,2018-05-17,2018-05-17,1,2,54.71671,-7.21038,54.71611,54.71731,-7.21354,-7.20722,6.43,9.93,SNPP,0,0,1
7020,2018-05-17,2018-05-17,1,1,57.43695,-3.13336,57.43695,57.43695,-3.13336,-3.13336,1.09,1.09,SNPP,0,0,1
7021,2018-05-18,2018-05-18,1,1,52.26186,-0.22762,52.26186,52.26186,-0.22762,-0.22762,1.41,1.41,SNPP,0,1,1
7022,2018-05-18,2018-05-18,1,1,55.94708,-4.59725,55.94708,55.94708,-4.59725,-4.59725,5.28,5.28,SNPP,0,1,1
7023,2018-05-18,2018-05-18,1,1,51.27732,1.3207,51.27732,51.27732,1.3207,1.3207,1.26,1.26,SNPP,0,0,1
7024,2018-05-18,2018-05-18,1,1,51.82513,1.09288,51.82513,51.82513,1.09288,1.09288,10.38,10.38,SNPP,0,0,1
7025,2018-05-18,2018-05-18,1,1,52.03086,0.63026,52.03086,52.03086,0.63026,0.63026,1.96,1.96,SNPP,0,0,1
7026,2018-05-18,2018-05-18,1,1,52.40342,0.7647,52.40342,52.40342,0.7647,0.7647,3.77,3.77,SNPP,0,0,1
7027,2018-05-18,2018-05-19,2,2,58.63796,-3.19596,58.63517,58.64075,-3.19618,-3.19573,4.58,8.67,SNPP,0,0,2
7028,2018-05-19,2018-05-19,1,2,53.80128,-0.3097,53.79966,53.8029,-0.3105,-0.30889,1.49,1.85,SNPP,0,2,1
7029,2018-05-19,2018-05-19,1,1,51.91634,-2.13373,51.91634,51.91634,-2.13373,-2.13373,0.56,0.56,SNPP,0,1,1
7030,2018-05-19,2018-05-19,1,1,51.35711,-0.73968,51.35711,51.35711,-0.73968,-0.73968,2.74,2.74,SNPP,0,0,1
7031,2018-05-19,2018-05-19,1,1,51.66136,-3.76063,51.66136,51.66136,-3.76063,-3.76063,3.18,3.18,SNPP,0,0,1
7032,2018-05-19,2018-05-19,1,1,53.48092,-2.43739,53.48092,53.48092,-2.43739,-2.43739,4.31,4.31,SNPP,0,0,1
7033,2018-05-20,2018-05-20,1,1,54.9326,-1.98353,54.9326,54.9326,-1.98353,-1.98353,1.76,1.76,SNPP,0,1,1
7034,2018-05-20,2018-05-20,1,6,51.77217,-3.55076,51.76819,51.77489,-3.55696,-3.54648,5.37,16.12,SNPP,0,3,1
7035,2018-05-21,2018-05-21,1,4,51.19931,-3.7842,51.19556,51.20185,-3.78668,-3.78064,5.66,10.73,SNPP,0,4,1
7036,2018-05-21,2018-05-21,1,2,51.59444,-2.07296,51.59443,51.59444,-2.0734,-2.07253,7.79,12.06,SNPP,0,0,1
7037,2018-05-21,2018-05-21,1,5,53.2715,-1.59216,53.26913,53.27293,-1.59823,-1.58686,19.46,71.56,SNPP,1,0,1
7038,2018-05-22,2018-05-22,1,1,52.52641,1.01987,52.52641,52.52641,1.01987,1.01987,1.18,1.18,SNPP,0,1,1
7039,2018-05-22,2018-05-22,1,1,54.22248,-2.69704,54.22248,54.22248,-2.69704,-2.69704,2.95,2.95,SNPP,0,0,1
7040,2018-05-22,2018-05-22,1,1,50.35167,-3.66392,50.35167,50.35167,-3.66392,-3.66392,4.46,4.46,SNPP,0,0,1
7041,2018-05-22,2018-05-22,1,1,50.80322,-4.36528,50.80322,50.80322,-4.36528,-4.36528,2.9,2.9,SNPP,0,0,1
7042,2018-05-22,2018-05-22,1,1,51.50261,-0.11549,51.50261,51.50261,-0.11549,-0.11549,1.34,1.34,SNPP,0,0,1
7043,2018-05-22,2018-05-22,1,2,51.64204,-4.94864,51.64041,51.64368,-4.94935,-4.94793,2.01,3.26,SNPP,0,0,1
7044,2018-05-22,2018-05-22,1,1,51.7521,-4.79539,51.7521,51.7521,-4.79539,-4.79539,3.27,3.27,SNPP,0,0,1
7045,2018-05-22,2018-05-22,1,3,51.81804,-4.91755,51.81555,51.81976,-4.91988,-4.91432,4.74,14.22,SNPP,0,0,1
7046,2018-05-22,2018-05-22,1,1,52.09388,-0.35188,52.09388,52.09388,-0.35188,-0.35188,1.36,1.36,SNPP,0,0,1
7047,2018-05-22,2018-05-22,1,1,52.15496,0.19965,52.15496,52.15496,0.19965,0.19965,2.28,2.28,SNPP,0,0,1
7048,2018-05-22,2018-05-22,1,1,52.48635,-1.78327,52.48635,52.48635,-1.78327,-1.78327,0.68,0.68,SNPP,0,0,1
7049,2018-05-22,2018-05-22,1,1,53.1039,-2.47318,53.1039,53.1039,-2.47318,-2.47318,3.6,3.6,SNPP,0,0,1
7050,2018-05-22,2018-05-22,1,1,53.7752,-2.55104,53.7752,53.7752,-2.55104,-2.55104,1.32,1.32,SNPP,0,0,1
7051,2018-05-23,2018-05-23,1,1,50.86251,-0.79105,50.86251,50.86251,-0.79105,-0.79105,4.78,4.78,SNPP,0,0,1
7052,2018-05-23,2018-05-23,1,1,50.94601,-0.33507,50.94601,50.94601,-0.33507,-0.33507,3.49,3.49,SNPP,0,0,1
7053,2018-05-23,2018-05-23,1,1,51.56303,0.38897,51.56303,51.56303,0.38897,0.38897,3.27,3.27,SNPP,0,0,1
7054,2018-05-23,2018-05-23,1,1,51.6626,-0.35198,51.6626,51.6626,-0.35198,-0.35198,2.77,2.77,SNPP,0,0,1
7055,2018-05-23,2018-05-23,1,1,51.72979,-0.1008,51.72979,51.72979,-0.1008,-0.1008,1.15,1.15,SNPP,0,0,1
7056,2018-05-23,2018-05-23,1,1,52.12112,-1.91987,52.12112,52.12112,-1.91987,-1.91987,3.47,3.47,SNPP,0,0,1
7057,2018-05-23,2018-05-23,1,1,52.8607,1.4653,52.8607,52.8607,1.4653,1.4653,1.39,1.39,SNPP,0,0,1
7058,2018-05-23,2018-05-23,1,1,52.94857,-1.87668,52.94857,52.94857,-1.87668,-1.87668,4.61,4.61,SNPP,0,0,1
7059,2018-05-23,2018-05-23,1,4,53.22154,-3.5373,53.22107,53.2223,-3.54286,-3.53343,40.16,101.78,SNPP,2,0,1
7060,2018-05-23,2018-05-23,1,1,53.58318,-1.52448,53.58318,53.58318,-1.52448,-1.52448,1.91,1.91,SNPP,0,0,1
7061,2018-05-23,2018-05-23,1,3,54.66777,-2.79942,54.66631,54.66959,-2.8026,-2.79482,4.9,11.97,SNPP,0,0,1
7062,2018-05-23,2018-05-23,1,1,54.91074,-3.57234,54.91074,54.91074,-3.57234,-3.57234,2.91,2.91,SNPP,0,0,1
7063,2018-05-23,2018-05-23,1,1,54.17743,-7.27413,54.17743,54.17743,-7.27413,-7.27413,2.16,2.16,SNPP,0,0,1
7064,2018-05-25,2018-05-25,1,1,55.80705,-4.32637,55.80705,55.80705,-4.32637,-4.32637,4.31,4.31,SNPP,0,0,1
7065,2018-05-25,2018-05-25,1,3,54.30656,-7.26164,54.30396,54.30823,-7.26469,-7.25773,4.4,11.41,SNPP,0,0,1
7066,2018-05-26,2018-05-26,1,1,53.48377,-2.43827,53.48377,53.48377,-2.43827,-2.43827,9.84,9.84,SNPP,0,0,1
7067,2018-05-27,2018-05-27,1,2,52.6642,0.97219,52.66209,52.6663,0.97173,0.97265,0.37,0.74,SNPP,0,2,1
7068,2018-05-27,2018-05-28,2,15,57.29083,-6.20516,57.28173,57.31184,-6.21346,-6.19353,23.17,67.75,SNPP,0,12,2
7069,2018-05-27,2018-05-29,3,88,57.59066,-5.68293,57.5768,57.60674,-5.72973,-5.62935,26.47,467.08,SNPP,4,37,3
7070,2018-05-28,2018-05-29,2,43,57.40526,-5.4252,57.39468,57.41821,-5.44534,-5.40687,23.88,297.56,SNPP,2,18,2
7071,2018-05-28,2018-05-28,1,1,50.83129,-1.19804,50.83129,50.83129,-1.19804,-1.19804,2.4,2.4,SNPP,0,0,1
7072,2018-05-28,2018-05-28,1,1,53.26781,-3.68511,53.26781,53.26781,-3.68511,-3.68511,2.93,2.93,SNPP,0,0,1
7073,2018-05-28,2018-05-28,1,1,53.53322,-2.38126,53.53322,53.53322,-2.38126,-2.38126,2.91,2.91,SNPP,0,0,1
7074,2018-05-28,2018-05-28,1,1,53.68016,-2.75889,53.68016,53.68016,-2.75889,-2.75889,0.78,0.78,SNPP,0,0,1
7075,2018-05-28,2018-05-28,1,1,53.77035,-2.8086,53.77035,53.77035,-2.8086,-2.8086,11.34,11.34,SNPP,0,0,1
7076,2018-05-28,2018-05-28,1,1,53.77564,-2.93229,53.77564,53.77564,-2.93229,-2.93229,5.77,5.77,SNPP,0,0,1
7077,2018-05-28,2018-05-28,1,1,53.86771,-2.76341,53.86771,53.86771,-2.76341,-2.76341,2.51,2.51,SNPP,0,0,1
7078,2018-05-29,2018-05-29,1,1,53.7387,-2.76948,53.7387,53.7387,-2.76948,-2.76948,0.72,0.72,SNPP,0,1,1
7079,2018-05-29,2018-05-29,1,1,54.1018,-3.18436,54.1018,54.1018,-3.18436,-3.18436,0.59,0.59,SNPP,0,1,1
7080,2018-05-29,2018-05-29,1,1,55.65211,-3.63777,55.65211,55.65211,-3.63777,-3.63777,0.6,0.6,SNPP,0,1,1
7081,2018-05-29,2018-05-29,1,2,54.67018,-7.11886,54.66822,54.67213,-7.12029,-7.11742,8.04,11.51,SNPP,0,0,1
7082,2018-05-29,2018-05-29,1,1,54.57368,-7.08125,54.57368,54.57368,-7.08125,-7.08125,5.64,5.64,SNPP,1,0,1
7083,2018-05-29,2018-05-29,1,1,54.88676,-6.2126,54.88676,54.88676,-6.2126,-6.2126,3.25,3.25,SNPP,0,0,1
7084,2018-05-29,2018-05-29,1,2,55.15001,-6.20174,55.14978,55.15024,-6.20265,-6.20082,14.51,27.03,SNPP,2,0,1
7085,2018-05-29,2018-05-29,1,1,57.30767,-5.65877,57.30767,57.30767,-5.65877,-5.65877,4.63,4.63,SNPP,0,0,1
7086,2018-05-29,2018-05-29,1,3,57.42079,-1.87809,57.41671,57.42318,-1.87895,-1.87707,8.92,18.81,SNPP,0,0,1
7087,2018-05-31,2018-05-31,1,3,57.18441,-2.93193,57.18153,57.1861,-2.93585,-2.92955,1.94,5.14,SNPP,0,3,1
7088,2018-06-01,2018-06-01,1,1,53.68465,-1.09136,53.68465,53.68465,-1.09136,-1.09136,0.38,0.38,SNPP,0,1,1
7089,2018-06-02,2018-06-02,1,2,51.60935,0.25814,51.60769,51.61101,0.25755,0.25873,2.48,4.78,SNPP,0,0,1
7090,2018-06-02,2018-06-02,1,1,51.66671,-0.66694,51.66671,51.66671,-0.66694,-0.66694,1.42,1.42,SNPP,0,0,1
7091,2018-06-03,2018-06-03,1,1,52.22408,-1.01002,52.22408,52.22408,-1.01002,-1.01002,0.59,0.59,SNPP,0,1,1
7092,2018-06-03,2018-06-03,1,1,52.43188,-0.21412,52.43188,52.43188,-0.21412,-0.21412,3.2,3.2,SNPP,0,0,1
7093,2018-06-04,2018-06-04,1,1,50.87025,-1.00936,50.87025,50.87025,-1.00936,-1.00936,0.3,0.3,SNPP,0,1,1
7094,2018-06-05,2018-06-05,1,3,56.62494,-2.93044,56.62257,56.62722,-2.93063,-2.93015,12.03,18.81,SNPP,0,0,1
7095,2018-06-06,2018-06-06,1,1,57.43676,-3.34574,57.43676,57.43676,-3.34574,-3.34574,2.77,2.77,SNPP,0,0,1
7096,2018-06-06,2018-06-06,1,1,54.29066,-5.96864,54.29066,54.29066,-5.96864,-5.96864,6.01,6.01,SNPP,0,0,1
7097,2018-06-07,2018-06-07,1,1,52.68727,-1.76099,52.68727,52.68727,-1.76099,-1.76099,1.14,1.14,SNPP,0,1,1
7098,2018-06-07,2018-06-07,1,1,54.88153,-2.35287,54.88153,54.88153,-2.35287,-2.35287,2.93,2.93,SNPP,0,0,1
7099,2018-06-07,2018-06-07,1,1,55.62535,-4.73082,55.62535,55.62535,-4.73082,-4.73082,3.89,3.89,SNPP,0,0,1
7100,2018-06-07,2018-06-07,1,1,55.81045,-3.84472,55.81045,55.81045,-3.84472,-3.84472,1.85,1.85,SNPP,0,0,1
7101,2018-06-07,2018-06-07,1,1,57.6457,-4.15591,57.6457,57.6457,-4.15591,-4.15591,4.82,4.82,SNPP,0,0,1
7102,2018-06-08,2018-06-08,1,1,52.14587,0.34365,52.14587,52.14587,0.34365,0.34365,1.0,1.0,SNPP,0,1,1
7103,2018-06-08,2018-06-08,1,3,57.71402,-3.39222,57.71152,57.71695,-3.40158,-3.38198,1.04,2.87,SNPP,0,2,1
7104,2018-06-08,2018-06-08,1,1,51.14296,-0.2656,51.14296,51.14296,-0.2656,-0.2656,1.92,1.92,SNPP,0,0,1
7105,2018-06-08,2018-06-08,1,1,54.26248,-6.44281,54.26248,54.26248,-6.44281,-6.44281,2.66,2.66,SNPP,0,0,1
7106,2018-06-09,2018-06-09,1,1,51.74505,0.05184,51.74505,51.74505,0.05184,0.05184,0.5,0.5,SNPP,0,1,1
7107,2018-06-09,2018-06-10,2,2,54.1026,-3.18487,54.1016,54.1036,-3.18549,-3.18425,0.92,1.63,SNPP,0,2,2
7108,2018-06-10,2018-06-10,1,1,55.47604,-1.70807,55.47604,55.47604,-1.70807,-1.70807,0.47,0.47,SNPP,0,1,1
7109,2018-06-11,2018-06-11,1,1,53.28471,-3.2028,53.28471,53.28471,-3.2028,-3.2028,2.4,2.4,SNPP,0,0,1
7110,2018-06-12,2018-06-12,1,1,50.86881,-1.01305,50.86881,50.86881,-1.01305,-1.01305,0.36,0.36,SNPP,0,1,1
7111,2018-06-12,2018-06-12,1,1,52.52623,-2.40261,52.52623,52.52623,-2.40261,-2.40261,7.06,7.06,SNPP,0,0,1
7112,2018-06-13,2018-06-13,1,1,54.49173,-3.61694,54.49173,54.49173,-3.61694,-3.61694,2.65,2.65,SNPP,0,1,1
7113,2018-06-13,2018-06-13,1,1,52.73053,1.38468,52.73053,52.73053,1.38468,1.38468,2.54,2.54,SNPP,0,0,1
7114,2018-06-14,2018-06-14,1,2,55.22164,-1.82193,55.22133,55.22196,-1.82228,-1.82158,5.28,9.06,SNPP,0,0,1
7115,2018-06-15,2018-06-15,1,1,51.53043,0.26832,51.53043,51.53043,0.26832,0.26832,0.29,0.29,SNPP,0,1,1
7116,2018-06-16,2018-06-16,1,1,55.86782,-4.26194,55.86782,55.86782,-4.26194,-4.26194,1.0,1.0,SNPP,0,1,1
7117,2018-06-18,2018-06-18,1,1,51.10381,-0.52656,51.10381,51.10381,-0.52656,-0.52656,2.6,2.6,SNPP,0,0,1
7118,2018-06-18,2018-06-18,1,1,51.11909,-0.78691,51.11909,51.11909,-0.78691,-0.78691,2.17,2.17,SNPP,0,0,1
7119,2018-06-18,2018-06-18,1,1,51.15971,0.32925,51.15971,51.15971,0.32925,0.32925,6.06,6.06,SNPP,0,0,1
7120,2018-06-18,2018-06-18,1,1,51.73872,-0.85201,51.73872,51.73872,-0.85201,-0.85201,1.38,1.38,SNPP,0,0,1
7121,2018-06-18,2018-06-18,1,1,51.95049,0.73646,51.95049,51.95049,0.73646,0.73646,2.33,2.33,SNPP,0,0,1
7122,2018-06-18,2018-06-18,1,1,52.23852,0.32473,52.23852,52.23852,0.32473,0.32473,4.47,4.47,SNPP,0,0,1
7123,2018-06-18,2018-06-18,1,1,52.75546,0.82308,52.75546,52.75546,0.82308,0.82308,1.96,1.96,SNPP,0,0,1
7124,2018-06-20,2018-06-20,1,1,53.6852,-1.0923,53.6852,53.6852,-1.0923,-1.0923,0.28,0.28,SNPP,0,1,1
7125,2018-06-20,2018-06-20,1,1,51.60815,0.48529,51.60815,51.60815,0.48529,0.48529,0.39,0.39,SNPP,0,1,1
7126,2018-06-20,2018-06-20,1,1,51.30569,-0.64978,51.30569,51.30569,-0.64978,-0.64978,1.92,1.92,SNPP,0,0,1
7127,2018-06-21,2018-06-21,1,1,52.25534,-3.27203,52.25534,52.25534,-3.27203,-3.27203,0.69,0.69,SNPP,0,1,1
7128,2018-06-21,2018-06-21,1,1,50.64585,-2.40446,50.64585,50.64585,-2.40446,-2.40446,1.93,1.93,SNPP,0,0,1
7129,2018-06-21,2018-06-21,1,3,51.27044,-0.59118,51.26802,51.27287,-0.59164,-0.59081,13.51,21.82,SNPP,0,0,1
7130,2018-06-22,2018-06-24,2,2,58.34778,-3.31377,58.34718,58.34837,-3.31561,-3.31194,4.54,5.55,SNPP,0,1,3
7131,2018-06-22,2018-06-22,1,1,51.62799,-1.25663,51.62799,51.62799,-1.25663,-1.25663,0.89,0.89,SNPP,0,1,1
7132,2018-06-22,2018-06-22,1,2,52.70653,-0.99061,52.70402,52.70904,-0.99278,-0.98844,0.66,1.32,SNPP,0,2,1
7133,2018-06-22,2018-06-22,1,3,51.26364,-1.88166,51.26143,51.26546,-1.883,-1.8795,6.23,15.77,SNPP,0,0,1
7134,2018-06-22,2018-06-22,1,1,51.71192,-1.01843,51.71192,51.71192,-1.01843,-1.01843,3.08,3.08,SNPP,0,0,1
7135,2018-06-22,2018-06-22,1,1,52.71775,-0.06056,52.71775,52.71775,-0.06056,-0.06056,2.68,2.68,SNPP,0,0,1
7136,2018-06-22,2018-06-22,1,1,54.22301,-0.95058,54.22301,54.22301,-0.95058,-0.95058,2.58,2.58,SNPP,0,0,1
7137,2018-06-24,2018-06-24,1,2,54.9923,-7.36577,54.99069,54.99392,-7.36656,-7.36499,0.63,0.94,SNPP,0,2,1
7138,2018-06-24,2018-06-24,1,1,54.84782,-1.73887,54.84782,54.84782,-1.73887,-1.73887,3.86,3.86,SNPP,0,0,1
7139,2018-06-24,2018-06-24,1,2,53.71048,-2.46642,53.70917,53.71179,-2.4668,-2.46604,3.38,6.72,SNPP,0,0,1
7140,2018-06-25,2018-06-25,1,1,52.54618,0.62245,52.54618,52.54618,0.62245,0.62245,0.88,0.88,SNPP,0,1,1
7141,2018-06-25,2018-06-25,1,1,51.13422,-4.01825,51.13422,51.13422,-4.01825,-4.01825,0.67,0.67,SNPP,0,1,1
7142,2018-06-25,2018-06-25,1,1,51.18265,0.38284,51.18265,51.18265,0.38284,0.38284,0.93,0.93,SNPP,0,1,1
7143,2018-06-25,2018-06-25,1,1,51.37678,0.03689,51.37678,51.37678,0.03689,0.03689,0.7,0.7,SNPP,0,1,1
7144,2018-06-25,2018-06-25,1,1,51.76497,-4.11548,51.76497,51.76497,-4.11548,-4.11548,5.82,5.82,SNPP,0,0,1
7145,2018-06-25,2018-06-25,1,2,52.67505,0.15772,52.67472,52.67538,0.15743,0.158,8.15,16.02,SNPP,0,0,1
7146,2018-06-25,2018-07-04,9,457,53.50848,-1.98726,53.49327,53.52561,-2.02405,-1.94842,61.05,3522.57,SNPP,44,275,10
7147,2018-06-25,2018-06-25,1,1,54.55404,-5.9407,54.55404,54.55404,-5.9407,-5.9407,3.08,3.08,SNPP,0,0,1
7148,2018-06-25,2018-06-25,1,1,55.05267,-3.70116,55.05267,55.05267,-3.70116,-3.70116,3.42,3.42,SNPP,0,0,1
7149,2018-06-26,2018-06-26,1,1,52.37781,-1.28607,52.37781,52.37781,-1.28607,-1.28607,0.53,0.53,SNPP,0,1,1
7150,2018-06-26,2018-06-26,1,1,52.66928,0.94914,52.66928,52.66928,0.94914,0.94914,1.54,1.54,SNPP,0,1,1
7151,2018-06-26,2018-06-26,1,1,52.96757,-2.45031,52.96757,52.96757,-2.45031,-2.45031,1.71,1.71,SNPP,0,1,1
7152,2018-06-26,2018-06-30,5,15,52.39162,-3.90628,52.38589,52.39587,-3.92564,-3.89372,81.06,194.86,SNPP,3,6,5
7153,2018-06-26,2018-06-26,1,1,51.94113,-3.29246,51.94113,51.94113,-3.29246,-3.29246,3.4,3.4,SNPP,0,0,1
7154,2018-06-26,2018-06-26,1,1,52.39569,-2.01656,52.39569,52.39569,-2.01656,-2.01656,5.25,5.25,SNPP,0,0,1
7155,2018-06-27,2018-06-30,4,57,54.86787,-6.82493,54.85448,54.88325,-6.84631,-6.80684,45.5,411.74,SNPP,6,28,4
7156,2018-06-27,2018-07-05,8,77,55.29008,-2.14956,55.27094,55.30408,-2.17574,-2.13002,198.96,1825.47,SNPP,4,24,9
7157,2018-06-27,2018-06-27,1,1,53.73626,-1.54611,53.73626,53.73626,-1.54611,-1.54611,1.23,1.23,SNPP,0,0,1
7158,2018-06-27,2018-06-30,3,7,54.29308,-5.97781,54.29055,54.29546,-5.98168,-5.9716,49.17,79.47,SNPP,0,2,4
7159,2018-06-27,2018-06-27,1,1,53.28656,-3.19669,53.28656,53.28656,-3.19669,-3.19669,3.88,3.88,SNPP,0,0,1
7160,2018-06-27,2018-06-27,1,1,55.14569,-6.66083,55.14569,55.14569,-6.66083,-6.66083,2.8,2.8,SNPP,0,0,1
7161,2018-06-28,2018-06-28,1,1,55.36063,-2.27475,55.36063,55.36063,-2.27475,-2.27475,3.61,3.61,SNPP,0,0,1
7162,2018-06-28,2018-06-28,1,2,51.05268,-1.45827,51.05231,51.05305,-1.46119,-1.45535,2.7,4.83,SNPP,0,0,1
7163,2018-06-28,2018-06-28,1,1,51.30827,-2.97845,51.30827,51.30827,-2.97845,-2.97845,1.88,1.88,SNPP,0,0,1
7164,2018-06-28,2018-06-28,1,1,51.66205,-0.35225,51.66205,51.66205,-0.35225,-0.35225,3.38,3.38,SNPP,0,0,1
7165,2018-06-28,2018-06-28,1,1,52.20517,-4.1288,52.20517,52.20517,-4.1288,-4.1288,2.35,2.35,SNPP,0,0,1
7166,2018-06-28,2018-06-28,1,1,52.52777,-2.40376,52.52777,52.52777,-2.40376,-2.40376,4.32,4.32,SNPP,0,0,1
7167,2018-06-28,2018-06-28,1,2,53.5972,-1.00702,53.59644,53.59795,-1.00715,-1.00689,4.53,8.5,SNPP,0,0,1
7168,2018-06-28,2018-06-28,1,1,53.77479,-2.54981,53.77479,53.77479,-2.54981,-2.54981,1.46,1.46,SNPP,0,0,1
7169,2018-06-28,2018-06-28,1,1,56.12941,-3.84508,56.12941,56.12941,-3.84508,-3.84508,7.44,7.44,SNPP,0,0,1
7170,2018-06-29,2018-06-29,1,2,52.90299,-4.05339,52.8998,52.90618,-4.05395,-4.05283,0.85,1.7,SNPP,0,2,1
7171,2018-06-29,2018-07-07,8,132,53.62057,-2.50621,53.61144,53.63089,-2.5431,-2.46307,41.1,881.47,SNPP,10,88,9
7172,2018-06-29,2018-06-29,1,1,51.3539,0.2885,51.3539,51.3539,0.2885,0.2885,0.5,0.5,SNPP,0,1,1
7173,2018-06-29,2018-06-29,1,1,51.58989,-1.69464,51.58989,51.58989,-1.69464,-1.69464,0.48,0.48,SNPP,0,1,1
7174,2018-06-29,2018-06-29,1,1,54.42785,-6.4386,54.42785,54.42785,-6.4386,-6.4386,26.62,26.62,SNPP,0,1,1
7175,2018-06-29,2018-06-29,1,1,54.80793,-6.21443,54.80793,54.80793,-6.21443,-6.21443,0.29,0.29,SNPP,0,1,1
7176,2018-06-29,2018-06-29,1,1,50.87914,-1.07586,50.87914,50.87914,-1.07586,-1.07586,1.41,1.41,SNPP,0,0,1
7177,2018-06-29,2018-06-29,1,3,51.52746,-2.44389,51.52416,51.53075,-2.44539,-2.44239,1.66,4.48,SNPP,0,0,1
7178,2018-06-29,2018-06-29,1,4,51.64601,-1.37276,51.64392,51.6481,-1.37621,-1.3693,3.53,14.12,SNPP,0,0,1
7179,2018-06-29,2018-06-29,1,1,51.74676,-3.68067,51.74676,51.74676,-3.68067,-3.68067,4.67,4.67,SNPP,0,0,1
7180,2018-06-29,2018-06-29,1,1,52.80467,-1.06935,52.80467,52.80467,-1.06935,-1.06935,3.5,3.5,SNPP,0,0,1
7181,2018-06-29,2018-06-29,1,1,52.8432,-1.6838,52.8432,52.8432,-1.6838,-1.6838,1.31,1.31,SNPP,0,0,1
7182,2018-06-29,2018-06-29,1,1,52.89606,-1.84274,52.89606,52.89606,-1.84274,-1.84274,1.86,1.86,SNPP,0,0,1
7183,2018-06-29,2018-06-29,1,1,53.21174,-0.88401,53.21174,53.21174,-0.88401,-0.88401,1.54,1.54,SNPP,0,0,1
7184,2018-06-29,2018-06-29,1,1,53.43541,-2.80583,53.43541,53.43541,-2.80583,-2.80583,2.29,2.29,SNPP,0,0,1
7185,2018-06-29,2018-06-29,1,1,53.53223,-2.37926,53.53223,53.53223,-2.37926,-2.37926,4.9,4.9,SNPP,0,0,1
7186,2018-06-29,2018-06-29,1,2,53.77155,-2.81138,53.76992,53.77318,-2.81217,-2.81059,1.71,3.42,SNPP,0,0,1
7187,2018-06-29,2018-06-29,1,1,55.81125,-3.84758,55.81125,55.81125,-3.84758,-3.84758,2.03,2.03,SNPP,0,0,1
7188,2018-06-30,2018-06-30,1,1,54.20257,-5.91453,54.20257,54.20257,-5.91453,-5.91453,0.51,0.51,SNPP,0,1,1
7189,2018-06-30,2018-06-30,1,1,54.58453,-3.21716,54.58453,54.58453,-3.21716,-3.21716,0.36,0.36,SNPP,0,1,1
7190,2018-06-30,2018-07-03,3,9,51.67194,-3.47341,51.65892,51.6792,-3.48222,-3.46585,4.29,16.68,SNPP,0,7,4
7191,2018-06-30,2018-06-30,1,1,52.7385,0.04344,52.7385,52.7385,0.04344,0.04344,2.48,2.48,SNPP,0,0,1
7192,2018-06-30,2018-06-30,1,1,53.03431,-0.54452,53.03431,53.03431,-0.54452,-0.54452,2.24,2.24,SNPP,0,0,1
7193,2018-06-30,2018-06-30,1,1,54.11906,-5.99737,54.11906,54.11906,-5.99737,-5.99737,3.3,3.3,SNPP,0,0,1
7194,2018-06-30,2018-06-30,1,1,54.96838,-6.69797,54.96838,54.96838,-6.69797,-6.69797,3.75,3.75,SNPP,0,0,1
7195,2018-06-30,2018-06-30,1,1,55.62696,-4.67865,55.62696,55.62696,-4.67865,-4.67865,4.28,4.28,SNPP,0,0,1
7196,2018-06-30,2018-06-30,1,1,54.31347,-7.98072,54.31347,54.31347,-7.98072,-7.98072,2.51,2.51,SNPP,0,0,1
7197,2018-06-30,2018-06-30,1,1,54.57262,-7.31701,54.57262,54.57262,-7.31701,-7.31701,2.79,2.79,SNPP,0,0,1
7198,2018-07-01,2018-07-01,1,1,57.0516,-2.46513,57.0516,57.0516,-2.46513,-2.46513,1.62,1.62,SNPP,0,1,1
7199,2018-07-01,2018-07-03,2,9,53.06234,-4.2459,53.05376,53.06783,-4.25197,-4.2401,2.93,15.52,SNPP,0,9,3
7200,2018-07-01,2018-07-01,1,4,53.14392,-1.93988,53.14186,53.14597,-1.94342,-1.93634,19.0,52.74,SNPP,0,4,1
7201,2018-07-01,2018-07-01,1,1,53.2639,-2.99849,53.2639,53.2639,-2.99849,-2.99849,1.12,1.12,SNPP,0,1,1
7202,2018-07-01,2018-07-01,1,1,51.50851,0.44675,51.50851,51.50851,0.44675,0.44675,0.66,0.66,SNPP,0,1,1
7203,2018-07-01,2018-07-01,1,1,52.30116,-0.0529,52.30116,52.30116,-0.0529,-0.0529,1.51,1.51,SNPP,0,0,1
7204,2018-07-01,2018-07-01,1,1,54.99805,-6.13441,54.99805,54.99805,-6.13441,-6.13441,3.09,3.09,SNPP,0,0,1
7205,2018-07-02,2018-07-02,1,1,54.58862,-5.91046,54.58862,54.58862,-5.91046,-5.91046,0.7,0.7,SNPP,0,1,1
7206,2018-07-02,2018-07-08,7,32,51.26635,-1.90578,51.25298,51.28443,-1.92272,-1.88935,20.48,106.16,SNPP,1,12,7
7207,2018-07-02,2018-07-02,1,5,51.73548,-3.44203,51.73418,51.73793,-3.44574,-3.43796,10.09,32.66,SNPP,0,0,1
7208,2018-07-02,2018-07-02,1,1,52.33348,-1.74164,52.33348,52.33348,-1.74164,-1.74164,1.46,1.46,SNPP,0,0,1
7209,2018-07-02,2018-07-02,1,1,52.77495,-1.85139,52.77495,52.77495,-1.85139,-1.85139,1.66,1.66,SNPP,0,0,1
7210,2018-07-02,2018-07-02,1,1,53.22404,-2.98993,53.22404,53.22404,-2.98993,-2.98993,2.04,2.04,SNPP,0,0,1
7211,2018-07-02,2018-07-02,1,2,51.08418,-1.97468,51.08371,51.08465,-1.9754,-1.97395,4.84,8.39,SNPP,0,0,1
7212,2018-07-02,2018-07-02,1,1,51.80838,-0.11317,51.80838,51.80838,-0.11317,-0.11317,3.26,3.26,SNPP,0,0,1
7213,2018-07-03,2018-07-03,1,4,54.4283,-6.43809,54.42522,54.43071,-6.43924,-6.43645,1.12,3.9,SNPP,0,4,1
7214,2018-07-03,2018-07-03,1,1,51.17306,0.51318,51.17306,51.17306,0.51318,0.51318,0.84,0.84,SNPP,0,1,1
7215,2018-07-03,2018-07-03,1,1,51.20517,0.64355,51.20517,51.20517,0.64355,0.64355,0.78,0.78,SNPP,0,1,1
7216,2018-07-03,2018-07-03,1,1,51.63107,-0.2825,51.63107,51.63107,-0.2825,-0.2825,0.27,0.27,SNPP,0,1,1
7217,2018-07-03,2018-07-03,1,1,53.17413,-4.05335,53.17413,53.17413,-4.05335,-4.05335,1.41,1.41,SNPP,0,1,1
7218,2018-07-03,2018-07-03,1,1,53.68369,-1.09254,53.68369,53.68369,-1.09254,-1.09254,0.43,0.43,SNPP,0,1,1
7219,2018-07-03,2018-07-03,1,1,51.90506,-0.79576,51.90506,51.90506,-0.79576,-0.79576,3.09,3.09,SNPP,0,0,1
7220,2018-07-03,2018-07-03,1,2,52.12654,-0.93769,52.12613,52.12695,-0.93821,-0.93717,3.82,6.22,SNPP,0,0,1
7221,2018-07-03,2018-07-03,1,1,50.90899,-0.99865,50.90899,50.90899,-0.99865,-0.99865,2.39,2.39,SNPP,0,0,1
7222,2018-07-03,2018-07-03,1,1,51.14385,-0.83909,51.14385,51.14385,-0.83909,-0.83909,2.82,2.82,SNPP,0,0,1
7223,2018-07-03,2018-07-03,1,2,51.3605,0.29355,51.35962,51.36139,0.29327,0.29383,10.0,19.16,SNPP,0,0,1
7224,2018-07-03,2018-07-03,1,1,51.84037,-4.57011,51.84037,51.84037,-4.57011,-4.57011,2.78,2.78,SNPP,0,0,1
7225,2018-07-03,2018-07-03,1,1,52.17438,-1.78861,52.17438,52.17438,-1.78861,-1.78861,1.56,1.56,SNPP,0,0,1
7226,2018-07-03,2018-07-03,1,1,53.10312,-2.47229,53.10312,53.10312,-2.47229,-2.47229,2.36,2.36,SNPP,0,0,1
7227,2018-07-03,2018-07-03,1,2,55.16435,-6.8684,55.16392,55.16478,-6.8714,-6.86541,8.49,12.32,SNPP,0,0,1
7228,2018-07-03,2018-07-03,1,1,55.8656,-3.90683,55.8656,55.8656,-3.90683,-3.90683,3.73,3.73,SNPP,0,0,1
7229,2018-07-04,2018-07-04,1,2,51.95732,-1.76522,51.95712,51.95753,-1.76536,-1.76507,1.68,2.45,SNPP,0,2,1
7230,2018-07-04,2018-07-04,1,1,54.74881,-6.60669,54.74881,54.74881,-6.60669,-6.60669,1.36,1.36,SNPP,0,1,1
7231,2018-07-04,2018-07-04,1,1,51.66035,-0.35075,51.66035,51.66035,-0.35075,-0.35075,1.72,1.72,SNPP,0,0,1
7232,2018-07-04,2018-07-04,1,2,54.13778,-3.23876,54.13615,54.1394,-3.2395,-3.23801,1.51,2.81,SNPP,0,0,1
7233,2018-07-04,2018-07-04,1,2,54.74113,-6.82479,54.7405,54.74176,-6.82545,-6.82413,8.34,11.84,SNPP,0,0,1
7234,2018-07-04,2018-07-05,2,8,54.93445,-6.41557,54.9257,54.9416,-6.4296,-6.40746,7.24,19.73,SNPP,0,5,2
7235,2018-07-05,2018-07-05,1,1,52.7084,-1.97559,52.7084,52.7084,-1.97559,-1.97559,0.66,0.66,SNPP,0,1,1
7236,2018-07-05,2018-07-05,1,1,54.29141,-1.54229,54.29141,54.29141,-1.54229,-1.54229,0.32,0.32,SNPP,0,1,1
7237,2018-07-05,2018-07-07,3,20,51.24467,-1.85685,51.23475,51.25562,-1.8681,-1.83924,10.16,104.17,SNPP,0,4,3
7238,2018-07-05,2018-07-05,1,1,51.51715,-3.13238,51.51715,51.51715,-3.13238,-3.13238,2.74,2.74,SNPP,0,0,1
7239,2018-07-06,2018-07-06,1,1,54.14433,-6.41611,54.14433,54.14433,-6.41611,-6.41611,3.05,3.05,SNPP,0,1,1
7240,2018-07-06,2018-07-06,1,1,52.26204,-1.16947,52.26204,52.26204,-1.16947,-1.16947,0.53,0.53,SNPP,0,1,1
7241,2018-07-06,2018-07-06,1,1,51.74799,0.02042,51.74799,51.74799,0.02042,0.02042,3.82,3.82,SNPP,0,0,1
7242,2018-07-06,2018-07-06,1,1,52.08086,-1.92228,52.08086,52.08086,-1.92228,-1.92228,3.04,3.04,SNPP,0,0,1
7243,2018-07-06,2018-07-06,1,2,54.10085,-6.3721,54.09943,54.10227,-6.37439,-6.36982,7.43,10.84,SNPP,0,0,1
7244,2018-07-06,2018-07-06,1,1,51.25423,-1.22706,51.25423,51.25423,-1.22706,-1.22706,15.05,15.05,SNPP,0,0,1
7245,2018-07-06,2018-07-06,1,1,53.51357,-3.06103,53.51357,53.51357,-3.06103,-3.06103,1.77,1.77,SNPP,0,0,1
7246,2018-07-07,2018-07-08,2,23,57.97449,-4.01826,57.97044,57.98268,-4.02823,-4.00507,31.23,255.99,SNPP,1,8,2
7247,2018-07-07,2018-07-07,1,1,51.61358,-0.03793,51.61358,51.61358,-0.03793,-0.03793,0.47,0.47,SNPP,0,1,1
7248,2018-07-07,2018-07-07,1,1,51.6689,-0.66391,51.6689,51.6689,-0.66391,-0.66391,0.18,0.18,SNPP,0,1,1
7249,2018-07-07,2018-07-07,1,2,51.73018,-3.41712,51.72839,51.73198,-3.41779,-3.41646,1.17,2.34,SNPP,0,2,1
7250,2018-07-07,2018-07-07,1,1,52.65178,0.07782,52.65178,52.65178,0.07782,0.07782,0.27,0.27,SNPP,0,1,1
7251,2018-07-07,2018-07-07,1,1,53.60276,-2.35686,53.60276,53.60276,-2.35686,-2.35686,0.44,0.44,SNPP,0,1,1
7252,2018-07-07,2018-07-07,1,1,54.11962,-6.31502,54.11962,54.11962,-6.31502,-6.31502,0.72,0.72,SNPP,0,1,1
7253,2018-07-07,2018-07-07,1,1,51.54501,-1.13307,51.54501,51.54501,-1.13307,-1.13307,10.67,10.67,SNPP,0,0,1
7254,2018-07-07,2018-07-07,1,2,51.9322,0.95058,51.93211,51.9323,0.95026,0.95091,9.85,18.16,SNPP,0,0,1
7255,2018-07-07,2018-07-07,1,2,51.68826,-3.4469,51.68797,51.68854,-3.44836,-3.44544,5.42,9.27,SNPP,0,0,1
7256,2018-07-07,2018-07-07,1,1,53.41777,-2.98626,53.41777,53.41777,-2.98626,-2.98626,2.03,2.03,SNPP,0,0,1
7257,2018-07-07,2018-07-07,1,1,53.48185,-3.00089,53.48185,53.48185,-3.00089,-3.00089,4.2,4.2,SNPP,0,0,1
7258,2018-07-07,2018-07-07,1,1,53.60245,-2.02454,53.60245,53.60245,-2.02454,-2.02454,19.47,19.47,SNPP,0,0,1
7259,2018-07-08,2018-07-08,1,1,53.68422,-1.09212,53.68422,53.68422,-1.09212,-1.09212,0.36,0.36,SNPP,0,1,1
7260,2018-07-09,2018-07-09,1,2,51.6729,-3.37528,51.67256,51.67325,-3.37552,-3.37505,0.65,1.14,SNPP,0,2,1
7261,2018-07-09,2018-07-09,1,7,51.77424,-3.15387,51.77142,51.77676,-3.15782,-3.14887,6.15,16.29,SNPP,0,6,1
7262,2018-07-09,2018-07-09,1,4,53.30701,-4.6741,53.30524,53.30907,-4.67755,-4.66962,2.03,6.3,SNPP,0,4,1
7263,2018-07-09,2018-07-09,1,1,53.52914,-1.43719,53.52914,53.52914,-1.43719,-1.43719,0.88,0.88,SNPP,0,1,1
7264,2018-07-09,2018-07-09,1,7,53.83725,-1.89729,53.83464,53.84052,-1.90108,-1.89145,2.29,11.02,SNPP,0,7,1
7265,2018-07-09,2018-07-09,1,1,53.58146,-1.43175,53.58146,53.58146,-1.43175,-1.43175,0.38,0.38,SNPP,0,1,1
7266,2018-07-09,2018-07-09,1,1,55.93376,-4.73827,55.93376,55.93376,-4.73827,-4.73827,3.19,3.19,SNPP,0,0,1
7267,2018-07-10,2018-07-10,1,1,54.50321,-6.7585,54.50321,54.50321,-6.7585,-6.7585,1.17,1.17,SNPP,0,1,1
7268,2018-07-10,2018-07-10,1,2,54.51638,-7.01071,54.51547,54.51728,-7.01133,-7.01009,0.71,1.27,SNPP,0,2,1
7269,2018-07-10,2018-07-10,1,4,51.07468,-1.27252,51.0725,51.07686,-1.27616,-1.26889,10.78,31.64,SNPP,0,0,1
7270,2018-07-10,2018-07-10,1,1,51.3996,-1.08352,51.3996,51.3996,-1.08352,-1.08352,5.2,5.2,SNPP,0,0,1
7271,2018-07-10,2018-07-10,1,1,53.46926,-2.23548,53.46926,53.46926,-2.23548,-2.23548,1.05,1.05,SNPP,0,0,1
7272,2018-07-10,2018-07-10,1,1,53.78559,-2.38985,53.78559,53.78559,-2.38985,-2.38985,7.68,7.68,SNPP,0,0,1
7273,2018-07-10,2018-07-10,1,2,54.14524,-6.42136,54.14517,54.14532,-6.42381,-6.4189,4.75,7.58,SNPP,0,0,1
7274,2018-07-10,2018-07-10,1,1,54.40319,-6.98639,54.40319,54.40319,-6.98639,-6.98639,2.43,2.43,SNPP,0,0,1
7275,2018-07-10,2018-07-10,1,3,54.09868,-6.37276,54.09618,54.10233,-6.37361,-6.37115,8.6,18.18,SNPP,0,0,1
7276,2018-07-11,2018-07-11,1,2,50.65034,-1.19872,50.65002,50.65065,-1.19953,-1.1979,8.36,16.69,SNPP,0,0,1
7277,2018-07-12,2018-07-12,1,4,51.26404,-1.9482,51.26097,51.26839,-1.95049,-1.94489,2.25,5.64,SNPP,0,4,1
7278,2018-07-12,2018-07-12,1,1,53.11477,-2.40717,53.11477,53.11477,-2.40717,-2.40717,0.2,0.2,SNPP,0,1,1
7279,2018-07-12,2018-07-12,1,1,54.23915,-5.87194,54.23915,54.23915,-5.87194,-5.87194,0.43,0.43,SNPP,0,1,1
7280,2018-07-12,2018-07-12,1,1,54.26072,-5.84901,54.26072,54.26072,-5.84901,-5.84901,0.78,0.78,SNPP,0,1,1
7281,2018-07-12,2018-07-12,1,1,54.40002,-5.6462,54.40002,54.40002,-5.6462,-5.6462,0.73,0.73,SNPP,0,1,1
7282,2018-07-12,2018-07-12,1,2,54.40423,-5.90166,54.40385,54.40461,-5.90582,-5.8975,1.47,2.94,SNPP,0,2,1
7283,2018-07-12,2018-07-12,1,1,54.46447,-5.44522,54.46447,54.46447,-5.44522,-5.44522,1.47,1.47,SNPP,0,1,1
7284,2018-07-12,2018-07-12,1,1,54.50063,-5.78615,54.50063,54.50063,-5.78615,-5.78615,3.49,3.49,SNPP,0,1,1
7285,2018-07-12,2018-07-12,1,6,54.50511,-6.055,54.50184,54.50888,-6.0606,-6.04993,1.67,7.37,SNPP,0,6,1
7286,2018-07-12,2018-07-12,1,2,54.52099,-6.0293,54.51904,54.52294,-6.02984,-6.02877,1.74,3.48,SNPP,0,2,1
7287,2018-07-12,2018-07-12,1,1,54.52362,-6.08033,54.52362,54.52362,-6.08033,-6.08033,1.59,1.59,SNPP,0,1,1
7288,2018-07-12,2018-07-12,1,1,54.53229,-5.82799,54.53229,54.53229,-5.82799,-5.82799,1.86,1.86,SNPP,0,1,1
7289,2018-07-12,2018-07-12,1,1,54.54081,-6.04937,54.54081,54.54081,-6.04937,-6.04937,1.37,1.37,SNPP,0,1,1
7290,2018-07-12,2018-07-12,1,6,54.55387,-5.98862,54.54089,54.56192,-6.00663,-5.97497,1.51,7.69,SNPP,0,6,1
7291,2018-07-12,2018-07-12,1,2,54.54672,-5.94022,54.54633,54.54712,-5.94446,-5.93599,1.19,2.38,SNPP,0,2,1
7292,2018-07-12,2018-07-12,1,1,54.54701,-5.48769,54.54701,54.54701,-5.48769,-5.48769,1.22,1.22,SNPP,0,1,1
7293,2018-07-12,2018-07-12,1,2,54.55861,-5.85449,54.55396,54.56326,-5.86171,-5.84727,5.66,6.59,SNPP,0,2,1
7294,2018-07-12,2018-07-12,1,1,54.56891,-6.00729,54.56891,54.56891,-6.00729,-6.00729,1.57,1.57,SNPP,0,1,1
7295,2018-07-12,2018-07-12,1,6,54.58628,-5.89203,54.57505,54.59779,-5.90936,-5.87572,1.57,6.03,SNPP,0,6,1
7296,2018-07-12,2018-07-12,1,13,54.58746,-5.7967,54.57858,54.59475,-5.8289,-5.77288,2.7,17.72,SNPP,0,13,1
7297,2018-07-12,2018-07-12,1,6,54.58409,-5.69932,54.57922,54.59022,-5.70511,-5.68745,2.3,8.57,SNPP,0,6,1
7298,2018-07-12,2018-07-12,1,21,54.6051,-5.95864,54.58131,54.63179,-5.98698,-5.92655,4.34,31.47,SNPP,0,21,1
7299,2018-07-12,2018-07-12,1,1,54.58189,-5.84853,54.58189,54.58189,-5.84853,-5.84853,1.07,1.07,SNPP,0,1,1
7300,2018-07-12,2018-07-12,1,1,54.59557,-5.66017,54.59557,54.59557,-5.66017,-5.66017,1.8,1.8,SNPP,0,1,1
7301,2018-07-12,2018-07-12,1,1,54.60328,-5.70029,54.60328,54.60328,-5.70029,-5.70029,2.07,2.07,SNPP,0,1,1
7302,2018-07-12,2018-07-12,1,2,54.61126,-5.87052,54.61101,54.61151,-5.87176,-5.86927,1.8,2.36,SNPP,0,2,1
7303,2018-07-12,2018-07-12,1,1,54.62027,-5.92689,54.62027,54.62027,-5.92689,-5.92689,1.29,1.29,SNPP,0,1,1
7304,2018-07-12,2018-07-12,1,1,54.62558,-5.68509,54.62558,54.62558,-5.68509,-5.68509,0.5,0.5,SNPP,0,1,1
7305,2018-07-12,2018-07-12,1,3,54.64201,-5.54056,54.63919,54.64381,-5.5456,-5.53752,1.35,3.41,SNPP,0,3,1
7306,2018-07-12,2018-07-12,1,6,54.6507,-5.69395,54.64798,54.65416,-5.69657,-5.69061,7.73,23.22,SNPP,0,6,1
7307,2018-07-12,2018-07-12,1,1,54.66019,-5.6336,54.66019,54.66019,-5.6336,-5.6336,1.38,1.38,SNPP,0,1,1
7308,2018-07-12,2018-07-12,1,7,54.67394,-5.9185,54.66585,54.68631,-5.93011,-5.90824,3.74,12.46,SNPP,0,7,1
7309,2018-07-12,2018-07-12,1,3,54.68968,-5.94414,54.68863,54.69099,-5.95816,-5.93298,2.79,6.18,SNPP,0,3,1
7310,2018-07-12,2018-07-12,1,3,54.6944,-5.8701,54.69382,54.6948,-5.87355,-5.86528,2.41,5.59,SNPP,0,3,1
7311,2018-07-12,2018-07-12,1,2,54.70572,-6.18264,54.70376,54.70768,-6.18322,-6.18206,4.69,9.38,SNPP,0,2,1
7312,2018-07-12,2018-07-12,1,4,54.72679,-5.81142,54.72099,54.73643,-5.81802,-5.80374,3.95,7.77,SNPP,0,4,1
7313,2018-07-12,2018-07-12,1,2,54.75704,-6.01195,54.75119,54.76289,-6.01369,-6.0102,1.22,2.43,SNPP,0,2,1
7314,2018-07-12,2018-07-12,1,1,54.77507,-5.7553,54.77507,54.77507,-5.7553,-5.7553,1.14,1.14,SNPP,0,1,1
7315,2018-07-12,2018-07-12,1,1,54.82748,-5.8128,54.82748,54.82748,-5.8128,-5.8128,1.95,1.95,SNPP,0,1,1
7316,2018-07-12,2018-07-12,1,1,54.84373,-5.85964,54.84373,54.84373,-5.85964,-5.85964,1.79,1.79,SNPP,0,1,1
7317,2018-07-12,2018-07-12,1,7,54.85932,-5.83782,54.85677,54.86238,-5.84681,-5.81931,4.11,13.82,SNPP,0,7,1
7318,2018-07-12,2018-07-12,1,1,54.7215,-6.20364,54.7215,54.7215,-6.20364,-6.20364,0.6,0.6,SNPP,0,1,1
7319,2018-07-12,2018-07-12,1,1,50.32467,-5.16734,50.32467,50.32467,-5.16734,-5.16734,3.25,3.25,SNPP,0,0,1
7320,2018-07-13,2018-07-13,1,1,51.76385,-0.845,51.76385,51.76385,-0.845,-0.845,3.46,3.46,SNPP,0,1,1
7321,2018-07-13,2018-07-13,1,1,51.93973,1.01638,51.93973,51.93973,1.01638,1.01638,2.88,2.88,SNPP,0,0,1
7322,2018-07-13,2018-07-13,1,1,52.32071,-1.19195,52.32071,52.32071,-1.19195,-1.19195,5.36,5.36,SNPP,0,0,1
7323,2018-07-14,2018-07-14,1,3,51.74037,-0.61761,51.73798,51.74273,-0.61919,-0.61498,1.81,2.52,SNPP,0,3,1
7324,2018-07-14,2018-07-15,2,11,51.63134,-3.63201,51.62795,51.63537,-3.63712,-3.62878,13.52,52.77,SNPP,1,6,2
7325,2018-07-14,2018-07-14,1,1,51.50598,0.44688,51.50598,51.50598,0.44688,0.44688,0.49,0.49,SNPP,0,1,1
7326,2018-07-14,2018-07-14,1,1,54.30462,-7.85438,54.30462,54.30462,-7.85438,-7.85438,0.73,0.73,SNPP,0,1,1
7327,2018-07-14,2018-07-14,1,2,50.36188,-4.94521,50.36025,50.36351,-4.94585,-4.94457,3.52,7.04,SNPP,0,0,1
7328,2018-07-14,2018-07-14,1,1,51.73468,-3.28757,51.73468,51.73468,-3.28757,-3.28757,1.31,1.31,SNPP,0,0,1
7329,2018-07-14,2018-07-14,1,1,51.74528,-3.13778,51.74528,51.74528,-3.13778,-3.13778,3.72,3.72,SNPP,0,0,1
7330,2018-07-14,2018-07-14,1,1,52.00317,0.9945,52.00317,52.00317,0.9945,0.9945,5.66,5.66,SNPP,0,0,1
7331,2018-07-14,2018-07-14,1,1,52.12035,-2.88435,52.12035,52.12035,-2.88435,-2.88435,1.91,1.91,SNPP,0,0,1
7332,2018-07-14,2018-07-14,1,1,53.74453,-0.6108,53.74453,53.74453,-0.6108,-0.6108,2.59,2.59,SNPP,0,0,1
7333,2018-07-14,2018-07-14,1,1,54.13811,-6.5147,54.13811,54.13811,-6.5147,-6.5147,3.72,3.72,SNPP,0,0,1
7334,2018-07-14,2018-07-14,1,1,54.29811,-5.98081,54.29811,54.29811,-5.98081,-5.98081,2.4,2.4,SNPP,0,0,1
7335,2018-07-15,2018-07-15,1,3,51.97422,-4.01516,51.97207,51.97696,-4.01685,-4.01362,11.39,16.11,SNPP,0,1,1
7336,2018-07-15,2018-07-15,1,2,53.68344,-1.09162,53.68261,53.68427,-1.09168,-1.09156,0.5,0.82,SNPP,0,2,1
7337,2018-07-15,2018-07-15,1,2,51.01734,-2.18017,51.01646,51.01821,-2.18178,-2.17856,0.89,1.56,SNPP,0,2,1
7338,2018-07-15,2018-07-15,1,1,51.45465,-3.21943,51.45465,51.45465,-3.21943,-3.21943,0.39,0.39,SNPP,0,1,1
7339,2018-07-15,2018-07-15,1,1,51.52063,0.28751,51.52063,51.52063,0.28751,0.28751,0.63,0.63,SNPP,0,1,1
7340,2018-07-15,2018-07-20,4,24,51.62556,-3.10386,51.62308,51.63136,-3.12314,-3.08193,32.14,158.04,SNPP,2,17,6
7341,2018-07-15,2018-07-15,1,1,53.22937,-3.61088,53.22937,53.22937,-3.61088,-3.61088,0.96,0.96,SNPP,0,1,1
7342,2018-07-15,2018-07-15,1,1,53.63124,-2.26038,53.63124,53.63124,-2.26038,-2.26038,0.74,0.74,SNPP,0,1,1
7343,2018-07-15,2018-07-15,1,1,53.77251,-1.53697,53.77251,53.77251,-1.53697,-1.53697,12.78,12.78,SNPP,0,1,1
7344,2018-07-15,2018-07-15,1,1,52.65408,1.08836,52.65408,52.65408,1.08836,1.08836,8.46,8.46,SNPP,0,0,1
7345,2018-07-15,2018-07-15,1,1,50.8307,-1.1957,50.8307,50.8307,-1.1957,-1.1957,1.6,1.6,SNPP,0,0,1
7346,2018-07-15,2018-07-15,1,1,50.8465,-0.74422,50.8465,50.8465,-0.74422,-0.74422,2.33,2.33,SNPP,0,0,1
7347,2018-07-15,2018-07-15,1,5,50.88318,-1.07437,50.87872,50.88852,-1.08008,-1.07056,2.29,10.24,SNPP,0,0,1
7348,2018-07-15,2018-07-15,1,1,50.98242,-1.80543,50.98242,50.98242,-1.80543,-1.80543,4.79,4.79,SNPP,0,0,1
7349,2018-07-15,2018-07-15,1,1,51.32737,-1.10918,51.32737,51.32737,-1.10918,-1.10918,5.45,5.45,SNPP,0,0,1
7350,2018-07-15,2018-07-15,1,2,51.59874,-1.70286,51.59826,51.59921,-1.70563,-1.7001,1.81,3.61,SNPP,0,0,1
7351,2018-07-15,2018-07-15,1,4,51.60427,-1.39601,51.60231,51.6074,-1.40254,-1.39153,6.6,14.0,SNPP,0,0,1
7352,2018-07-15,2018-07-15,1,2,51.80827,-1.2889,51.80664,51.8099,-1.28959,-1.2882,3.15,5.15,SNPP,0,0,1
7353,2018-07-15,2018-07-15,1,2,52.08772,-1.66894,52.08725,52.08818,-1.67172,-1.66616,3.24,6.48,SNPP,0,0,1
7354,2018-07-15,2018-07-15,1,1,52.217,-1.45006,52.217,52.217,-1.45006,-1.45006,42.83,42.83,SNPP,0,0,1
7355,2018-07-15,2018-07-15,1,2,52.25584,-1.47906,52.25421,52.25747,-1.47977,-1.47834,6.22,12.44,SNPP,0,0,1
7356,2018-07-15,2018-07-15,1,1,52.28017,1.40595,52.28017,52.28017,1.40595,1.40595,1.78,1.78,SNPP,0,0,1
7357,2018-07-15,2018-07-15,1,3,52.61316,-1.55837,52.61177,52.61502,-1.5612,-1.55416,2.53,7.59,SNPP,0,0,1
7358,2018-07-15,2018-07-15,1,1,52.62338,-1.36086,52.62338,52.62338,-1.36086,-1.36086,1.83,1.83,SNPP,0,0,1
7359,2018-07-15,2018-07-15,1,1,52.63408,1.4511,52.63408,52.63408,1.4511,1.4511,2.87,2.87,SNPP,0,0,1
7360,2018-07-15,2018-07-15,1,1,52.80417,-1.0707,52.80417,52.80417,-1.0707,-1.0707,2.43,2.43,SNPP,0,0,1
7361,2018-07-15,2018-07-15,1,3,52.84441,-1.68372,52.84302,52.84627,-1.68656,-1.67948,4.06,7.77,SNPP,0,0,1
7362,2018-07-15,2018-07-15,1,2,52.87368,-1.77455,52.87322,52.87415,-1.77737,-1.77173,3.0,6.0,SNPP,0,0,1
7363,2018-07-15,2018-07-15,1,1,52.89555,-1.84329,52.89555,52.89555,-1.84329,-1.84329,5.45,5.45,SNPP,0,0,1
7364,2018-07-15,2018-07-15,1,5,53.77357,-2.81013,53.76972,53.78047,-2.81361,-2.80624,9.19,27.95,SNPP,0,0,1
7365,2018-07-16,2018-07-16,1,2,53.42907,-1.5081,53.42739,53.43075,-1.50893,-1.50727,1.36,1.92,SNPP,0,2,1
7366,2018-07-16,2018-07-16,1,1,50.69927,-2.45543,50.69927,50.69927,-2.45543,-2.45543,0.27,0.27,SNPP,0,1,1
7367,2018-07-16,2018-07-17,2,3,51.94565,-3.20195,51.9432,51.94824,-3.20469,-3.19922,6.4,9.43,SNPP,0,2,2
7368,2018-07-17,2018-07-17,1,3,52.66342,-0.79378,52.66204,52.66529,-0.79796,-0.79099,0.59,1.69,SNPP,0,3,1
7369,2018-07-17,2018-07-17,1,3,53.49213,-2.19896,53.49135,53.49285,-2.20146,-2.19561,2.27,4.97,SNPP,0,3,1
7370,2018-07-17,2018-07-17,1,1,50.82853,-1.41033,50.82853,50.82853,-1.41033,-1.41033,0.49,0.49,SNPP,0,1,1
7371,2018-07-17,2018-07-17,1,1,51.14247,-0.2637,51.14247,51.14247,-0.2637,-0.2637,2.68,2.68,SNPP,0,0,1
7372,2018-07-18,2018-07-18,1,2,52.58479,-0.63784,52.58303,52.58655,-0.63845,-0.63723,7.88,9.1,SNPP,0,2,1
7373,2018-07-18,2018-07-18,1,1,56.1956,-3.02018,56.1956,56.1956,-3.02018,-3.02018,2.77,2.77,SNPP,0,1,1
7374,2018-07-19,2018-07-19,1,1,51.38536,-1.07551,51.38536,51.38536,-1.07551,-1.07551,0.55,0.55,SNPP,0,1,1
7375,2018-07-19,2018-07-19,1,1,51.60743,0.48705,51.60743,51.60743,0.48705,0.48705,0.47,0.47,SNPP,0,1,1
7376,2018-07-19,2018-07-19,1,2,51.68922,0.62866,51.68863,51.6898,0.62647,0.63085,0.93,1.6,SNPP,0,2,1
7377,2018-07-19,2018-07-19,1,2,53.41348,-4.31853,53.41275,53.41422,-4.32111,-4.31595,2.1,4.0,SNPP,0,2,1
7378,2018-07-19,2018-07-19,1,1,51.65577,-3.89753,51.65577,51.65577,-3.89753,-3.89753,21.74,21.74,SNPP,0,0,1
7379,2018-07-19,2018-07-19,1,1,52.41114,-2.12274,52.41114,52.41114,-2.12274,-2.12274,1.87,1.87,SNPP,0,0,1
7380,2018-07-19,2018-07-19,1,1,54.70581,-5.87212,54.70581,54.70581,-5.87212,-5.87212,1.74,1.74,SNPP,0,0,1
7381,2018-07-19,2018-07-19,1,1,55.10951,-3.17779,55.10951,55.10951,-3.17779,-3.17779,4.48,4.48,SNPP,0,0,1
7382,2018-07-20,2018-07-20,1,2,52.3225,0.20028,52.32021,52.32479,0.19904,0.20153,2.96,3.55,SNPP,0,2,1
7383,2018-07-20,2018-07-20,1,1,52.74624,0.49179,52.74624,52.74624,0.49179,0.49179,6.4,6.4,SNPP,0,1,1
7384,2018-07-20,2018-07-20,1,4,53.00508,-3.2312,53.00251,53.00646,-3.23582,-3.22868,1.88,6.1,SNPP,0,4,1
7385,2018-07-20,2018-07-20,1,2,51.77256,-2.60388,51.77212,51.77299,-2.60422,-2.60353,1.11,1.38,SNPP,0,2,1
7386,2018-07-20,2018-07-20,1,2,51.94934,-3.20792,51.94868,51.95,-3.21063,-3.2052,0.92,1.84,SNPP,0,2,1
7387,2018-07-20,2018-07-20,1,1,52.01836,0.73645,52.01836,52.01836,0.73645,0.73645,5.94,5.94,SNPP,0,0,1
7388,2018-07-20,2018-07-20,1,1,51.04247,-2.78583,51.04247,51.04247,-2.78583,-2.78583,2.47,2.47,SNPP,0,0,1
7389,2018-07-20,2018-07-20,1,1,51.33291,-2.8563,51.33291,51.33291,-2.8563,-2.8563,1.02,1.02,SNPP,0,0,1
7390,2018-07-20,2018-07-20,1,2,51.37319,-2.08674,51.3695,51.37688,-2.08813,-2.08534,6.54,9.45,SNPP,0,0,1
7391,2018-07-20,2018-07-20,1,2,51.54809,-3.10646,51.54646,51.54972,-3.10717,-3.10575,1.84,3.68,SNPP,0,0,1
7392,2018-07-21,2018-07-21,1,2,52.16081,0.02536,52.16063,52.16099,0.02455,0.02618,2.44,4.88,SNPP,0,2,1
7393,2018-07-21,2018-07-21,1,1,51.82598,1.09482,51.82598,51.82598,1.09482,1.09482,2.83,2.83,SNPP,0,0,1
7394,2018-07-21,2018-07-21,1,1,50.77414,0.21927,50.77414,50.77414,0.21927,0.21927,8.17,8.17,SNPP,0,0,1
7395,2018-07-22,2018-07-22,1,2,52.64639,1.31098,52.64594,52.64684,1.31074,1.31123,0.93,1.59,SNPP,0,2,1
7396,2018-07-22,2018-07-24,2,3,52.68963,1.33573,52.6889,52.69033,1.33307,1.34017,1.31,2.59,SNPP,0,3,3
7397,2018-07-22,2018-07-22,1,1,51.60775,0.25616,51.60775,51.60775,0.25616,0.25616,5.25,5.25,SNPP,0,0,1
7398,2018-07-22,2018-07-22,1,3,50.7918,-2.33997,50.79165,50.79194,-2.34563,-2.33438,30.22,79.28,SNPP,0,0,1
7399,2018-07-23,2018-07-27,4,17,51.66909,-3.44615,51.66216,51.67461,-3.45526,-3.43419,9.01,61.89,SNPP,0,16,5
7400,2018-07-23,2018-07-23,1,1,52.0123,-0.19959,52.0123,52.0123,-0.19959,-0.19959,6.42,6.42,SNPP,0,0,1
7401,2018-07-24,2018-07-24,1,1,50.77076,-1.95042,50.77076,50.77076,-1.95042,-1.95042,0.75,0.75,SNPP,0,1,1
7402,2018-07-24,2018-07-24,1,1,53.49826,-1.23907,53.49826,53.49826,-1.23907,-1.23907,0.82,0.82,SNPP,0,1,1
7403,2018-07-24,2018-07-24,1,1,53.56631,-1.7182,53.56631,53.56631,-1.7182,-1.7182,1.19,1.19,SNPP,0,1,1
7404,2018-07-24,2018-07-24,1,1,51.92215,1.09158,51.92215,51.92215,1.09158,1.09158,17.32,17.32,SNPP,0,0,1
7405,2018-07-24,2018-07-24,1,1,52.09852,1.19043,52.09852,52.09852,1.19043,1.19043,6.46,6.46,SNPP,0,0,1
7406,2018-07-24,2018-07-25,2,5,52.19805,-0.32658,52.19619,52.20295,-0.33169,-0.3155,119.62,207.85,SNPP,0,3,2
7407,2018-07-24,2018-07-24,1,1,52.42467,-0.06665,52.42467,52.42467,-0.06665,-0.06665,41.89,41.89,SNPP,0,0,1
7408,2018-07-25,2018-07-27,2,4,51.69284,-3.48329,51.69255,51.69305,-3.48449,-3.48246,0.82,2.4,SNPP,0,4,3
7409,2018-07-25,2018-07-25,1,2,52.02602,0.72868,52.02592,52.02612,0.72823,0.72912,1.4,2.33,SNPP,0,2,1
7410,2018-07-25,2018-07-25,1,1,54.0765,-2.01628,54.0765,54.0765,-2.01628,-2.01628,0.82,0.82,SNPP,0,1,1
7411,2018-07-25,2018-07-25,1,1,52.24339,0.47994,52.24339,52.24339,0.47994,0.47994,50.02,50.02,SNPP,1,0,1
7412,2018-07-25,2018-07-25,1,1,50.35427,-3.7464,50.35427,50.35427,-3.7464,-3.7464,5.41,5.41,SNPP,0,0,1
7413,2018-07-25,2018-07-25,1,1,50.6354,-3.36634,50.6354,50.6354,-3.36634,-3.36634,2.96,2.96,SNPP,0,0,1
7414,2018-07-25,2018-07-25,1,3,50.80236,-4.36881,50.80066,50.80485,-4.37198,-4.36655,6.42,12.82,SNPP,0,0,1
7415,2018-07-25,2018-07-25,1,1,50.87233,-2.99113,50.87233,50.87233,-2.99113,-2.99113,2.38,2.38,SNPP,0,0,1
7416,2018-07-25,2018-07-25,1,1,51.29453,0.4286,51.29453,51.29453,0.4286,0.4286,4.8,4.8,SNPP,0,0,1
7417,2018-07-25,2018-07-25,1,2,51.55488,-3.07252,51.55446,51.5553,-3.07525,-3.06979,7.63,14.72,SNPP,0,0,1
7418,2018-07-25,2018-07-27,3,8,51.62665,-3.10708,51.62325,51.62909,-3.11646,-3.08888,7.99,17.48,SNPP,0,6,3
7419,2018-07-25,2018-07-25,1,1,51.69785,0.69059,51.69785,51.69785,0.69059,0.69059,10.44,10.44,SNPP,0,0,1
7420,2018-07-25,2018-07-25,1,2,51.81812,-4.91526,51.81765,51.81859,-4.91804,-4.91247,4.94,9.88,SNPP,0,0,1
7421,2018-07-25,2018-07-25,1,1,53.82673,-2.91879,53.82673,53.82673,-2.91879,-2.91879,9.57,9.57,SNPP,0,0,1
7422,2018-07-25,2018-07-25,1,1,54.705,-4.94762,54.705,54.705,-4.94762,-4.94762,1.23,1.23,SNPP,0,0,1
7423,2018-07-26,2018-07-27,2,6,51.94112,-3.20375,51.93648,51.94917,-3.20867,-3.19456,9.73,17.53,SNPP,0,6,2
7424,2018-07-26,2018-07-28,3,69,53.01284,-3.22644,53.00377,53.02172,-3.2438,-3.20934,42.73,370.66,SNPP,2,53,3
7425,2018-07-26,2018-07-26,1,3,53.19279,-2.46272,53.19212,53.19347,-2.46457,-2.46095,0.87,2.39,SNPP,0,3,1
7426,2018-07-26,2018-07-26,1,1,53.79333,-2.81165,53.79333,53.79333,-2.81165,-2.81165,0.35,0.35,SNPP,0,1,1
7427,2018-07-26,2018-07-26,1,1,52.26236,-0.59594,52.26236,52.26236,-0.59594,-0.59594,0.34,0.34,SNPP,0,1,1
7428,2018-07-26,2018-07-26,1,1,53.2417,-2.14533,53.2417,53.2417,-2.14533,-2.14533,0.19,0.19,SNPP,0,1,1
7429,2018-07-26,2018-07-26,1,1,54.20956,-5.92758,54.20956,54.20956,-5.92758,-5.92758,0.57,0.57,SNPP,0,1,1
7430,2018-07-26,2018-07-26,1,1,50.74806,-1.96532,50.74806,50.74806,-1.96532,-1.96532,30.94,30.94,SNPP,0,0,1
7431,2018-07-26,2018-07-26,1,1,50.86622,0.42245,50.86622,50.86622,0.42245,0.42245,10.8,10.8,SNPP,0,0,1
7432,2018-07-26,2018-07-26,1,2,50.92978,0.22803,50.92931,50.93024,0.22529,0.23077,1.48,2.96,SNPP,0,0,1
7433,2018-07-26,2018-07-26,1,2,51.16744,0.80767,51.16699,51.16788,0.80495,0.81039,3.15,6.3,SNPP,0,0,1
7434,2018-07-26,2018-07-26,1,3,51.17216,0.41457,51.17047,51.17464,0.4114,0.41685,25.34,76.02,SNPP,0,0,1
7435,2018-07-26,2018-07-26,1,2,51.22902,-1.11503,51.22852,51.22953,-1.11588,-1.11417,13.19,20.14,SNPP,0,0,1
7436,2018-07-26,2018-07-26,1,2,51.23916,1.27541,51.23873,51.23959,1.2727,1.27812,4.25,8.5,SNPP,0,0,1
7437,2018-07-26,2018-07-26,1,2,51.45517,0.61238,51.45472,51.45562,0.60965,0.61511,8.31,12.64,SNPP,0,0,1
7438,2018-07-26,2018-07-26,1,1,51.50433,-2.66492,51.50433,51.50433,-2.66492,-2.66492,4.98,4.98,SNPP,0,0,1
7439,2018-07-26,2018-07-26,1,1,51.51225,0.04174,51.51225,51.51225,0.04174,0.04174,3.01,3.01,SNPP,0,0,1
7440,2018-07-26,2018-07-26,1,3,51.56369,0.38542,51.5626,51.56495,0.379,0.39138,6.74,16.22,SNPP,0,0,1
7441,2018-07-26,2018-07-26,1,1,51.66594,-4.01239,51.66594,51.66594,-4.01239,-4.01239,3.7,3.7,SNPP,0,0,1
7442,2018-07-26,2018-07-26,1,2,51.81258,0.9355,51.81215,51.81302,0.93276,0.93825,2.86,5.72,SNPP,0,0,1
7443,2018-07-26,2018-07-26,1,3,51.82524,0.71851,51.82278,51.82692,0.71622,0.72172,3.6,8.9,SNPP,0,0,1
7444,2018-07-26,2018-07-26,1,1,52.10146,-0.01346,52.10146,52.10146,-0.01346,-0.01346,30.74,30.74,SNPP,0,0,1
7445,2018-07-26,2018-07-26,1,5,52.25152,0.35305,52.24864,52.25473,0.34973,0.35669,3.55,16.93,SNPP,0,0,1
7446,2018-07-26,2018-07-26,1,3,52.26939,-0.42375,52.26754,52.27079,-0.42797,-0.42091,4.86,10.86,SNPP,0,0,1
7447,2018-07-26,2018-07-26,1,1,52.55903,0.44355,52.55903,52.55903,0.44355,0.44355,2.51,2.51,SNPP,0,0,1
7448,2018-07-26,2018-07-26,1,2,52.6949,-0.13922,52.69444,52.69536,-0.14203,-0.13641,7.83,11.66,SNPP,0,0,1
7449,2018-07-26,2018-07-26,1,2,52.9292,-0.96473,52.92756,52.93083,-0.96549,-0.96397,8.8,17.37,SNPP,0,0,1
7450,2018-07-26,2018-07-26,1,1,53.40935,0.01734,53.40935,53.40935,0.01734,0.01734,3.48,3.48,SNPP,0,0,1
7451,2018-07-26,2018-07-26,1,1,54.84565,-1.73688,54.84565,54.84565,-1.73688,-1.73688,2.38,2.38,SNPP,0,0,1
7452,2018-07-26,2018-07-26,1,1,55.92441,-3.19084,55.92441,55.92441,-3.19084,-3.19084,2.74,2.74,SNPP,0,0,1
7453,2018-07-26,2018-07-26,1,1,57.06989,-4.81748,57.06989,57.06989,-4.81748,-4.81748,17.58,17.58,SNPP,0,0,1
7454,2018-07-27,2018-07-28,2,5,50.79938,-1.90416,50.79702,50.80161,-1.90581,-1.90249,9.87,24.19,SNPP,0,2,2
7455,2018-07-27,2018-07-27,1,1,51.53498,-2.1218,51.53498,51.53498,-2.1218,-2.1218,2.28,2.28,SNPP,0,1,1
7456,2018-07-27,2018-07-27,1,2,51.64232,-3.33926,51.64069,51.64394,-3.33997,-3.33856,1.03,2.06,SNPP,0,2,1
7457,2018-07-27,2018-07-27,1,2,51.27686,0.4107,51.27654,51.27719,0.41003,0.41136,2.58,5.16,SNPP,0,0,1
7458,2018-07-27,2018-07-27,1,2,52.35774,-0.5313,52.35594,52.35953,-0.53231,-0.53029,6.25,12.5,SNPP,0,0,1
7459,2018-07-27,2018-07-27,1,1,53.06755,-2.03975,53.06755,53.06755,-2.03975,-2.03975,4.71,4.71,SNPP,0,0,1
7460,2018-07-27,2018-07-27,1,2,53.07324,-2.18304,53.073,53.07347,-2.18383,-2.18224,5.37,9.91,SNPP,0,0,1
7461,2018-07-27,2018-07-27,1,1,57.69635,-4.16053,57.69635,57.69635,-4.16053,-4.16053,4.13,4.13,SNPP,0,0,1
7462,2018-07-28,2018-07-28,1,1,51.53565,-0.64789,51.53565,51.53565,-0.64789,-0.64789,1.08,1.08,SNPP,0,1,1
7463,2018-07-29,2018-07-29,1,1,52.24533,0.79004,52.24533,52.24533,0.79004,0.79004,0.76,0.76,SNPP,0,1,1
7464,2018-07-30,2018-07-30,1,3,52.83721,-2.4905,52.83631,52.83863,-2.49118,-2.48955,3.44,8.68,SNPP,0,3,1
7465,2018-07-30,2018-07-30,1,1,53.34259,-0.69546,53.34259,53.34259,-0.69546,-0.69546,0.73,0.73,SNPP,0,1,1
7466,2018-07-30,2018-07-30,1,1,52.07044,-2.87071,52.07044,52.07044,-2.87071,-2.87071,2.86,2.86,SNPP,0,0,1
7467,2018-07-30,2018-07-30,1,1,52.92626,-1.34181,52.92626,52.92626,-1.34181,-1.34181,2.2,2.2,SNPP,0,0,1
7468,2018-07-30,2018-07-30,1,1,54.40165,-6.26504,54.40165,54.40165,-6.26504,-6.26504,3.66,3.66,SNPP,0,0,1
7469,2018-07-31,2018-07-31,1,1,54.96428,-1.68293,54.96428,54.96428,-1.68293,-1.68293,4.75,4.75,SNPP,0,0,1
7470,2018-07-31,2018-07-31,1,3,50.83048,-1.19254,50.82878,50.83296,-1.19571,-1.19027,34.36,68.2,SNPP,0,0,1
7471,2018-07-31,2018-07-31,1,1,50.84644,-0.74282,50.84644,50.84644,-0.74282,-0.74282,3.9,3.9,SNPP,0,0,1
7472,2018-07-31,2018-07-31,1,6,50.88361,-1.077,50.87678,50.88984,-1.08152,-1.07202,7.28,36.72,SNPP,0,0,1
7473,2018-07-31,2018-07-31,1,1,50.94355,-1.21111,50.94355,50.94355,-1.21111,-1.21111,7.54,7.54,SNPP,0,0,1
7474,2018-07-31,2018-07-31,1,4,51.59987,-1.70528,51.59731,51.6029,-1.7122,-1.6997,7.35,20.43,SNPP,0,0,1
7475,2018-07-31,2018-07-31,1,1,51.60689,-1.4052,51.60689,51.60689,-1.4052,-1.4052,3.94,3.94,SNPP,0,0,1
7476,2018-07-31,2018-07-31,1,1,51.60894,-1.73451,51.60894,51.60894,-1.73451,-1.73451,3.08,3.08,SNPP,0,0,1
7477,2018-07-31,2018-07-31,1,3,51.64653,-1.78884,51.64482,51.64902,-1.79206,-1.78651,2.51,7.53,SNPP,0,0,1
7478,2018-07-31,2018-07-31,1,3,51.65345,-1.73423,51.65096,51.65517,-1.73656,-1.73101,5.71,16.23,SNPP,0,0,1
7479,2018-07-31,2018-07-31,1,1,51.9202,-2.36924,51.9202,51.9202,-2.36924,-2.36924,6.4,6.4,SNPP,0,0,1
7480,2018-07-31,2018-07-31,1,1,52.25557,-1.4794,52.25557,52.25557,-1.4794,-1.4794,2.39,2.39,SNPP,0,0,1
7481,2018-07-31,2018-07-31,1,1,52.84458,-1.68487,52.84458,52.84458,-1.68487,-1.68487,2.6,2.6,SNPP,0,0,1
7482,2018-07-31,2018-07-31,1,1,53.0828,-2.36689,53.0828,53.0828,-2.36689,-2.36689,2.71,2.71,SNPP,0,0,1
7483,2018-08-01,2018-08-02,2,4,51.48815,-0.70319,51.48758,51.48926,-0.7054,-0.70056,4.44,7.07,SNPP,0,3,2
7484,2018-08-01,2018-08-01,1,1,52.61716,-1.3619,52.61716,52.61716,-1.3619,-1.3619,0.5,0.5,SNPP,0,1,1
7485,2018-08-01,2018-08-01,1,1,53.68356,-1.09042,53.68356,53.68356,-1.09042,-1.09042,0.18,0.18,SNPP,0,1,1
7486,2018-08-01,2018-08-01,1,1,54.29239,-1.54408,54.29239,54.29239,-1.54408,-1.54408,0.38,0.38,SNPP,0,1,1
7487,2018-08-01,2018-08-01,1,1,51.56593,-2.95905,51.56593,51.56593,-2.95905,-2.95905,0.44,0.44,SNPP,0,1,1
7488,2018-08-01,2018-08-01,1,1,51.04115,-0.0227,51.04115,51.04115,-0.0227,-0.0227,3.18,3.18,SNPP,0,0,1
7489,2018-08-01,2018-08-01,1,3,52.36114,-0.15032,52.36105,52.36129,-0.15438,-0.14413,7.62,19.78,SNPP,0,0,1
7490,2018-08-02,2018-08-02,1,1,51.49389,-2.32263,51.49389,51.49389,-2.32263,-2.32263,1.42,1.42,SNPP,0,1,1
7491,2018-08-02,2018-08-02,1,1,51.2826,1.28884,51.2826,51.2826,1.28884,1.28884,6.2,6.2,SNPP,0,0,1
7492,2018-08-02,2018-08-02,1,1,51.73426,0.00318,51.73426,51.73426,0.00318,0.00318,1.74,1.74,SNPP,0,0,1
7493,2018-08-02,2018-08-02,1,2,51.38614,0.32666,51.38609,51.38619,0.32342,0.32989,20.27,36.54,SNPP,1,0,1
7494,2018-08-03,2018-08-03,1,2,51.08649,-1.10028,51.08463,51.08835,-1.10063,-1.09994,2.47,3.15,SNPP,0,2,1
7495,2018-08-03,2018-08-03,1,1,52.55564,1.18666,52.55564,52.55564,1.18666,1.18666,0.62,0.62,SNPP,0,1,1
7496,2018-08-03,2018-08-03,1,1,52.96901,-0.53526,52.96901,52.96901,-0.53526,-0.53526,3.45,3.45,SNPP,0,0,1
7497,2018-08-03,2018-08-03,1,3,51.32861,1.22702,51.3278,51.32978,1.22403,1.23261,13.57,39.17,SNPP,0,0,1
7498,2018-08-04,2018-08-04,1,1,54.98182,-2.51751,54.98182,54.98182,-2.51751,-2.51751,0.49,0.49,SNPP,0,1,1
7499,2018-08-04,2018-08-04,1,2,50.65104,-1.4476,50.64997,50.65211,-1.44794,-1.44727,0.92,1.5,SNPP,0,2,1
7500,2018-08-04,2018-08-04,1,2,51.49048,-0.32727,51.48842,51.49253,-0.32771,-0.32682,0.79,1.07,SNPP,0,2,1
7501,2018-08-04,2018-08-04,1,3,53.45122,-1.28991,53.44993,53.45211,-1.29324,-1.28608,2.93,4.35,SNPP,0,3,1
7502,2018-08-04,2018-08-04,1,2,52.23306,-0.7983,52.23228,52.23383,-0.80076,-0.79584,0.78,1.43,SNPP,0,2,1
7503,2018-08-04,2018-08-04,1,1,52.46439,-0.2688,52.46439,52.46439,-0.2688,-0.2688,38.84,38.84,SNPP,0,0,1
7504,2018-08-05,2018-08-05,1,3,50.84581,-0.57923,50.84371,50.84882,-0.58123,-0.57787,4.51,8.94,SNPP,0,3,1
7505,2018-08-05,2018-08-05,1,2,53.38842,-0.78478,53.38803,53.38882,-0.78507,-0.78448,0.92,1.72,SNPP,0,2,1
7506,2018-08-05,2018-08-05,1,1,53.68619,-1.09233,53.68619,53.68619,-1.09233,-1.09233,0.47,0.47,SNPP,0,1,1
7507,2018-08-05,2018-08-05,1,2,53.84489,-1.27046,53.84462,53.84516,-1.2711,-1.26983,8.14,13.04,SNPP,0,2,1
7508,2018-08-05,2018-08-05,1,1,50.66999,-2.30573,50.66999,50.66999,-2.30573,-2.30573,3.29,3.29,SNPP,0,0,1
7509,2018-08-05,2018-08-05,1,2,51.04254,-2.7869,51.04091,51.04418,-2.78758,-2.78622,2.94,5.88,SNPP,0,0,1
7510,2018-08-05,2018-08-05,1,1,51.15208,-0.05335,51.15208,51.15208,-0.05335,-0.05335,1.42,1.42,SNPP,0,0,1
7511,2018-08-05,2018-08-05,1,2,51.73271,-2.94566,51.73225,51.73317,-2.94842,-2.94291,3.53,6.26,SNPP,0,0,1
7512,2018-08-05,2018-08-05,1,1,51.81643,-4.91718,51.81643,51.81643,-4.91718,-4.91718,3.24,3.24,SNPP,0,0,1
7513,2018-08-05,2018-08-05,1,1,52.59334,-1.76398,52.59334,52.59334,-1.76398,-1.76398,15.09,15.09,SNPP,0,0,1
7514,2018-08-05,2018-08-05,1,1,52.91948,-0.04782,52.91948,52.91948,-0.04782,-0.04782,1.79,1.79,SNPP,0,0,1
7515,2018-08-05,2018-08-05,1,1,52.94669,-0.66464,52.94669,52.94669,-0.66464,-0.66464,4.42,4.42,SNPP,0,0,1
7516,2018-08-06,2018-08-06,1,1,51.50064,-2.3058,51.50064,51.50064,-2.3058,-2.3058,0.92,0.92,SNPP,0,1,1
7517,2018-08-06,2018-08-06,1,1,51.3525,1.36748,51.3525,51.3525,1.36748,1.36748,2.16,2.16,SNPP,0,0,1
7518,2018-08-06,2018-08-06,1,1,51.85992,1.00625,51.85992,51.85992,1.00625,1.00625,3.05,3.05,SNPP,0,0,1
7519,2018-08-06,2018-08-06,1,2,52.43932,1.58533,52.43816,52.44049,1.58182,1.58884,4.26,5.27,SNPP,0,0,1
7520,2018-08-06,2018-08-06,1,1,52.68064,-3.09115,52.68064,52.68064,-3.09115,-3.09115,1.91,1.91,SNPP,0,0,1
7521,2018-08-07,2018-08-07,1,1,50.8976,0.09998,50.8976,50.8976,0.09998,0.09998,0.48,0.48,SNPP,0,1,1
7522,2018-08-07,2018-08-07,1,1,52.7655,-1.54868,52.7655,52.7655,-1.54868,-1.54868,3.14,3.14,SNPP,0,1,1
7523,2018-08-07,2018-08-07,1,1,51.27015,-0.7319,51.27015,51.27015,-0.7319,-0.7319,2.04,2.04,SNPP,0,0,1
7524,2018-08-07,2018-08-07,1,1,53.17191,-1.03323,53.17191,53.17191,-1.03323,-1.03323,23.54,23.54,SNPP,0,0,1
7525,2018-08-08,2018-08-08,1,2,51.13078,-0.09224,51.12913,51.13244,-0.09284,-0.09165,0.81,1.21,SNPP,0,2,1
7526,2018-08-08,2018-08-08,1,1,56.16632,-3.39909,56.16632,56.16632,-3.39909,-3.39909,0.3,0.3,SNPP,0,1,1
7527,2018-08-09,2018-08-09,1,1,50.77119,-4.07505,50.77119,50.77119,-4.07505,-4.07505,7.58,7.58,SNPP,0,0,1
7528,2018-08-09,2018-08-09,1,1,53.28699,-3.19865,53.28699,53.28699,-3.19865,-3.19865,3.09,3.09,SNPP,0,0,1
7529,2018-08-10,2018-08-11,2,21,53.16593,-1.99411,53.16092,53.17245,-2.00209,-1.98549,19.17,134.05,SNPP,3,18,2
7530,2018-08-10,2018-08-10,1,3,50.87117,-0.88435,50.86789,50.87292,-0.8863,-0.88298,3.17,4.57,SNPP,0,3,1
7531,2018-08-10,2018-08-10,1,2,51.1359,-0.7089,51.1355,51.13631,-0.70991,-0.70789,1.27,2.04,SNPP,0,2,1
7532,2018-08-10,2018-08-10,1,1,51.53305,-3.70199,51.53305,51.53305,-3.70199,-3.70199,0.69,0.69,SNPP,0,1,1
7533,2018-08-10,2018-08-10,1,1,54.51362,-6.17691,54.51362,54.51362,-6.17691,-6.17691,4.14,4.14,SNPP,0,0,1
7534,2018-08-11,2018-08-11,1,2,53.25311,-1.00141,53.25277,53.25346,-1.00216,-1.00065,0.74,1.46,SNPP,0,2,1
7535,2018-08-11,2018-08-11,1,2,54.61692,-1.19842,54.61687,54.61697,-1.19954,-1.1973,0.69,1.15,SNPP,0,2,1
7536,2018-08-11,2018-08-11,1,2,53.82336,-1.77262,53.8216,53.82513,-1.77373,-1.77152,3.45,6.9,SNPP,0,2,1
7537,2018-08-11,2018-08-11,1,1,54.97714,-7.28348,54.97714,54.97714,-7.28348,-7.28348,0.72,0.72,SNPP,0,1,1
7538,2018-08-11,2018-08-11,1,2,54.99206,-7.31107,54.99064,54.99348,-7.31988,-7.30226,0.83,1.35,SNPP,0,2,1
7539,2018-08-11,2018-08-11,1,2,55.0012,-7.28124,55.00073,55.00168,-7.28418,-7.27831,1.05,1.92,SNPP,0,2,1
7540,2018-08-11,2018-08-11,1,5,52.10535,-0.07038,52.09931,52.10953,-0.08015,-0.05788,5.41,21.28,SNPP,0,0,1
7541,2018-08-11,2018-08-11,1,1,52.18559,0.05092,52.18559,52.18559,0.05092,0.05092,6.53,6.53,SNPP,0,0,1
7542,2018-08-13,2018-08-13,1,2,52.23629,-4.22804,52.23451,52.23807,-4.22854,-4.22754,0.58,0.99,SNPP,0,2,1
7543,2018-08-14,2018-08-14,1,1,50.87037,-1.0129,50.87037,50.87037,-1.0129,-1.0129,0.4,0.4,SNPP,0,1,1
7544,2018-08-14,2018-08-14,1,1,51.50559,0.44817,51.50559,51.50559,0.44817,0.44817,0.64,0.64,SNPP,0,1,1
7545,2018-08-14,2018-08-14,1,2,51.88588,1.07434,51.88515,51.88662,1.07278,1.0759,1.02,1.93,SNPP,0,2,1
7546,2018-08-15,2018-08-15,1,5,51.7909,0.03795,51.7883,51.79315,0.03447,0.0411,2.18,7.44,SNPP,0,5,1
7547,2018-08-15,2018-08-15,1,1,52.11451,0.6686,52.11451,52.11451,0.6686,0.6686,3.83,3.83,SNPP,0,0,1
7548,2018-08-16,2018-08-17,2,2,51.75238,0.04637,51.75097,51.75379,0.04537,0.04737,1.11,1.84,SNPP,0,2,2
7549,2018-08-16,2018-08-16,1,1,52.05188,0.46755,52.05188,52.05188,0.46755,0.46755,1.03,1.03,SNPP,0,1,1
7550,2018-08-16,2018-08-16,1,2,52.60926,0.09428,52.60857,52.60996,0.0931,0.09545,1.14,2.1,SNPP,0,2,1
7551,2018-08-18,2018-08-18,1,1,52.69408,1.69434,52.69408,52.69408,1.69434,1.69434,1.0,1.0,SNPP,0,1,1
7552,2018-08-18,2018-08-18,1,1,51.50739,0.44802,51.50739,51.50739,0.44802,0.44802,0.82,0.82,SNPP,0,1,1
7553,2018-08-20,2018-08-20,1,1,52.31679,1.04177,52.31679,52.31679,1.04177,1.04177,0.5,0.5,SNPP,0,1,1
7554,2018-08-21,2018-08-21,1,1,50.75875,-1.28752,50.75875,50.75875,-1.28752,-1.28752,4.62,4.62,SNPP,0,0,1
7555,2018-08-21,2018-08-21,1,1,50.81159,-2.95383,50.81159,50.81159,-2.95383,-2.95383,4.08,4.08,SNPP,0,0,1
7556,2018-08-21,2018-08-21,1,1,51.04638,-3.10625,51.04638,51.04638,-3.10625,-3.10625,3.58,3.58,SNPP,0,0,1
7557,2018-08-22,2018-08-22,1,6,51.78655,-0.33794,51.78478,51.78746,-0.34485,-0.33217,2.08,9.25,SNPP,0,6,1
7558,2018-08-22,2018-08-22,1,3,52.72303,1.5594,52.72195,52.72364,1.55863,1.56041,1.83,4.84,SNPP,0,3,1
7559,2018-08-22,2018-08-22,1,4,53.95306,-1.18434,53.94946,53.95592,-1.18733,-1.18272,3.5,8.16,SNPP,0,4,1
7560,2018-08-22,2018-08-22,1,1,51.41171,0.74189,51.41171,51.41171,0.74189,0.74189,2.95,2.95,SNPP,0,1,1
7561,2018-08-22,2018-08-24,2,3,51.50755,0.44782,51.50691,51.50828,0.44461,0.45015,0.99,1.59,SNPP,0,3,3
7562,2018-08-22,2018-08-22,1,1,53.11177,-2.41997,53.11177,53.11177,-2.41997,-2.41997,0.34,0.34,SNPP,0,1,1
7563,2018-08-22,2018-08-22,1,3,52.19667,1.40965,52.19419,52.19838,1.40731,1.41289,7.06,13.96,SNPP,0,0,1
7564,2018-08-22,2018-08-22,1,2,52.43346,1.60728,52.433,52.43392,1.60449,1.61008,4.7,9.4,SNPP,0,0,1
7565,2018-08-22,2018-08-22,1,2,52.5078,1.23806,52.50703,52.50856,1.23669,1.23943,2.75,4.73,SNPP,0,0,1
7566,2018-08-22,2018-08-22,1,1,52.54911,1.24869,52.54911,52.54911,1.24869,1.24869,3.74,3.74,SNPP,0,0,1
7567,2018-08-22,2018-08-22,1,3,52.66006,1.70285,52.65837,52.66253,1.69959,1.70519,3.43,6.82,SNPP,0,0,1
7568,2018-08-22,2018-08-22,1,3,52.69009,1.11202,52.68869,52.69195,1.10915,1.11627,7.89,14.35,SNPP,0,0,1
7569,2018-08-22,2018-08-22,1,7,52.75226,1.35543,52.74618,52.76141,1.34846,1.36658,10.59,37.16,SNPP,0,0,1
7570,2018-08-22,2018-08-22,1,2,52.90078,1.1741,52.89915,52.9024,1.17336,1.17484,3.76,7.52,SNPP,0,0,1
7571,2018-08-24,2018-08-24,1,1,52.62903,-1.46794,52.62903,52.62903,-1.46794,-1.46794,1.07,1.07,SNPP,0,1,1
7572,2018-08-24,2018-08-24,1,1,53.08036,0.09321,53.08036,53.08036,0.09321,0.09321,1.46,1.46,SNPP,0,1,1
7573,2018-08-24,2018-08-24,1,2,53.81068,-1.02694,53.80896,53.81241,-1.02756,-1.02633,0.67,1.34,SNPP,0,2,1
7574,2018-08-25,2018-08-25,1,1,51.70869,0.0177,51.70869,51.70869,0.0177,0.0177,2.97,2.97,SNPP,0,1,1
7575,2018-08-25,2018-08-25,1,1,50.86025,-1.86377,50.86025,50.86025,-1.86377,-1.86377,5.03,5.03,SNPP,0,0,1
7576,2018-08-25,2018-08-25,1,1,52.71365,-1.6805,52.71365,52.71365,-1.6805,-1.6805,2.86,2.86,SNPP,0,0,1
7577,2018-08-25,2018-08-25,1,1,53.48124,-2.43745,53.48124,53.48124,-2.43745,-2.43745,6.0,6.0,SNPP,0,0,1
7578,2018-08-28,2018-08-28,1,4,54.6811,-1.45925,54.68071,54.68137,-1.46449,-1.45189,4.45,13.38,SNPP,0,4,1
7579,2018-08-30,2018-08-30,1,1,51.1024,0.64748,51.1024,51.1024,0.64748,0.64748,0.56,0.56,SNPP,0,1,1
7580,2018-08-30,2018-08-30,1,2,52.38224,-0.10578,52.38112,52.38336,-0.10624,-0.10533,2.52,3.97,SNPP,0,2,1
7581,2018-08-31,2018-08-31,1,2,52.52125,1.72132,52.52074,52.52176,1.72125,1.72139,1.6,2.47,SNPP,0,2,1
7582,2018-08-31,2018-08-31,1,1,54.03275,-0.80102,54.03275,54.03275,-0.80102,-0.80102,6.83,6.83,SNPP,0,0,1
7583,2018-08-31,2018-08-31,1,1,50.82346,-3.52981,50.82346,50.82346,-3.52981,-3.52981,1.55,1.55,SNPP,0,0,1
7584,2018-08-31,2018-08-31,1,1,53.64194,-1.16167,53.64194,53.64194,-1.16167,-1.16167,1.76,1.76,SNPP,0,0,1
7585,2018-08-31,2018-09-02,2,2,54.61734,-1.18844,54.61615,54.61852,-1.19222,-1.18467,6.29,11.61,SNPP,0,0,3
7586,2018-09-01,2018-09-01,1,1,50.76364,-0.79937,50.76364,50.76364,-0.79937,-0.79937,1.88,1.88,SNPP,0,0,1
7587,2018-09-01,2018-09-01,1,1,50.98405,-1.45546,50.98405,50.98405,-1.45546,-1.45546,10.86,10.86,SNPP,0,0,1
7588,2018-09-01,2018-09-01,1,2,51.08227,-1.15168,51.08064,51.0839,-1.15236,-1.15099,2.78,5.15,SNPP,0,0,1
7589,2018-09-01,2018-09-01,1,2,51.10892,-1.52552,51.10775,51.11009,-1.52897,-1.52208,23.68,32.36,SNPP,0,0,1
7590,2018-09-01,2018-09-01,1,2,51.1861,-1.36688,51.18401,51.1882,-1.36893,-1.36483,10.12,20.24,SNPP,0,0,1
7591,2018-09-01,2018-09-01,1,1,51.20105,-1.59988,51.20105,51.20105,-1.59988,-1.59988,4.6,4.6,SNPP,0,0,1
7592,2018-09-01,2018-09-01,1,1,51.28712,1.24495,51.28712,51.28712,1.24495,1.24495,0.98,0.98,SNPP,0,0,1
7593,2018-09-01,2018-09-01,1,1,51.35489,-0.47387,51.35489,51.35489,-0.47387,-0.47387,2.33,2.33,SNPP,0,0,1
7594,2018-09-01,2018-09-01,1,1,51.60931,0.25718,51.60931,51.60931,0.25718,0.25718,1.2,1.2,SNPP,0,0,1
7595,2018-09-01,2018-09-01,1,1,52.88495,-2.04057,52.88495,52.88495,-2.04057,-2.04057,1.41,1.41,SNPP,0,0,1
7596,2018-09-01,2018-09-01,1,1,53.26709,-2.39592,53.26709,53.26709,-2.39592,-2.39592,2.17,2.17,SNPP,0,0,1
7597,2018-09-02,2018-09-03,2,10,52.10208,0.04617,52.09942,52.10438,0.03975,0.05175,40.74,190.6,SNPP,2,8,2
7598,2018-09-02,2018-09-02,1,3,53.11532,-0.78956,53.1144,53.11611,-0.79295,-0.78699,0.41,1.05,SNPP,0,3,1
7599,2018-09-02,2018-09-02,1,2,52.7593,0.1862,52.75859,52.76001,0.18281,0.18958,0.72,1.44,SNPP,0,2,1
7600,2018-09-02,2018-09-02,1,1,54.55846,-0.97606,54.55846,54.55846,-0.97606,-0.97606,3.34,3.34,SNPP,0,1,1
7601,2018-09-02,2018-09-02,1,1,51.3872,-1.22056,51.3872,51.3872,-1.22056,-1.22056,1.94,1.94,SNPP,0,0,1
7602,2018-09-02,2018-09-02,1,1,53.76765,-0.6336,53.76765,53.76765,-0.6336,-0.6336,4.47,4.47,SNPP,0,0,1
7603,2018-09-02,2018-09-02,1,1,54.02208,-0.91921,54.02208,54.02208,-0.91921,-0.91921,1.64,1.64,SNPP,0,0,1
7604,2018-09-02,2018-09-02,1,1,55.05397,-1.50014,55.05397,55.05397,-1.50014,-1.50014,1.95,1.95,SNPP,0,0,1
7605,2018-09-02,2018-09-02,1,1,53.39717,-1.47714,53.39717,53.39717,-1.47714,-1.47714,1.39,1.39,SNPP,0,0,1
7606,2018-09-02,2018-09-03,2,2,53.5637,-1.31572,53.56299,53.56441,-1.31599,-1.31544,6.69,8.16,SNPP,0,1,2
7607,2018-09-03,2018-09-03,1,1,52.89387,1.30391,52.89387,52.89387,1.30391,1.30391,0.64,0.64,SNPP,0,1,1
7608,2018-09-03,2018-09-03,1,1,53.6837,-1.09085,53.6837,53.6837,-1.09085,-1.09085,0.29,0.29,SNPP,0,1,1
7609,2018-09-05,2018-09-05,1,4,51.92354,-0.3962,51.92123,51.92786,-0.39969,-0.39443,12.67,26.79,SNPP,0,3,1
7610,2018-09-05,2018-09-05,1,1,54.36892,-5.50424,54.36892,54.36892,-5.50424,-5.50424,4.66,4.66,SNPP,0,0,1
7611,2018-09-05,2018-09-05,1,1,53.17194,-2.34701,53.17194,53.17194,-2.34701,-2.34701,2.76,2.76,SNPP,0,0,1
7612,2018-09-06,2018-09-06,1,1,51.74609,-0.12818,51.74609,51.74609,-0.12818,-0.12818,3.1,3.1,SNPP,0,0,1
7613,2018-09-07,2018-09-07,1,1,51.35455,-0.47202,51.35455,51.35455,-0.47202,-0.47202,2.79,2.79,SNPP,0,0,1
7614,2018-09-07,2018-09-07,1,1,51.8378,0.857,51.8378,51.8378,0.857,0.857,1.93,1.93,SNPP,0,0,1
7615,2018-09-08,2018-09-08,1,1,55.86593,-3.64659,55.86593,55.86593,-3.64659,-3.64659,0.36,0.36,SNPP,0,1,1
7616,2018-09-12,2018-09-12,1,1,53.57605,-1.03089,53.57605,53.57605,-1.03089,-1.03089,3.3,3.3,SNPP,0,0,1
7617,2018-09-13,2018-09-13,1,3,51.86034,-0.56332,51.85891,51.86161,-0.5646,-0.56262,4.64,9.79,SNPP,0,2,1
7618,2018-09-13,2018-09-13,1,3,51.86619,1.07249,51.86498,51.86686,1.0674,1.07655,6.07,9.59,SNPP,0,3,1
7619,2018-09-13,2018-09-13,1,1,51.90269,-0.32156,51.90269,51.90269,-0.32156,-0.32156,1.77,1.77,SNPP,0,1,1
7620,2018-09-13,2018-09-13,1,2,51.74088,-0.677,51.73957,51.7422,-0.67975,-0.67426,4.37,7.06,SNPP,0,0,1
7621,2018-09-13,2018-09-13,1,1,52.56951,0.95942,52.56951,52.56951,0.95942,0.95942,2.44,2.44,SNPP,0,0,1
7622,2018-09-13,2018-09-13,1,1,53.03563,-0.80591,53.03563,53.03563,-0.80591,-0.80591,3.69,3.69,SNPP,0,0,1
7623,2018-09-14,2018-09-14,1,1,52.96303,-0.54545,52.96303,52.96303,-0.54545,-0.54545,5.87,5.87,SNPP,0,1,1
7624,2018-09-14,2018-09-14,1,3,51.30662,-1.19686,51.30567,51.30772,-1.19911,-1.19361,1.17,3.49,SNPP,0,3,1
7625,2018-09-14,2018-09-14,1,1,52.20423,-2.28152,52.20423,52.20423,-2.28152,-2.28152,0.56,0.56,SNPP,0,1,1
7626,2018-09-14,2018-09-14,1,1,57.6135,-2.16624,57.6135,57.6135,-2.16624,-2.16624,1.54,1.54,SNPP,0,1,1
7627,2018-09-15,2018-09-15,1,1,52.22147,-1.0121,52.22147,52.22147,-1.0121,-1.0121,0.76,0.76,SNPP,0,1,1
7628,2018-09-15,2018-09-15,1,1,51.36417,1.39073,51.36417,51.36417,1.39073,1.39073,3.44,3.44,SNPP,0,0,1
7629,2018-09-16,2018-09-16,1,3,52.46894,-1.38637,52.46643,52.4711,-1.38758,-1.38468,9.29,17.97,SNPP,0,3,1
7630,2018-09-17,2018-09-17,1,1,50.82674,-0.67589,50.82674,50.82674,-0.67589,-0.67589,0.83,0.83,SNPP,0,0,1
7631,2018-09-17,2018-09-17,1,1,50.83031,-2.36578,50.83031,50.83031,-2.36578,-2.36578,2.04,2.04,SNPP,0,0,1
7632,2018-09-17,2018-09-17,1,1,50.8656,-1.8814,50.8656,50.8656,-1.8814,-1.8814,5.7,5.7,SNPP,0,0,1
7633,2018-09-17,2018-09-17,1,2,50.92532,-2.21302,50.92479,50.92585,-2.21476,-2.21127,3.44,6.63,SNPP,0,0,1
7634,2018-09-17,2018-09-17,1,1,50.94967,0.1862,50.94967,50.94967,0.1862,0.1862,1.43,1.43,SNPP,0,0,1
7635,2018-09-17,2018-09-17,1,1,51.08159,-1.15197,51.08159,51.08159,-1.15197,-1.15197,2.06,2.06,SNPP,0,0,1
7636,2018-09-17,2018-09-17,1,2,51.16297,-1.51042,51.1618,51.16414,-1.51386,-1.50698,3.36,6.3,SNPP,0,0,1
7637,2018-09-17,2018-09-17,1,1,51.29473,1.2193,51.29473,51.29473,1.2193,1.2193,4.06,4.06,SNPP,0,0,1
7638,2018-09-17,2018-09-17,1,1,51.76077,-0.16781,51.76077,51.76077,-0.16781,-0.16781,4.82,4.82,SNPP,0,0,1
7639,2018-09-19,2018-09-19,1,1,54.43632,-1.30193,54.43632,54.43632,-1.30193,-1.30193,0.35,0.35,SNPP,0,1,1
7640,2018-09-19,2018-09-19,1,1,55.55599,-2.49929,55.55599,55.55599,-2.49929,-2.49929,0.26,0.26,SNPP,0,1,1
7641,2018-09-19,2018-09-19,1,1,53.68439,-1.09226,53.68439,53.68439,-1.09226,-1.09226,0.29,0.29,SNPP,0,1,1
7642,2018-09-19,2018-09-19,1,1,53.89234,-1.42041,53.89234,53.89234,-1.42041,-1.42041,0.76,0.76,SNPP,0,1,1
7643,2018-09-19,2018-09-19,1,1,52.40173,0.77978,52.40173,52.40173,0.77978,0.77978,46.53,46.53,SNPP,0,0,1
7644,2018-09-19,2018-09-19,1,3,52.47463,0.08509,52.47283,52.47811,0.08169,0.08819,8.39,17.89,SNPP,0,0,1
7645,2018-09-20,2018-09-20,1,2,55.59758,-2.32447,55.59675,55.5984,-2.3249,-2.32404,1.34,2.6,SNPP,0,2,1
7646,2018-09-21,2018-09-21,1,3,51.9217,-0.33156,51.92102,51.92299,-0.33422,-0.32995,10.51,11.81,SNPP,0,2,1
7647,2018-09-21,2018-09-21,1,1,53.60887,-0.72309,53.60887,53.60887,-0.72309,-0.72309,0.86,0.86,SNPP,0,1,1
7648,2018-09-21,2018-09-21,1,1,50.96632,-0.79439,50.96632,50.96632,-0.79439,-0.79439,1.12,1.12,SNPP,0,1,1
7649,2018-09-21,2018-09-21,1,1,51.99815,-0.37526,51.99815,51.99815,-0.37526,-0.37526,1.44,1.44,SNPP,0,1,1
7650,2018-09-21,2018-09-21,1,1,50.30581,-4.01324,50.30581,50.30581,-4.01324,-4.01324,3.47,3.47,SNPP,0,0,1
7651,2018-09-21,2018-09-21,1,1,50.64182,-2.08514,50.64182,50.64182,-2.08514,-2.08514,1.31,1.31,SNPP,0,0,1
7652,2018-09-21,2018-09-21,1,1,51.66314,-0.34333,51.66314,51.66314,-0.34333,-0.34333,5.59,5.59,SNPP,0,0,1
7653,2018-09-24,2018-09-25,2,4,52.05547,0.11771,52.05444,52.0569,0.1165,0.11953,46.17,56.65,SNPP,0,2,2
7654,2018-09-24,2018-09-24,1,1,52.90437,0.7828,52.90437,52.90437,0.7828,0.7828,0.78,0.78,SNPP,0,1,1
7655,2018-09-25,2018-09-25,1,1,53.28552,-0.0948,53.28552,53.28552,-0.0948,-0.0948,1.39,1.39,SNPP,0,1,1
7656,2018-09-25,2018-09-27,2,2,53.36398,0.23138,53.36374,53.36421,0.23077,0.232,1.54,2.56,SNPP,0,2,3
7657,2018-09-25,2018-09-25,1,1,50.7808,-4.27806,50.7808,50.7808,-4.27806,-4.27806,2.88,2.88,SNPP,0,0,1
7658,2018-09-25,2018-09-26,2,4,51.12942,-3.38368,51.12766,51.1312,-3.38583,-3.38256,23.51,46.23,SNPP,0,0,2
7659,2018-09-25,2018-09-25,1,2,52.28975,-1.28074,52.2875,52.292,-1.28244,-1.27903,4.08,8.16,SNPP,0,0,1
7660,2018-09-25,2018-09-25,1,1,51.37458,-2.84643,51.37458,51.37458,-2.84643,-2.84643,1.8,1.8,SNPP,0,0,1
7661,2018-09-25,2018-09-25,1,1,52.73667,0.42675,52.73667,52.73667,0.42675,0.42675,2.31,2.31,SNPP,0,0,1
7662,2018-09-26,2018-09-26,1,1,53.12226,-1.11407,53.12226,53.12226,-1.11407,-1.11407,0.51,0.51,SNPP,0,1,1
7663,2018-09-26,2018-09-26,1,1,52.27071,-0.18015,52.27071,52.27071,-0.18015,-0.18015,1.43,1.43,SNPP,0,1,1
7664,2018-09-26,2018-09-26,1,1,51.32716,-2.9581,51.32716,51.32716,-2.9581,-2.9581,20.89,20.89,SNPP,0,0,1
7665,2018-09-26,2018-09-26,1,1,51.35562,-0.47142,51.35562,51.35562,-0.47142,-0.47142,3.53,3.53,SNPP,0,0,1
7666,2018-09-26,2018-09-26,1,1,53.07653,-0.17264,53.07653,53.07653,-0.17264,-0.17264,6.03,6.03,SNPP,0,0,1
7667,2018-09-27,2018-09-27,1,2,51.49169,0.19378,51.49096,51.49242,0.19366,0.19391,0.9,1.62,SNPP,0,2,1
7668,2018-09-27,2018-09-27,1,1,52.65171,1.28481,52.65171,52.65171,1.28481,1.28481,0.45,0.45,SNPP,0,1,1
7669,2018-09-27,2018-09-27,1,1,50.04107,-5.20643,50.04107,50.04107,-5.20643,-5.20643,2.48,2.48,SNPP,0,0,1
7670,2018-09-27,2018-09-27,1,2,50.30358,-5.14146,50.30193,50.30523,-5.14219,-5.14074,5.01,8.55,SNPP,0,0,1
7671,2018-09-27,2018-09-27,1,1,50.30649,-5.07508,50.30649,50.30649,-5.07508,-5.07508,1.81,1.81,SNPP,0,0,1
7672,2018-09-27,2018-09-27,1,1,50.35887,-4.89845,50.35887,50.35887,-4.89845,-4.89845,3.17,3.17,SNPP,0,0,1
7673,2018-09-27,2018-09-27,1,1,50.3978,-5.08117,50.3978,50.3978,-5.08117,-5.08117,3.71,3.71,SNPP,0,0,1
7674,2018-09-27,2018-09-27,1,2,50.42312,-4.92592,50.42148,50.42477,-4.92663,-4.92521,3.0,6.0,SNPP,0,0,1
7675,2018-09-27,2018-09-27,1,2,50.43044,-5.00604,50.42879,50.4321,-5.00674,-5.00533,3.05,6.1,SNPP,0,0,1
7676,2018-09-27,2018-09-27,1,1,50.44721,-4.23308,50.44721,50.44721,-4.23308,-4.23308,5.73,5.73,SNPP,0,0,1
7677,2018-09-27,2018-09-27,1,1,52.26645,-1.01062,52.26645,52.26645,-1.01062,-1.01062,1.17,1.17,SNPP,0,0,1
7678,2018-09-27,2018-09-27,1,1,52.34292,-2.26968,52.34292,52.34292,-2.26968,-2.26968,1.31,1.31,SNPP,0,0,1
7679,2018-09-27,2018-09-27,1,1,53.09405,0.00704,53.09405,53.09405,0.00704,0.00704,2.2,2.2,SNPP,0,0,1
7680,2018-09-28,2018-09-28,1,1,50.96893,-1.51422,50.96893,50.96893,-1.51422,-1.51422,0.68,0.68,SNPP,0,1,1
7681,2018-09-28,2018-09-28,1,1,51.78644,-0.0252,51.78644,51.78644,-0.0252,-0.0252,1.53,1.53,SNPP,0,0,1
7682,2018-09-29,2018-09-29,1,2,54.61419,-1.19687,54.61372,54.61467,-1.19969,-1.19406,0.79,1.43,SNPP,0,2,1
7683,2018-09-29,2018-09-29,1,1,51.03989,-1.65803,51.03989,51.03989,-1.65803,-1.65803,7.45,7.45,SNPP,0,0,1
7684,2018-09-29,2018-09-29,1,1,51.69132,-0.33731,51.69132,51.69132,-0.33731,-0.33731,6.7,6.7,SNPP,0,0,1
7685,2018-09-29,2018-09-29,1,1,54.49328,-5.53378,54.49328,54.49328,-5.53378,-5.53378,3.21,3.21,SNPP,0,0,1
7686,2018-09-30,2018-10-03,3,6,53.36509,0.2304,53.36316,53.36678,0.22873,0.23161,0.82,4.14,SNPP,0,6,4
7687,2018-09-30,2018-10-01,2,3,51.83887,-0.34639,51.83847,51.83946,-0.34761,-0.34451,4.61,6.41,SNPP,0,3,2
7688,2018-10-01,2018-10-01,1,8,51.26333,-1.31317,51.26178,51.26626,-1.3165,-1.30878,41.03,105.35,SNPP,1,5,1
7689,2018-10-01,2018-10-01,1,1,51.51861,0.34065,51.51861,51.51861,0.34065,0.34065,2.63,2.63,SNPP,0,1,1
7690,2018-10-01,2018-10-01,1,3,52.00826,1.12051,52.00725,52.01019,1.11748,1.12507,10.44,13.8,SNPP,0,3,1
7691,2018-10-01,2018-10-01,1,2,52.17214,-0.14948,52.17157,52.17271,-0.15088,-0.14809,2.55,3.9,SNPP,0,1,1
7692,2018-10-01,2018-10-01,1,1,53.16789,-0.9741,53.16789,53.16789,-0.9741,-0.9741,1.91,1.91,SNPP,0,0,1
7693,2018-10-02,2018-10-02,1,1,54.40301,-1.99353,54.40301,54.40301,-1.99353,-1.99353,4.3,4.3,SNPP,0,0,1
7694,2018-10-02,2018-10-02,1,1,54.55834,-2.02069,54.55834,54.55834,-2.02069,-2.02069,2.37,2.37,SNPP,0,0,1
7695,2018-10-02,2018-10-02,1,1,54.69023,-2.02837,54.69023,54.69023,-2.02837,-2.02837,2.46,2.46,SNPP,0,0,1
7696,2018-10-02,2018-10-02,1,2,54.78538,-2.03652,54.78324,54.78752,-2.03927,-2.03378,24.75,34.55,SNPP,0,0,1
7697,2018-10-02,2018-10-02,1,1,55.58546,-2.5714,55.58546,55.58546,-2.5714,-2.5714,3.35,3.35,SNPP,0,0,1
7698,2018-10-02,2018-10-02,1,5,56.9227,-2.90053,56.91406,56.92792,-2.9058,-2.89572,25.01,52.86,SNPP,0,0,1
7699,2018-10-02,2018-10-02,1,1,57.17012,-2.87231,57.17012,57.17012,-2.87231,-2.87231,2.83,2.83,SNPP,0,0,1
7700,2018-10-03,2018-10-03,1,1,53.25539,0.19499,53.25539,53.25539,0.19499,0.19499,0.89,0.89,SNPP,0,1,1
7701,2018-10-03,2018-10-03,1,2,53.79182,-0.33508,53.78988,53.79375,-0.33645,-0.33372,7.95,9.93,SNPP,0,2,1
7702,2018-10-03,2018-10-03,1,2,50.65878,-2.10147,50.65876,50.65881,-2.10252,-2.10042,22.39,44.56,SNPP,0,0,1
7703,2018-10-04,2018-10-04,1,1,50.67714,-3.77439,50.67714,50.67714,-3.77439,-3.77439,6.63,6.63,SNPP,0,1,1
7704,2018-10-04,2018-10-04,1,1,51.83864,0.64168,51.83864,51.83864,0.64168,0.64168,4.38,4.38,SNPP,0,0,1
7705,2018-10-04,2018-10-04,1,1,51.98077,-1.63973,51.98077,51.98077,-1.63973,-1.63973,2.52,2.52,SNPP,0,0,1
7706,2018-10-04,2018-10-04,1,1,52.39703,-0.05216,52.39703,52.39703,-0.05216,-0.05216,2.02,2.02,SNPP,0,0,1
7707,2018-10-04,2018-10-04,1,1,55.7662,-2.70344,55.7662,55.7662,-2.70344,-2.70344,2.9,2.9,SNPP,0,0,1
7708,2018-10-04,2018-10-04,1,1,55.85782,-2.53214,55.85782,55.85782,-2.53214,-2.53214,10.95,10.95,SNPP,0,0,1
7709,2018-10-04,2018-10-04,1,2,55.8861,-2.61154,55.88476,55.88744,-2.61819,-2.6049,6.4,9.4,SNPP,0,0,1
7710,2018-10-05,2018-10-05,1,1,51.2624,0.99549,51.2624,51.2624,0.99549,0.99549,0.52,0.52,SNPP,0,1,1
7711,2018-10-05,2018-10-05,1,1,50.82853,-1.72507,50.82853,50.82853,-1.72507,-1.72507,1.83,1.83,SNPP,0,0,1
7712,2018-10-05,2018-10-05,1,1,55.83279,-3.40018,55.83279,55.83279,-3.40018,-3.40018,1.53,1.53,SNPP,0,0,1
7713,2018-10-05,2018-10-05,1,2,56.54452,-3.8709,56.54296,56.54608,-3.87094,-3.87085,7.75,13.7,SNPP,0,0,1
7714,2018-10-05,2018-10-05,1,1,57.07746,-3.19454,57.07746,57.07746,-3.19454,-3.19454,1.93,1.93,SNPP,0,0,1
7715,2018-10-05,2018-10-05,1,3,57.10185,-3.31219,57.09986,57.10501,-3.31379,-3.31099,3.28,8.34,SNPP,0,0,1
7716,2018-10-05,2018-10-05,1,1,57.17971,-3.27266,57.17971,57.17971,-3.27266,-3.27266,5.61,5.61,SNPP,0,0,1
7717,2018-10-05,2018-10-05,1,2,57.18862,-3.14855,57.18852,57.18871,-3.15168,-3.14542,4.36,7.47,SNPP,0,0,1
7718,2018-10-06,2018-10-06,1,3,55.77405,-2.49864,55.77216,55.77644,-2.50065,-2.49643,4.08,11.78,SNPP,0,0,1
7719,2018-10-06,2018-10-06,1,3,56.86015,-2.83683,56.85886,56.86217,-2.83788,-2.83556,8.98,19.91,SNPP,0,0,1
7720,2018-10-06,2018-10-06,1,4,56.61238,-3.33446,56.61056,56.61481,-3.33719,-3.32929,12.47,25.13,SNPP,0,0,1
7721,2018-10-06,2018-10-06,1,1,56.79139,-2.99926,56.79139,56.79139,-2.99926,-2.99926,2.68,2.68,SNPP,0,0,1
7722,2018-10-06,2018-10-06,1,3,57.41746,-3.92243,57.4151,57.41925,-3.92379,-3.92089,11.65,21.87,SNPP,0,0,1
7723,2018-10-07,2018-10-07,1,2,52.34774,0.23292,52.34732,52.34816,0.23224,0.23359,1.02,1.81,SNPP,0,2,1
7724,2018-10-07,2018-10-07,1,1,51.53847,-2.28845,51.53847,51.53847,-2.28845,-2.28845,1.15,1.15,SNPP,0,1,1
7725,2018-10-07,2018-10-07,1,1,52.85771,-1.94475,52.85771,52.85771,-1.94475,-1.94475,0.38,0.38,SNPP,0,1,1
7726,2018-10-08,2018-10-08,1,1,51.21031,-0.32232,51.21031,51.21031,-0.32232,-0.32232,1.7,1.7,SNPP,0,1,1
7727,2018-10-08,2018-10-08,1,1,52.84882,0.06814,52.84882,52.84882,0.06814,0.06814,1.74,1.74,SNPP,0,0,1
7728,2018-10-09,2018-10-09,1,1,50.95954,-1.81021,50.95954,50.95954,-1.81021,-1.81021,2.52,2.52,SNPP,0,0,1
7729,2018-10-09,2018-10-09,1,1,52.61615,-2.74652,52.61615,52.61615,-2.74652,-2.74652,1.49,1.49,SNPP,0,0,1
7730,2018-10-09,2018-10-10,2,2,53.735,-1.54716,53.73471,53.73528,-1.54776,-1.54655,2.85,3.48,SNPP,0,1,2
7731,2018-10-09,2018-10-09,1,2,54.3587,-1.93015,54.3586,54.35881,-1.93042,-1.92988,6.09,9.67,SNPP,0,0,1
7732,2018-10-10,2018-10-10,1,2,52.69615,0.94526,52.69563,52.69667,0.94258,0.94794,3.2,5.93,SNPP,0,2,1
7733,2018-10-10,2018-10-10,1,1,53.36385,0.22942,53.36385,53.36385,0.22942,0.22942,0.6,0.6,SNPP,0,1,1
7734,2018-10-10,2018-10-10,1,2,52.04419,0.28413,52.04406,52.04432,0.28393,0.28433,3.33,5.76,SNPP,0,0,1
7735,2018-10-10,2018-10-10,1,1,53.20577,-2.01917,53.20577,53.20577,-2.01917,-2.01917,5.05,5.05,SNPP,0,0,1
7736,2018-10-10,2018-10-10,1,1,54.32658,-2.02676,54.32658,54.32658,-2.02676,-2.02676,3.11,3.11,SNPP,0,0,1
7737,2018-10-10,2018-10-10,1,1,54.49889,-2.04862,54.49889,54.49889,-2.04862,-2.04862,7.07,7.07,SNPP,0,0,1
7738,2018-10-10,2018-10-10,1,1,54.51826,-7.40855,54.51826,54.51826,-7.40855,-7.40855,3.17,3.17,SNPP,0,0,1
7739,2018-10-10,2018-10-10,1,1,54.76662,-2.01243,54.76662,54.76662,-2.01243,-2.01243,5.36,5.36,SNPP,0,0,1
7740,2018-10-10,2018-10-10,1,1,55.50303,-2.1173,55.50303,55.50303,-2.1173,-2.1173,5.64,5.64,SNPP,0,0,1
7741,2018-10-10,2018-10-10,1,3,55.81384,-2.73434,55.81123,55.81659,-2.73698,-2.73234,14.88,26.72,SNPP,2,0,1
7742,2018-10-10,2018-10-10,1,1,57.23798,-3.00171,57.23798,57.23798,-3.00171,-3.00171,128.11,128.11,SNPP,0,0,1
7743,2018-10-10,2018-10-10,1,1,57.40842,-3.04634,57.40842,57.40842,-3.04634,-3.04634,7.08,7.08,SNPP,0,0,1
7744,2018-10-10,2018-10-10,1,1,58.01788,-3.92493,58.01788,58.01788,-3.92493,-3.92493,5.38,5.38,SNPP,0,0,1
7745,2018-10-10,2018-10-10,1,1,50.50877,-3.8609,50.50877,50.50877,-3.8609,-3.8609,2.23,2.23,SNPP,0,0,1
7746,2018-10-10,2018-10-10,1,1,53.98346,-1.77946,53.98346,53.98346,-1.77946,-1.77946,2.81,2.81,SNPP,0,0,1
7747,2018-10-10,2018-10-10,1,1,54.34503,-1.9052,54.34503,54.34503,-1.9052,-1.9052,2.6,2.6,SNPP,0,0,1
7748,2018-10-10,2018-10-10,1,1,54.61545,-1.93566,54.61545,54.61545,-1.93566,-1.93566,3.67,3.67,SNPP,0,0,1
7749,2018-10-10,2018-10-10,1,1,55.4839,-2.06416,55.4839,55.4839,-2.06416,-2.06416,13.01,13.01,SNPP,1,0,1
7750,2018-10-10,2018-10-10,1,1,57.30881,-3.5161,57.30881,57.30881,-3.5161,-3.5161,1.5,1.5,SNPP,0,0,1
7751,2018-10-13,2018-10-13,1,1,51.53348,-1.24248,51.53348,51.53348,-1.24248,-1.24248,3.32,3.32,SNPP,0,0,1
7752,2018-10-15,2018-10-15,1,2,57.307,-3.93233,57.30661,57.3074,-3.93437,-3.93029,4.46,7.57,SNPP,0,0,1
7753,2018-10-16,2018-10-16,1,1,51.35439,-0.47489,51.35439,51.35439,-0.47489,-0.47489,3.04,3.04,SNPP,0,0,1
7754,2018-10-17,2018-10-17,1,3,58.0199,-3.92474,58.01873,58.02097,-3.92621,-3.92374,7.9,19.63,SNPP,0,0,1
7755,2018-10-17,2018-10-17,1,1,56.834,-2.78604,56.834,56.834,-2.78604,-2.78604,3.85,3.85,SNPP,0,0,1
7756,2018-10-17,2018-10-17,1,4,57.08843,-3.2347,57.08043,57.09263,-3.24051,-3.23119,6.47,22.78,SNPP,0,0,1
7757,2018-10-17,2018-10-17,1,1,57.18404,-2.89229,57.18404,57.18404,-2.89229,-2.89229,3.73,3.73,SNPP,0,0,1
7758,2018-10-17,2018-10-17,1,1,57.40616,-3.04227,57.40616,57.40616,-3.04227,-3.04227,7.49,7.49,SNPP,0,0,1
7759,2018-10-18,2018-10-18,1,4,55.94566,-2.91538,55.94496,55.94707,-2.91891,-2.91134,1.92,7.66,SNPP,0,4,1
7760,2018-10-18,2018-10-19,2,10,53.46211,-0.01071,53.45825,53.46468,-0.01479,-0.00639,7.28,45.7,SNPP,1,8,2
7761,2018-10-18,2018-10-18,1,2,54.81521,-1.8487,54.81444,54.81598,-1.84911,-1.8483,2.78,4.16,SNPP,0,2,1
7762,2018-10-18,2018-10-18,1,1,53.21691,-1.63476,53.21691,53.21691,-1.63476,-1.63476,2.62,2.62,SNPP,0,0,1
7763,2018-10-18,2018-10-18,1,2,54.49184,-0.86522,54.49022,54.49345,-0.86624,-0.86419,3.57,6.94,SNPP,0,0,1
7764,2018-10-18,2018-10-18,1,1,54.37484,-0.72292,54.37484,54.37484,-0.72292,-0.72292,2.7,2.7,SNPP,0,0,1
7765,2018-10-18,2018-10-18,1,1,54.40708,-0.76997,54.40708,54.40708,-0.76997,-0.76997,3.77,3.77,SNPP,0,0,1
7766,2018-10-18,2018-10-18,1,1,54.50595,-1.05325,54.50595,54.50595,-1.05325,-1.05325,3.4,3.4,SNPP,0,0,1
7767,2018-10-18,2018-10-18,1,1,55.50298,-2.10907,55.50298,55.50298,-2.10907,-2.10907,3.6,3.6,SNPP,0,0,1
7768,2018-10-19,2018-10-19,1,3,54.48662,-0.83292,54.48563,54.48713,-0.83374,-0.83237,4.7,11.24,SNPP,0,0,1
7769,2018-10-19,2018-10-19,1,1,51.11508,-0.87288,51.11508,51.11508,-0.87288,-0.87288,2.37,2.37,SNPP,0,0,1
7770,2018-10-19,2018-10-19,1,1,53.43274,-1.65643,53.43274,53.43274,-1.65643,-1.65643,3.13,3.13,SNPP,0,0,1
7771,2018-10-19,2018-10-19,1,1,54.08207,-1.90177,54.08207,54.08207,-1.90177,-1.90177,1.64,1.64,SNPP,0,0,1
7772,2018-10-19,2018-10-19,1,1,54.11601,-1.7317,54.11601,54.11601,-1.7317,-1.7317,2.72,2.72,SNPP,0,0,1
7773,2018-10-19,2018-10-19,1,1,54.44955,-0.8297,54.44955,54.44955,-0.8297,-0.8297,4.96,4.96,SNPP,0,0,1
7774,2018-10-19,2018-10-19,1,1,54.51957,-0.98079,54.51957,54.51957,-0.98079,-0.98079,1.72,1.72,SNPP,0,0,1
7775,2018-10-19,2018-10-19,1,1,54.68571,-1.95531,54.68571,54.68571,-1.95531,-1.95531,2.85,2.85,SNPP,0,0,1
7776,2018-10-20,2018-10-20,1,1,51.61442,0.392,51.61442,51.61442,0.392,0.392,3.35,3.35,SNPP,0,0,1
7777,2018-10-20,2018-10-20,1,1,54.24759,-1.7648,54.24759,54.24759,-1.7648,-1.7648,2.1,2.1,SNPP,0,0,1
7778,2018-10-20,2018-10-22,2,2,54.3486,-1.90859,54.34391,54.3533,-1.91494,-1.90224,16.05,20.03,SNPP,0,0,3
7779,2018-10-20,2018-10-20,1,1,54.39434,-1.96455,54.39434,54.39434,-1.96455,-1.96455,3.02,3.02,SNPP,0,0,1
7780,2018-10-20,2018-10-20,1,1,56.93129,-2.78509,56.93129,56.93129,-2.78509,-2.78509,3.38,3.38,SNPP,0,0,1
7781,2018-10-20,2018-10-20,1,4,56.95836,-2.82927,56.95598,56.96074,-2.83377,-2.82476,50.78,134.02,SNPP,0,0,1
7782,2018-10-21,2018-10-21,1,1,52.34118,-1.36609,52.34118,52.34118,-1.36609,-1.36609,1.35,1.35,SNPP,0,1,1
7783,2018-10-21,2018-10-21,1,1,53.36453,0.2284,53.36453,53.36453,0.2284,0.2284,0.56,0.56,SNPP,0,1,1
7784,2018-10-22,2018-10-22,1,1,53.20686,-3.01458,53.20686,53.20686,-3.01458,-3.01458,1.19,1.19,SNPP,0,1,1
7785,2018-10-22,2018-10-22,1,1,54.5713,-1.08312,54.5713,54.5713,-1.08312,-1.08312,1.04,1.04,SNPP,0,1,1
7786,2018-10-22,2018-10-22,1,1,51.35465,-0.4744,51.35465,51.35465,-0.4744,-0.4744,2.59,2.59,SNPP,0,0,1
7787,2018-10-22,2018-10-22,1,1,54.45342,-1.92852,54.45342,54.45342,-1.92852,-1.92852,7.81,7.81,SNPP,0,0,1
7788,2018-10-22,2018-10-22,1,1,54.48732,-2.02323,54.48732,54.48732,-2.02323,-2.02323,3.61,3.61,SNPP,0,0,1
7789,2018-10-22,2018-10-22,1,1,54.69164,-1.92824,54.69164,54.69164,-1.92824,-1.92824,7.71,7.71,SNPP,0,0,1
7790,2018-10-22,2018-10-22,1,2,57.17955,-2.89698,57.17931,57.17979,-2.90064,-2.89331,8.13,16.26,SNPP,0,0,1
7791,2018-10-23,2018-10-23,1,2,56.80274,-2.83778,56.80227,56.80321,-2.83815,-2.83742,2.35,4.62,SNPP,0,0,1
7792,2018-10-23,2018-10-23,1,1,52.03485,-0.9499,52.03485,52.03485,-0.9499,-0.9499,3.08,3.08,SNPP,0,0,1
7793,2018-10-23,2018-10-23,1,2,56.8404,-2.81729,56.83857,56.84224,-2.81792,-2.81666,17.05,34.1,SNPP,0,0,1
7794,2018-10-23,2018-10-23,1,2,57.17134,-3.18406,57.17064,57.17204,-3.18444,-3.18369,9.64,18.94,SNPP,0,0,1
7795,2018-10-24,2018-10-24,1,1,52.38971,0.42642,52.38971,52.38971,0.42642,0.42642,3.98,3.98,SNPP,0,1,1
7796,2018-10-24,2018-10-24,1,1,50.58738,-3.74352,50.58738,50.58738,-3.74352,-3.74352,3.71,3.71,SNPP,0,0,1
7797,2018-10-24,2018-10-24,1,1,54.31912,-1.19041,54.31912,54.31912,-1.19041,-1.19041,11.36,11.36,SNPP,0,0,1
7798,2018-10-24,2018-10-24,1,1,54.46832,-1.90403,54.46832,54.46832,-1.90403,-1.90403,2.2,2.2,SNPP,0,0,1
7799,2018-10-25,2018-10-25,1,1,51.50607,0.44593,51.50607,51.50607,0.44593,0.44593,0.95,0.95,SNPP,0,1,1
7800,2018-10-25,2018-10-25,1,1,51.35559,-0.47139,51.35559,51.35559,-0.47139,-0.47139,1.39,1.39,SNPP,0,0,1
7801,2018-10-25,2018-10-25,1,1,51.95363,0.25677,51.95363,51.95363,0.25677,0.25677,2.05,2.05,SNPP,0,0,1
7802,2018-10-26,2018-10-26,1,1,53.35489,-1.7129,53.35489,53.35489,-1.7129,-1.7129,1.99,1.99,SNPP,0,0,1
7803,2018-10-26,2018-10-26,1,1,54.3554,-1.92018,54.3554,54.3554,-1.92018,-1.92018,2.9,2.9,SNPP,0,0,1
7804,2018-10-27,2018-10-27,1,1,53.10869,-2.59898,53.10869,53.10869,-2.59898,-2.59898,0.87,0.87,SNPP,0,1,1
7805,2018-10-27,2018-10-27,1,1,51.48389,-0.86588,51.48389,51.48389,-0.86588,-0.86588,0.56,0.56,SNPP,0,1,1
7806,2018-10-27,2018-10-27,1,2,52.03443,-2.68245,52.03292,52.03594,-2.68272,-2.68218,1.4,2.43,SNPP,0,2,1
7807,2018-10-27,2018-10-27,1,1,51.6092,0.25824,51.6092,51.6092,0.25824,0.25824,3.38,3.38,SNPP,0,0,1
7808,2018-10-27,2018-10-27,1,1,54.48864,-2.10831,54.48864,54.48864,-2.10831,-2.10831,2.73,2.73,SNPP,0,0,1
7809,2018-10-27,2018-10-27,1,1,55.28352,-3.71559,55.28352,55.28352,-3.71559,-3.71559,5.58,5.58,SNPP,0,0,1
7810,2018-10-27,2018-10-27,1,2,55.73078,-3.48275,55.72998,55.73158,-3.48307,-3.48243,8.14,10.58,SNPP,0,0,1
7811,2018-10-28,2018-10-28,1,1,52.33819,-1.8214,52.33819,52.33819,-1.8214,-1.8214,0.75,0.75,SNPP,0,1,1
7812,2018-10-28,2018-10-28,1,1,56.69757,-2.62859,56.69757,56.69757,-2.62859,-2.62859,2.43,2.43,SNPP,0,0,1
7813,2018-10-28,2018-10-29,2,3,57.31831,-3.58234,57.31585,57.31981,-3.58599,-3.57961,4.42,9.9,SNPP,0,1,2
7814,2018-10-28,2018-10-28,1,1,50.42365,-4.77317,50.42365,50.42365,-4.77317,-4.77317,4.79,4.79,SNPP,0,0,1
7815,2018-10-28,2018-10-28,1,1,56.41471,-3.86646,56.41471,56.41471,-3.86646,-3.86646,3.56,3.56,SNPP,0,0,1
7816,2018-10-28,2018-10-28,1,1,56.45267,-4.14217,56.45267,56.45267,-4.14217,-4.14217,3.2,3.2,SNPP,0,0,1
7817,2018-10-29,2018-10-29,1,1,54.33585,-2.00169,54.33585,54.33585,-2.00169,-2.00169,3.86,3.86,SNPP,0,0,1
7818,2018-10-29,2018-10-29,1,1,54.36909,-1.9627,54.36909,54.36909,-1.9627,-1.9627,1.39,1.39,SNPP,0,0,1
7819,2018-10-31,2018-10-31,1,1,53.08363,-0.19473,53.08363,53.08363,-0.19473,-0.19473,2.67,2.67,SNPP,0,0,1
7820,2018-10-31,2018-10-31,1,1,54.07157,-0.46878,54.07157,54.07157,-0.46878,-0.46878,2.3,2.3,SNPP,0,0,1
7821,2018-11-01,2018-11-01,1,1,54.35884,-7.63589,54.35884,54.35884,-7.63589,-7.63589,0.75,0.75,SNPP,0,1,1
7822,2018-11-01,2018-11-01,1,1,54.52066,-6.76407,54.52066,54.52066,-6.76407,-6.76407,1.02,1.02,SNPP,0,1,1
7823,2018-11-02,2018-11-02,1,1,54.00693,-1.83823,54.00693,54.00693,-1.83823,-1.83823,2.47,2.47,SNPP,0,0,1
7824,2018-11-02,2018-11-02,1,1,55.54708,-2.79377,55.54708,55.54708,-2.79377,-2.79377,2.03,2.03,SNPP,0,0,1
7825,2018-11-02,2018-11-02,1,1,56.73363,-3.32495,56.73363,56.73363,-3.32495,-3.32495,1.7,1.7,SNPP,0,0,1
7826,2018-11-02,2018-11-02,1,1,57.59177,-4.47962,57.59177,57.59177,-4.47962,-4.47962,2.03,2.03,SNPP,0,0,1
7827,2018-11-02,2018-11-02,1,1,54.02882,-1.8111,54.02882,54.02882,-1.8111,-1.8111,1.9,1.9,SNPP,0,0,1
7828,2018-11-02,2018-11-02,1,1,54.10158,-3.18216,54.10158,54.10158,-3.18216,-3.18216,2.88,2.88,SNPP,0,0,1
7829,2018-11-03,2018-11-03,1,2,51.37951,-0.38094,51.37906,51.37996,-0.38253,-0.37935,1.74,2.77,SNPP,0,2,1
7830,2018-11-03,2018-11-03,1,1,53.07167,-1.35088,53.07167,53.07167,-1.35088,-1.35088,0.21,0.21,SNPP,0,1,1
7831,2018-11-03,2018-11-03,1,1,51.55802,-0.53872,51.55802,51.55802,-0.53872,-0.53872,0.75,0.75,SNPP,0,1,1
7832,2018-11-03,2018-11-03,1,1,51.60918,0.25775,51.60918,51.60918,0.25775,0.25775,3.82,3.82,SNPP,0,0,1
7833,2018-11-03,2018-11-03,1,1,51.61311,-0.52684,51.61311,51.61311,-0.52684,-0.52684,4.03,4.03,SNPP,0,0,1
7834,2018-11-04,2018-11-04,1,1,51.11168,0.92819,51.11168,51.11168,0.92819,0.92819,0.75,0.75,SNPP,0,1,1
7835,2018-11-04,2018-11-04,1,1,51.1523,0.6923,51.1523,51.1523,0.6923,0.6923,0.74,0.74,SNPP,0,1,1
7836,2018-11-04,2018-11-06,3,4,51.2521,-0.03548,51.25071,51.25326,-0.03765,-0.03232,2.15,5.33,SNPP,0,4,3
7837,2018-11-04,2018-11-04,1,1,51.30498,1.07069,51.30498,51.30498,1.07069,1.07069,0.28,0.28,SNPP,0,1,1
7838,2018-11-04,2018-11-04,1,1,51.65395,0.12277,51.65395,51.65395,0.12277,0.12277,0.91,0.91,SNPP,0,1,1
7839,2018-11-04,2018-11-04,1,2,52.51052,1.70655,52.51025,52.51079,1.70435,1.70875,2.38,3.76,SNPP,0,2,1
7840,2018-11-04,2018-11-04,1,2,52.6388,1.51695,52.63804,52.63955,1.51395,1.51996,1.65,2.62,SNPP,0,2,1
7841,2018-11-04,2018-11-04,1,1,52.94278,-0.66726,52.94278,52.94278,-0.66726,-0.66726,0.76,0.76,SNPP,0,1,1
7842,2018-11-04,2018-11-04,1,2,53.01274,-0.38788,53.01258,53.01291,-0.38843,-0.38733,0.75,1.16,SNPP,0,2,1
7843,2018-11-04,2018-11-04,1,1,53.73882,-2.51797,53.73882,53.73882,-2.51797,-2.51797,0.5,0.5,SNPP,0,1,1
7844,2018-11-04,2018-11-04,1,1,53.79041,-2.82015,53.79041,53.79041,-2.82015,-2.82015,1.14,1.14,SNPP,0,1,1
7845,2018-11-04,2018-11-04,1,1,55.64463,-4.47379,55.64463,55.64463,-4.47379,-4.47379,1.5,1.5,SNPP,0,1,1
7846,2018-11-04,2018-11-04,1,1,51.43773,0.44458,51.43773,51.43773,0.44458,0.44458,0.92,0.92,SNPP,0,1,1
7847,2018-11-06,2018-11-06,1,1,50.84322,-1.91044,50.84322,50.84322,-1.91044,-1.91044,0.8,0.8,SNPP,0,1,1
7848,2018-11-06,2018-11-06,1,2,50.872,0.01794,50.86612,50.87787,0.01459,0.02128,1.0,1.27,SNPP,0,2,1
7849,2018-11-06,2018-11-06,1,1,50.88173,-0.00746,50.88173,50.88173,-0.00746,-0.00746,0.61,0.61,SNPP,0,1,1
7850,2018-11-06,2018-11-06,1,1,51.6201,0.21271,51.6201,51.6201,0.21271,0.21271,0.28,0.28,SNPP,0,1,1
7851,2018-11-06,2018-11-06,1,1,52.08833,-0.45052,52.08833,52.08833,-0.45052,-0.45052,0.66,0.66,SNPP,0,1,1
7852,2018-11-06,2018-11-06,1,1,52.96482,-1.16003,52.96482,52.96482,-1.16003,-1.16003,0.62,0.62,SNPP,0,1,1
7853,2018-11-06,2018-11-06,1,1,55.73582,-2.40004,55.73582,55.73582,-2.40004,-2.40004,9.16,9.16,SNPP,0,0,1
7854,2018-11-08,2018-11-08,1,2,52.36056,-1.35895,52.35927,52.36185,-1.35901,-1.35889,2.88,3.86,SNPP,0,2,1
7855,2018-11-08,2018-11-08,1,5,51.15185,0.74916,51.14884,51.15417,0.74666,0.75184,6.77,22.06,SNPP,0,4,1
7856,2018-11-08,2018-11-08,1,1,52.85858,-1.93665,52.85858,52.85858,-1.93665,-1.93665,1.52,1.52,SNPP,0,1,1
7857,2018-11-10,2018-11-11,2,3,52.98879,-2.36276,52.98686,52.99255,-2.36598,-2.35692,2.5,5.37,SNPP,0,3,2
7858,2018-11-11,2018-11-11,1,1,51.86577,-2.09481,51.86577,51.86577,-2.09481,-2.09481,1.14,1.14,SNPP,0,1,1
7859,2018-11-11,2018-11-11,1,1,52.02316,-2.43937,52.02316,52.02316,-2.43937,-2.43937,0.55,0.55,SNPP,0,1,1
7860,2018-11-11,2018-11-11,1,1,52.36594,-1.81112,52.36594,52.36594,-1.81112,-1.81112,0.53,0.53,SNPP,0,1,1
7861,2018-11-11,2018-11-11,1,1,52.72329,-2.4393,52.72329,52.72329,-2.4393,-2.4393,0.39,0.39,SNPP,0,1,1
7862,2018-11-11,2018-11-11,1,1,53.04354,-2.33377,53.04354,53.04354,-2.33377,-2.33377,0.55,0.55,SNPP,0,1,1
7863,2018-11-12,2018-11-12,1,1,50.98738,-3.80447,50.98738,50.98738,-3.80447,-3.80447,1.02,1.02,SNPP,0,1,1
7864,2018-11-13,2018-11-13,1,1,52.51388,-0.15228,52.51388,52.51388,-0.15228,-0.15228,1.27,1.27,SNPP,0,1,1
7865,2018-11-13,2018-11-13,1,1,50.8602,-0.01337,50.8602,50.8602,-0.01337,-0.01337,1.67,1.67,SNPP,0,0,1
7866,2018-11-15,2018-11-15,1,5,53.53291,-2.43659,53.52937,53.53576,-2.44144,-2.43248,11.47,52.84,SNPP,1,5,1
7867,2018-11-15,2018-11-15,1,1,52.64748,-1.51727,52.64748,52.64748,-1.51727,-1.51727,2.36,2.36,SNPP,0,0,1
7868,2018-11-15,2018-11-15,1,1,53.88736,-1.82847,53.88736,53.88736,-1.82847,-1.82847,3.99,3.99,SNPP,0,0,1
7869,2018-11-15,2018-11-15,1,1,53.90044,-1.8348,53.90044,53.90044,-1.8348,-1.8348,1.98,1.98,SNPP,0,0,1
7870,2018-11-16,2018-11-16,1,1,57.28771,-3.53735,57.28771,57.28771,-3.53735,-3.53735,5.89,5.89,SNPP,0,0,1
7871,2018-11-17,2018-11-17,1,1,52.3642,0.36239,52.3642,52.3642,0.36239,0.36239,3.72,3.72,SNPP,0,0,1
7872,2018-11-17,2018-11-17,1,1,53.48441,-2.43443,53.48441,53.48441,-2.43443,-2.43443,8.74,8.74,SNPP,0,0,1
7873,2018-11-17,2018-11-17,1,1,58.21637,-5.20733,58.21637,58.21637,-5.20733,-5.20733,6.07,6.07,SNPP,0,0,1
7874,2018-11-18,2018-11-18,1,1,57.12001,-2.27853,57.12001,57.12001,-2.27853,-2.27853,1.6,1.6,SNPP,0,1,1
7875,2018-11-18,2018-11-18,1,1,51.27924,-0.40492,51.27924,51.27924,-0.40492,-0.40492,0.57,0.57,SNPP,0,1,1
7876,2018-11-18,2018-11-18,1,2,52.65522,0.2456,52.65376,52.65668,0.24511,0.2461,2.68,3.62,SNPP,0,2,1
7877,2018-11-19,2018-11-19,1,1,50.66428,-2.07412,50.66428,50.66428,-2.07412,-2.07412,39.85,39.85,SNPP,0,0,1
7878,2018-11-21,2018-11-21,1,1,50.57057,-4.29964,50.57057,50.57057,-4.29964,-4.29964,3.06,3.06,SNPP,0,0,1
7879,2018-11-26,2018-11-26,1,1,51.67436,-0.66013,51.67436,51.67436,-0.66013,-0.66013,2.91,2.91,SNPP,0,0,1
7880,2018-11-30,2018-11-30,1,1,51.66247,-0.35338,51.66247,51.66247,-0.35338,-0.35338,2.69,2.69,SNPP,0,0,1
7881,2018-12-03,2018-12-03,1,1,51.31626,1.11778,51.31626,51.31626,1.11778,1.11778,0.35,0.35,SNPP,0,1,1
7882,2018-12-03,2018-12-03,1,1,51.60276,0.37837,51.60276,51.60276,0.37837,0.37837,0.84,0.84,SNPP,0,1,1
7883,2018-12-06,2018-12-06,1,2,51.53049,-1.27728,51.53042,51.53056,-1.28029,-1.27428,1.06,2.12,SNPP,0,2,1
7884,2018-12-09,2018-12-09,1,1,52.56335,0.85577,52.56335,52.56335,0.85577,0.85577,1.32,1.32,SNPP,0,1,1
7885,2018-12-11,2018-12-11,1,2,52.33721,-0.04064,52.33691,52.33751,-0.04376,-0.03752,4.43,7.82,SNPP,0,2,1
7886,2018-12-12,2018-12-12,1,1,54.38121,-0.87921,54.38121,54.38121,-0.87921,-0.87921,3.68,3.68,SNPP,0,0,1
7887,2018-12-13,2018-12-13,1,1,54.37295,-1.09209,54.37295,54.37295,-1.09209,-1.09209,2.9,2.9,SNPP,0,0,1
7888,2018-12-14,2018-12-14,1,2,52.71896,-3.97182,52.71866,52.71925,-3.97219,-3.97146,1.93,2.95,SNPP,0,2,1
7889,2018-12-14,2018-12-14,1,1,57.42915,-3.84955,57.42915,57.42915,-3.84955,-3.84955,4.94,4.94,SNPP,0,0,1
7890,2018-12-14,2018-12-14,1,1,57.42137,-4.03754,57.42137,57.42137,-4.03754,-4.03754,4.63,4.63,SNPP,0,0,1
7891,2018-12-14,2018-12-14,1,1,57.46729,-3.86968,57.46729,57.46729,-3.86968,-3.86968,13.39,13.39,SNPP,0,0,1
7892,2018-12-19,2018-12-19,1,1,51.5056,0.44921,51.5056,51.5056,0.44921,0.44921,0.49,0.49,SNPP,0,1,1
7893,2018-12-19,2018-12-19,1,1,52.85579,-2.93105,52.85579,52.85579,-2.93105,-2.93105,1.44,1.44,SNPP,0,1,1
7894,2018-12-22,2018-12-22,1,1,51.50803,0.44729,51.50803,51.50803,0.44729,0.44729,0.41,0.41,SNPP,0,1,1
7895,2018-12-27,2018-12-27,1,1,57.40178,-3.85162,57.40178,57.40178,-3.85162,-3.85162,4.55,4.55,SNPP,0,0,1
7896,2019-01-01,2019-01-01,1,1,55.62651,-3.52184,55.62651,55.62651,-3.52184,-3.52184,1.02,1.02,SNPP,0,1,1
7897,2019-01-01,2019-01-01,1,1,52.59349,-2.08603,52.59349,52.59349,-2.08603,-2.08603,3.08,3.08,SNPP,0,1,1
7898,2019-01-01,2019-01-01,1,1,54.35503,-1.90151,54.35503,54.35503,-1.90151,-1.90151,2.25,2.25,SNPP,0,0,1
7899,2019-01-01,2019-01-01,1,1,54.35925,-0.77912,54.35925,54.35925,-0.77912,-0.77912,4.73,4.73,SNPP,0,0,1
7900,2019-01-01,2019-01-01,1,1,54.3709,-0.74228,54.3709,54.3709,-0.74228,-0.74228,3.15,3.15,SNPP,0,0,1
